trade_date,Open,High,Low,Close,mr,mr_trend,mr_diff1,mr_diff3,mr_diff7,mr_rate,mr_rate_trend,rsi,rsi_trend,rsi_diff1,rsi_diff3,rsi_diff7,rsi_rate_trend,mr_mark,mr_mark_up,mr_mark_down,real_mr_mark,mr_mark_rate,close_ma,close_rate
20150907,3347.293,3422.225,3240.243,3250.485,-286.73,-1,-53.16,-47.69,379.04,-0.79,-1,-39.0,1,4.0,12.0,54.0,1,47.0,0.0,-47.0,-47.0,-0.87,3630.03,-2.88
20150908,3221.789,3340.219,3170.807,3334.023,-181.42,1,105.31,64.84,452.84,0.39,1,-37.0,0,2.0,12.0,58.0,0,22.0,0.0,-22.0,-22.0,0.61,3601.38,-2.03
20150909,3344.824,3426.651,3330.29,3399.305,-101.02,1,80.4,132.55,336.68,1.19,1,-36.0,0,1.0,7.0,19.0,0,11.0,0.0,-11.0,-11.0,1.34,3567.13,-1.27
20150910,3349.281,3398.316,3337.311,3357.561,-128.7,0,-27.68,158.03,138.49,0.79,0,-35.0,0,1.0,4.0,15.0,0,1013.0,1.0,-13.0,-12.0,1.38,3531.67,-1.32
20150911,3349.877,3383.134,3315.478,3347.188,-123.92,0,4.78,57.5,115.12,0.76,0,-33.0,0,2.0,4.0,18.0,0,1012.0,1.0,-12.0,-11.0,1.5,3498.23,-1.15
20150914,3367.642,3373.921,3187.566,3281.132,-180.15,-1,-56.23,-79.13,66.11,0.1,-1,-36.0,0,-3.0,0.0,13.0,0,2023.0,2.0,-23.0,-21.0,1.04,3458.51,-1.35
20150915,3208.744,3240.079,3131.98,3152.232,-269.75,-1,-89.6,-141.05,-36.18,-0.84,-1,-38.0,0,-2.0,-3.0,5.0,0,48.0,0.0,-48.0,-48.0,-0.33,3412.44,-1.97
20150916,3149.158,3345.918,3131.37,3309.248,-104.8,1,164.95,19.12,181.93,0.96,1,-34.0,0,4.0,-1.0,5.0,0,1013.0,1.0,-13.0,-12.0,1.82,3374.01,-0.49
20150917,3287.657,3354.905,3236.999,3236.999,-141.5,0,-36.7,38.65,39.92,0.49,0,-28.0,1,6.0,8.0,9.0,1,1017.0,1.0,-17.0,-16.0,1.6,3344.59,-0.82
20150918,3254.443,3280.877,3227.834,3251.273,-113.66,0,27.84,156.09,-12.64,0.73,0,-27.0,0,1.0,11.0,9.0,0,2014.0,2.0,-14.0,-12.0,1.84,3312.85,-0.47
20150921,3222.603,3312.55,3211.934,3308.247,-48.23,1,65.43,56.57,80.47,1.35,1,-27.0,0,0.0,7.0,8.0,0,5002.0,5.0,-2.0,3.0,2.61,3290.19,0.14
20150922,3312.366,3371.414,3303.184,3339.03,-21.02,1,27.21,120.48,102.9,1.5,1,-24.0,0,3.0,4.0,9.0,0,1000.0,1.0,-0.0,1.0,2.34,3277.66,0.47
20150923,3290.071,3315.935,3253.333,3263.028,-80.85,0,-59.83,32.81,99.3,0.73,0,-20.0,1,4.0,7.0,16.0,1,1003.0,1.0,-3.0,-2.0,1.89,3277.04,-0.11
20150924,3278.896,3300.857,3255.902,3284.999,-48.76,0,32.09,-0.53,220.99,1.0,0,-15.0,1,5.0,12.0,23.0,1,2000.0,2.0,-0.0,2.0,1.77,3289.14,-0.03
20150925,3272.665,3290.858,3201.914,3231.951,-102.49,-1,-53.73,-81.47,2.31,0.34,-1,-9.0,1,6.0,15.0,25.0,1,5.0,0.0,-5.0,-5.0,1.07,3299.45,-0.51
20150928,3226.607,3246.554,3186.507,3242.752,-77.91,0,24.58,2.94,63.59,0.57,0,-9.0,0,0.0,11.0,19.0,0,3.0,0.0,-3.0,-3.0,0.94,3301.31,-0.44
20150929,3197.221,3208.417,3159.042,3178.854,-123.39,-1,-45.48,-74.63,-9.73,0.04,-1,-7.0,0,2.0,8.0,20.0,0,9.0,0.0,-9.0,-9.0,0.49,3293.14,-0.87
20150930,3195.901,3223.908,3186.767,3202.948,-89.81,0,33.58,12.68,-41.58,0.38,0,-5.0,0,2.0,4.0,22.0,0,1001.0,1.0,-1.0,0.0,0.88,3284.96,-0.62
20151008,3324.981,3337.331,3294.605,3296.482,0.05,1,89.86,77.96,21.07,1.29,1,0.0,1,5.0,9.0,24.0,1,0.0,0.0,-0.0,0.0,0.76,3281.68,0.11
20151009,3302.36,3352.379,3293.965,3340.116,33.83,1,33.78,157.22,114.68,1.52,1,4.0,1,4.0,11.0,24.0,1,0.0,0.0,-0.0,0.0,0.65,3280.39,0.45
20151012,3351.139,3486.631,3347.251,3447.693,126.48,1,92.65,216.29,175.24,2.34,1,5.0,0,1.0,10.0,20.0,0,5000.0,5.0,-0.0,5.0,0.78,3290.25,1.19
20151013,3422.477,3452.045,3413.967,3445.043,116.69,0,-9.79,116.64,219.18,2.02,0,6.0,0,1.0,6.0,15.0,0,3000.0,3.0,-0.0,3.0,0.6,3295.8,1.13
20151014,3431.135,3458.702,3403.231,3406.112,76.79,0,-39.9,42.96,154.7,1.41,-1,11.0,1,5.0,7.0,20.0,1,2000.0,2.0,-0.0,2.0,0.5,3296.14,0.83
20151015,3403.389,3486.815,3402.316,3486.815,134.52,0,57.73,8.04,257.91,1.88,0,16.0,1,5.0,11.0,23.0,1,9000.0,9.0,-0.0,9.0,0.84,3302.61,1.4
20151016,3508.518,3537.539,3487.104,3534.065,156.79,1,22.27,40.1,246.6,1.93,0,20.0,1,4.0,14.0,25.0,1,14000.0,14.0,-0.0,14.0,1.06,3311.95,1.68
20151019,3548.953,3572.995,3502.505,3534.182,141.12,0,-15.67,64.33,141.07,1.58,0,24.0,1,4.0,13.0,24.0,1,15000.0,15.0,-0.0,15.0,1.01,3324.6,1.59
20151020,3527.875,3577.798,3510.437,3577.703,165.86,1,24.74,31.34,132.03,1.69,0,30.0,1,6.0,14.0,26.0,1,22000.0,22.0,-0.0,22.0,1.21,3345.88,1.76
20151021,3580.838,3601.243,3417.412,3473.254,49.53,-1,-116.33,-107.26,-76.95,0.31,-1,32.0,0,2.0,12.0,27.0,0,9000.0,9.0,-0.0,9.0,0.41,3354.08,0.9
20151022,3453.201,3530.766,3442.307,3524.534,93.72,0,44.19,-47.4,-22.97,0.75,0,36.0,1,4.0,12.0,30.0,0,14000.0,14.0,-0.0,14.0,0.61,3368.45,1.18
20151023,3536.843,3581.836,3515.822,3571.241,112.55,0,18.83,-53.31,35.76,0.87,0,41.0,1,5.0,11.0,30.0,1,7000.0,7.0,-0.0,7.0,0.15,3384.45,1.42
20151026,3614.702,3620.756,3561.192,3589.261,120.55,0,8.0,71.02,-13.97,0.87,0,43.0,0,2.0,11.0,27.0,0,6000.0,6.0,-0.0,6.0,0.09,3398.5,1.45
20151027,3569.449,3601.053,3486.102,3592.879,110.75,0,-9.8,17.03,-46.04,0.69,-1,44.0,0,1.0,8.0,24.0,0,10000.0,10.0,-0.0,10.0,0.29,3411.2,1.38
20151028,3575.805,3598.172,3517.21,3524.92,54.76,-1,-55.99,-57.79,-86.36,0.04,-1,45.0,0,1.0,4.0,21.0,0,2000.0,2.0,-0.0,2.0,-0.18,3424.29,0.76
20151029,3539.978,3561.814,3507.966,3533.307,61.08,0,6.32,-59.47,-104.78,0.1,0,50.0,1,5.0,7.0,20.0,0,3000.0,3.0,-0.0,3.0,-0.13,3436.71,0.73
20151030,3530.223,3574.473,3497.568,3534.079,56.91,0,-4.17,-53.84,7.38,0.05,0,52.0,0,2.0,8.0,20.0,0,3000.0,3.0,-0.0,3.0,-0.15,3451.81,0.62
20151102,3489.225,3543.45,3474.712,3475.962,9.81,-1,-47.1,-44.95,-83.91,-0.45,-1,51.0,0,-1.0,6.0,15.0,0,3000.0,3.0,-0.0,3.0,-0.17,3463.47,0.09
20151103,3484.722,3501.704,3452.62,3465.493,3.27,-1,-6.54,-57.81,-109.28,-0.48,-1,58.0,1,7.0,8.0,17.0,0,4000.0,4.0,-0.0,4.0,-0.15,3477.8,-0.09
20151104,3477.159,3628.538,3477.159,3628.538,132.81,1,129.54,75.9,12.26,0.92,1,66.0,1,8.0,14.0,23.0,1,13000.0,13.0,-0.0,13.0,0.33,3499.08,0.98
20151105,3630.782,3781.409,3627.301,3705.97,189.53,1,56.72,179.72,78.78,1.43,1,77.0,1,11.0,26.0,33.0,1,28000.0,28.0,-0.0,28.0,1.11,3519.56,1.41
20151106,3698.342,3801.705,3694.657,3793.374,243.36,1,53.83,240.09,188.6,1.86,1,90.0,1,13.0,32.0,45.0,1,33000.0,33.0,-0.0,33.0,1.31,3542.22,1.9
20151109,3796.379,3891.773,3796.379,3840.355,265.54,1,22.18,132.73,204.46,1.91,0,96.0,1,6.0,30.0,46.0,0,41000.0,41.0,-0.0,41.0,1.66,3561.85,2.11
20151110,3806.669,3876.49,3798.821,3833.238,233.17,0,-32.37,43.64,176.26,1.39,-1,98.0,0,2.0,21.0,46.0,0,30000.0,30.0,-0.0,30.0,0.95,3581.26,1.91
20151111,3828.448,3843.112,3781.41,3833.646,219.0,-1,-14.17,-24.36,209.19,1.11,-1,97.0,0,-1.0,7.0,46.0,0,27000.0,27.0,-0.0,27.0,0.71,3602.64,1.75
20151112,3841.738,3843.9,3771.274,3795.324,178.3,-1,-40.7,-87.24,175.03,0.58,-1,87.0,-1,-10.0,-9.0,29.0,-1,23000.0,23.0,-0.0,23.0,0.44,3618.07,1.34
20151113,3756.204,3793.713,3727.585,3746.242,114.0,-1,-64.3,-119.17,-18.81,-0.15,-1,74.0,-1,-13.0,-24.0,8.0,-1,17000.0,17.0,-0.0,17.0,0.09,3628.68,0.89
20151116,3682.735,3764.409,3680.073,3764.126,118.99,0,4.99,-100.01,-70.54,-0.08,0,74.0,0,0.0,-23.0,-3.0,0,13000.0,13.0,-0.0,13.0,-0.14,3640.17,0.94
20151117,3790.426,3852.774,3750.157,3758.387,107.84,0,-11.15,-70.46,-135.52,-0.19,0,70.0,0,-4.0,-17.0,-20.0,-1,12000.0,12.0,-0.0,12.0,-0.17,3649.21,0.83
20151118,3760.456,3771.847,3706.31,3715.58,60.1,-1,-47.74,-53.9,-205.44,-0.67,-1,70.0,0,0.0,-4.0,-26.0,0,5000.0,5.0,-0.0,5.0,-0.56,3661.32,0.41
20151119,3725.622,3775.232,3714.675,3774.969,108.82,0,48.72,-10.17,-124.35,-0.1,0,67.0,0,-3.0,-7.0,-31.0,0,11000.0,11.0,-0.0,11.0,-0.2,3673.84,0.77
20151120,3778.884,3793.545,3757.026,3774.383,107.67,0,-1.15,-0.17,-111.33,-0.1,0,64.0,0,-3.0,-6.0,-33.0,0,12000.0,12.0,-0.0,12.0,-0.16,3684.0,0.69
20151123,3774.436,3802.851,3743.405,3753.335,76.39,0,-31.28,16.29,-101.91,-0.42,0,58.0,-1,-6.0,-12.0,-29.0,-1,8000.0,8.0,-0.0,8.0,-0.4,3692.21,0.46
20151124,3745.761,3754.169,3702.737,3753.889,77.75,0,1.36,-31.07,-36.25,-0.37,0,61.0,0,3.0,-6.0,-13.0,0,10000.0,10.0,-0.0,10.0,-0.28,3700.26,0.41
20151125,3747.759,3781.857,3735.716,3781.607,100.57,0,22.82,-7.1,-18.42,-0.09,1,57.0,-1,-4.0,-7.0,-17.0,0,12000.0,12.0,-0.0,12.0,-0.2,3713.09,0.52
20151126,3795.245,3805.844,3756.823,3759.429,67.96,-1,-32.61,-8.43,-39.88,-0.42,0,53.0,-1,-4.0,-5.0,-17.0,-1,5000.0,5.0,-0.0,5.0,-0.6,3724.4,0.27
20151127,3739.096,3742.742,3534.39,3556.992,-123.6,-1,-191.56,-201.35,-183.7,-2.39,-1,41.0,-1,-12.0,-20.0,-29.0,-1,2014.0,2.0,-14.0,-12.0,-1.54,3725.54,-1.28
20151130,3554.89,3587.97,3455.068,3566.412,-112.54,0,11.06,-213.11,-221.36,-2.04,0,35.0,-1,-6.0,-22.0,-32.0,-1,2017.0,2.0,-17.0,-15.0,-1.66,3730.06,-1.24
20151201,3562.319,3617.305,3536.116,3591.696,-94.69,0,17.85,-162.65,-202.36,-1.66,0,30.0,-1,-5.0,-23.0,-34.0,-1,1010.0,1.0,-10.0,-9.0,-1.27,3736.37,-1.1
20151202,3587.758,3725.854,3573.403,3721.955,-0.0,1,94.69,123.6,-76.39,-0.51,1,30.0,0,0.0,-11.0,-28.0,0,6001.0,6.0,-1.0,5.0,-0.45,3741.05,-0.14
20151203,3709.547,3758.446,3693.137,3749.299,28.25,1,28.25,140.79,-49.5,-0.17,1,30.0,0,0.0,-5.0,-31.0,0,6000.0,6.0,-0.0,6.0,-0.33,3743.21,0.05
20151204,3719.734,3726.124,3667.291,3677.592,-29.59,0,-57.84,65.1,-130.16,-0.76,0,26.0,-1,-4.0,-4.0,-31.0,0,3000.0,3.0,-0.0,3.0,-0.41,3737.42,-0.45
20151207,3681.582,3699.337,3658.578,3687.607,-17.12,0,12.47,-17.12,-85.08,-0.56,0,26.0,0,0.0,-4.0,-27.0,0,3000.0,3.0,-0.0,3.0,-0.3,3729.79,-0.32
20151208,3668.839,3668.839,3619.445,3623.02,-66.1,-1,-48.98,-94.35,57.5,-1.02,-1,27.0,0,1.0,-3.0,-14.0,0,3009.0,3.0,-9.0,-6.0,-0.72,3719.27,-0.73
20151209,3613.42,3655.159,3611.49,3635.938,-62.37,0,3.73,-32.78,50.17,-0.88,0,28.0,0,1.0,2.0,-7.0,0,3007.0,3.0,-7.0,-4.0,-0.51,3709.39,-0.56
20151210,3634.366,3678.318,3615.991,3623.084,-70.88,0,-8.51,-53.76,23.81,-0.88,0,24.0,-1,-4.0,-2.0,-6.0,0,2007.0,2.0,-7.0,-5.0,-0.49,3700.78,-0.59
20151211,3605.372,3630.744,3578.146,3608.059,-76.03,-1,-5.15,-9.93,-76.03,-0.85,0,22.0,0,-2.0,-5.0,-8.0,0,3006.0,3.0,-6.0,-3.0,-0.32,3693.87,-0.65
20151214,3573.884,3712.503,3570.998,3711.322,19.35,1,95.38,81.72,-8.9,0.22,1,20.0,0,-2.0,-8.0,-10.0,0,9001.0,9.0,-1.0,8.0,0.33,3691.23,0.15
20151215,3707.73,3717.357,3679.23,3694.389,0.37,0,-18.98,71.25,29.96,0.0,0,21.0,0,1.0,-3.0,-5.0,0,3001.0,3.0,-1.0,2.0,0.01,3688.03,0.05
20151216,3703.95,3713.09,3677.45,3685.44,1.72,0,1.35,77.75,18.84,0.02,0,23.0,0,2.0,1.0,-3.0,0,4001.0,4.0,-1.0,3.0,0.07,3686.52,-0.01
20151217,3712.783,3768.844,3709.851,3755.888,61.55,1,59.83,42.2,127.65,0.64,1,24.0,0,1.0,4.0,-3.0,0,6001.0,6.0,-1.0,5.0,0.21,3685.57,0.53
20151218,3754.96,3810.218,3750.925,3767.913,54.45,0,-7.1,54.08,116.82,0.51,0,22.0,0,-2.0,1.0,-6.0,0,5001.0,5.0,-1.0,4.0,0.17,3685.24,0.63
20151221,3762.097,3877.82,3759.989,3865.965,102.68,1,48.23,100.96,173.56,0.96,1,27.0,1,5.0,4.0,3.0,1,7001.0,7.0,-1.0,6.0,0.29,3690.87,1.33
20151222,3872.098,3880.468,3841.593,3876.733,99.3,0,-3.38,37.75,175.33,0.84,0,26.0,0,-1.0,2.0,4.0,0,5001.0,5.0,-1.0,4.0,0.2,3697.02,1.36
20151223,3877.872,3926.686,3862.965,3866.381,77.11,0,-22.19,22.66,57.76,0.52,0,27.0,0,1.0,5.0,7.0,0,5001.0,5.0,-1.0,4.0,0.22,3701.26,1.25
20151224,3858.135,3867.679,3787.084,3829.402,40.92,-1,-36.19,-61.76,40.55,0.1,-1,24.0,0,-3.0,-3.0,3.0,0,2001.0,2.0,-1.0,1.0,0.06,3704.75,0.95
20151225,3832.085,3848.025,3813.204,3838.201,53.15,0,12.23,-46.15,51.43,0.21,0,7.0,-1,-17.0,-19.0,-16.0,-1,4000.0,4.0,-0.0,4.0,0.18,3718.81,0.91
20151228,3847.532,3853.389,3727.632,3727.632,-34.79,-1,-87.94,-111.9,-96.34,-0.73,-1,-16.0,-1,-23.0,-43.0,-40.0,-1,1001.0,1.0,-1.0,0.0,-0.09,3726.88,0.01
20151229,3723.05,3762.052,3710.48,3761.875,-1.44,0,33.35,-42.36,-55.89,-0.31,0,-27.0,-1,-11.0,-51.0,-49.0,-1,1001.0,1.0,-1.0,0.0,-0.11,3735.38,0.2
20151230,3762.914,3765.657,3726.278,3765.175,0.92,0,2.36,-52.23,-101.76,-0.25,0,-43.0,-1,-16.0,-50.0,-70.0,-1,1001.0,1.0,-1.0,0.0,-0.1,3737.55,0.21
20151231,3760.904,3772.617,3727.325,3731.005,-28.48,0,-29.4,6.31,-127.78,-0.54,0,-57.0,-1,-14.0,-41.0,-83.0,-1,2003.0,2.0,-3.0,-1.0,-0.14,3736.63,-0.04
20160104,3725.856,3726.245,3468.949,3469.066,-244.7,-1,-216.22,-243.26,-321.81,-2.75,-1,-79.0,-1,-22.0,-52.0,-106.0,-1,40.0,0.0,-40.0,-40.0,-2.25,3726.2,-1.95
20160105,3382.177,3518.217,3377.28,3478.78,-221.84,0,22.86,-222.76,-262.76,-2.25,0,-94.0,-1,-15.0,-51.0,-118.0,-1,37.0,0.0,-37.0,-37.0,-1.97,3715.76,-1.8
20160106,3482.406,3543.739,3468.467,3539.808,-138.26,0,83.58,-109.78,-191.41,-1.16,0,-102.0,-1,-8.0,-45.0,-109.0,0,13.0,0.0,-13.0,-13.0,-0.57,3711.6,-1.3
20160107,3481.15,3481.15,3284.737,3294.3839,-328.73,-1,-190.47,-84.03,-293.94,-3.04,-1,-130.0,-1,-28.0,-51.0,-114.0,-1,1066.0,1.0,-66.0,-65.0,-3.38,3694.53,-3.04
20160108,3371.871,3418.851,3237.931,3361.563,-235.28,0,93.45,-13.44,-233.84,-1.77,0,-126.0,0,4.0,-32.0,-99.0,0,1043.0,1.0,-43.0,-42.0,-1.95,3681.45,-2.43
20160111,3303.125,3342.481,3192.45,3192.45,-348.93,-1,-113.65,-210.67,-349.85,-2.79,0,-138.0,-1,-12.0,-36.0,-95.0,0,1071.0,1.0,-71.0,-70.0,-3.37,3660.67,-3.55
20160112,3214.823,3242.253,3174.55,3215.71,-297.6,0,51.33,31.13,-269.12,-1.99,0,-146.0,-1,-8.0,-16.0,-89.0,0,1055.0,1.0,-55.0,-54.0,-2.27,3635.89,-3.19
20160113,3240.484,3257.295,3155.879,3155.879,-332.74,0,-35.14,-97.46,-88.04,-2.17,0,-154.0,-1,-8.0,-28.0,-75.0,0,1066.0,1.0,-66.0,-65.0,-2.71,3608.96,-3.44
20160114,3076.645,3226.658,3072.039,3221.571,-243.21,1,89.53,105.72,-21.37,-1.03,1,-158.0,-1,-4.0,-20.0,-64.0,1,1045.0,1.0,-45.0,-44.0,-1.37,3585.77,-2.76
20160115,3200.888,3216.798,3101.052,3118.73,-316.17,0,-72.96,-18.57,-177.91,-1.69,0,-158.0,0,0.0,-12.0,-56.0,0,1062.0,1.0,-62.0,-61.0,-2.16,3553.91,-3.3
20160118,3068.235,3165.616,3066.727,3130.729,-279.43,0,36.74,53.31,49.3,-1.15,0,-164.0,-1,-6.0,-10.0,-34.0,1,1051.0,1.0,-51.0,-50.0,-1.37,3522.05,-2.97
20160119,3132.705,3227.908,3119.216,3223.125,-166.14,1,113.29,77.07,69.14,0.15,1,-153.0,1,11.0,5.0,-27.0,1,1017.0,1.0,-17.0,-16.0,0.65,3489.91,-2.02
20160120,3204.218,3225.95,3154.426,3174.378,-177.4,0,-11.26,138.77,171.53,0.02,0,-151.0,0,2.0,7.0,-13.0,0,20.0,0.0,-20.0,-20.0,0.49,3454.79,-2.13
20160121,3136.384,3202.538,3081.345,3081.345,-243.88,0,-66.48,35.55,53.72,-0.68,0,-154.0,0,-3.0,10.0,-8.0,0,43.0,0.0,-43.0,-43.0,-0.7,3415.54,-2.53
20160122,3114.895,3132.171,3053.958,3113.463,-192.22,0,51.66,-26.08,140.52,-0.08,0,-161.0,-1,-7.0,-8.0,-7.0,0,18.0,0.0,-18.0,-18.0,0.79,3379.74,-2.02
20160125,3129.028,3149.332,3105.1,3128.886,-157.27,1,34.95,20.13,85.94,0.3,1,-163.0,0,-2.0,-12.0,-5.0,0,9.0,0.0,-9.0,-9.0,1.34,3344.28,-1.63
20160126,3099.596,3106.53,2934.647,2940.509,-312.91,-1,-155.64,-69.03,3.26,-1.36,-1,-170.0,-1,-7.0,-16.0,-12.0,0,56.0,0.0,-56.0,-56.0,-1.19,3304.92,-2.76
20160127,2953.183,2963.544,2839.29,2930.352,-297.14,0,15.77,-104.92,-17.71,-1.06,0,-171.0,0,-1.0,-10.0,-7.0,0,55.0,0.0,-55.0,-55.0,-0.98,3263.35,-2.53
20160128,2909.334,2941.887,2841.844,2853.756,-345.46,0,-48.32,-188.19,-179.32,-1.47,0,-168.0,0,3.0,-5.0,-15.0,0,67.0,0.0,-67.0,-67.0,-1.48,3217.77,-2.76
20160129,2855.598,2965.309,2854.371,2946.09,-231.39,1,114.07,81.52,-53.99,-0.14,1,-163.0,1,5.0,7.0,-12.0,1,35.0,0.0,-35.0,-35.0,0.46,3178.53,-1.76
20160201,2939.04,2944.517,2869.561,2901.048,-248.46,0,-17.07,48.68,-4.58,-0.3,0,-144.0,1,19.0,27.0,10.0,1,41.0,0.0,-41.0,-41.0,0.12,3150.13,-1.89
20160202,2901.528,2972.426,2901.512,2961.334,-167.05,1,81.41,178.41,25.17,0.58,1,-127.0,1,17.0,41.0,34.0,1,15.0,0.0,-15.0,-15.0,1.55,3124.26,-1.24
20160203,2931.288,2954.71,2909.898,2948.639,-162.7,1,4.35,68.69,-5.43,0.57,0,-119.0,1,8.0,44.0,44.0,1,15.0,0.0,-15.0,-15.0,1.55,3094.7,-1.11
20160204,2960.334,2999.206,2960.207,2984.76,-108.67,1,54.03,139.79,204.24,1.08,1,-107.0,1,12.0,37.0,63.0,1,6.0,0.0,-6.0,-6.0,1.9,3079.22,-0.72
20160205,2982.056,2988.36,2962.847,2963.789,-113.66,0,-4.99,53.39,183.48,0.93,0,-93.0,1,14.0,34.0,78.0,1,1007.0,1.0,-7.0,-6.0,1.8,3059.33,-0.72
20160215,2888.428,2961.493,2886.018,2946.707,-108.97,0,4.69,53.73,236.49,0.89,0,-75.0,1,18.0,44.0,93.0,1,3008.0,3.0,-8.0,-5.0,1.67,3047.04,-0.76
20160216,2962.187,3042.089,2962.187,3037.035,-19.08,1,89.89,89.59,212.31,1.74,1,-58.0,1,17.0,49.0,105.0,1,2000.0,2.0,-0.0,2.0,1.91,3038.11,-0.01
20160217,3034.09,3065.785,3027.046,3063.32,9.57,1,28.65,123.23,258.03,1.88,1,-41.0,1,17.0,52.0,103.0,1,1000.0,1.0,-0.0,1.0,1.66,3033.48,0.23
20160218,3079.527,3093.513,3049.841,3053.699,3.14,0,-6.43,112.11,170.19,1.63,0,-33.0,1,8.0,42.0,94.0,0,2000.0,2.0,-0.0,2.0,1.59,3025.08,0.22
20160219,3047.942,3065.968,3032.634,3051.585,-1.97,0,-5.11,17.11,160.73,1.42,-1,-26.0,1,7.0,32.0,93.0,0,1000.0,1.0,-0.0,1.0,1.35,3021.73,0.23
20160222,3083.933,3128.207,3071.329,3118.868,56.69,1,58.66,47.12,165.36,1.9,0,-24.0,0,2.0,17.0,83.0,0,1000.0,1.0,-0.0,1.0,1.21,3021.13,0.74
20160223,3117.203,3119.221,3061.429,3089.363,27.33,0,-29.36,24.19,140.99,1.41,0,-24.0,0,0.0,9.0,69.0,0,1000.0,1.0,-0.0,1.0,1.16,3014.45,0.57
20160224,3077.606,3109.545,3055.251,3109.545,43.91,0,16.58,45.88,152.88,1.45,0,-23.0,0,1.0,3.0,52.0,0,2000.0,2.0,-0.0,2.0,1.15,3011.2,0.75
20160225,3104.41,3104.436,2905.457,2918.75,-128.61,-1,-172.52,-185.3,-109.53,-0.49,-1,-26.0,0,-3.0,-2.0,32.0,0,3.0,0.0,-3.0,-3.0,0.75,3003.07,-0.64
20160226,2942.095,2964.385,2902.948,2948.031,-88.94,0,39.67,-116.27,-98.51,-0.03,0,-23.0,0,3.0,1.0,18.0,0,2.0,0.0,-2.0,-2.0,0.76,2994.8,-0.35
20160229,2939.58,2939.875,2821.215,2877.467,-149.95,0,-61.01,-193.86,-153.09,-0.67,0,-22.0,0,1.0,1.0,11.0,0,15.0,0.0,-15.0,-15.0,0.03,2982.23,-0.79
20160301,2881.335,2950.436,2863.323,2930.694,-89.83,0,60.12,38.78,-87.86,0.03,1,-12.0,1,10.0,14.0,14.0,0,3007.0,3.0,-7.0,-4.0,0.51,2981.74,-0.39
20160302,2933.921,3054.724,2933.116,3051.333,21.6,1,111.43,110.54,-35.09,1.19,1,-7.0,1,5.0,16.0,17.0,0,3001.0,3.0,-1.0,2.0,0.69,2987.79,0.48
20160303,3050.389,3078.444,3040.246,3058.422,23.41,0,1.81,173.36,-3.92,1.1,0,-5.0,0,2.0,17.0,19.0,0,2001.0,2.0,-1.0,1.0,0.44,2998.02,0.46
20160304,3047.537,3101.656,3032.424,3093.89,34.36,0,10.95,124.19,-9.55,1.11,0,-3.0,0,2.0,9.0,20.0,0,5003.0,5.0,-3.0,2.0,0.39,3005.41,0.67
20160307,3108.999,3130.903,3083.584,3104.84,53.36,1,19.0,31.76,181.97,1.2,1,0.0,0,3.0,7.0,26.0,0,6001.0,6.0,-1.0,5.0,0.43,3015.6,0.68
20160308,3100.149,3109.25,3001.829,3107.673,47.0,0,-6.36,23.59,135.94,1.02,-1,5.0,1,5.0,10.0,28.0,0,4001.0,4.0,-1.0,3.0,0.27,3022.92,0.64
20160309,3045.924,3072.916,3020.134,3071.907,2.06,-1,-44.94,-32.3,152.01,0.45,-1,8.0,0,3.0,11.0,30.0,0,2000.0,2.0,-0.0,2.0,0.16,3029.08,0.32
20160310,3056.21,3074.16,3012.691,3013.146,-43.66,-1,-45.72,-97.02,46.17,-0.07,-1,9.0,0,1.0,9.0,21.0,0,1.0,0.0,-1.0,-1.0,-0.03,3030.5,-0.13
20160311,2990.214,3026.437,2982.172,3018.284,-33.34,0,10.32,-80.34,-54.94,0.04,0,13.0,1,4.0,8.0,20.0,0,1.0,0.0,-1.0,-1.0,-0.04,3033.23,-0.11
20160314,3039.569,3106.8,3034.0,3065.69,17.98,1,51.32,15.92,-5.43,0.58,1,22.0,1,9.0,14.0,27.0,1,0.0,0.0,-0.0,0.0,0.0,3039.18,0.2
20160315,3061.343,3077.085,3028.578,3074.78,14.19,0,-3.79,57.85,-20.17,0.48,0,25.0,0,3.0,16.0,28.0,0,0.0,0.0,-0.0,0.0,0.01,3041.06,0.26
20160316,3068.866,3100.352,3064.521,3090.033,19.41,0,5.22,52.75,-33.95,0.49,0,27.0,0,2.0,14.0,27.0,0,2000.0,2.0,-0.0,2.0,0.12,3042.4,0.36
20160317,3096.808,3147.841,3077.572,3124.204,55.17,1,35.76,37.19,8.17,0.82,1,30.0,0,3.0,8.0,25.0,0,0.0,0.0,-0.0,0.0,0.01,3045.93,0.59
20160318,3136.223,3197.668,3130.102,3171.963,94.63,1,39.46,80.44,92.57,1.15,1,38.0,1,8.0,13.0,30.0,1,1000.0,1.0,-0.0,1.0,0.07,3051.94,0.91
20160321,3203.293,3267.775,3198.361,3249.437,149.4,1,54.77,129.99,193.06,1.62,1,43.0,1,5.0,16.0,34.0,1,15000.0,15.0,-0.0,15.0,0.83,3058.47,1.45
20160322,3231.615,3249.677,3218.728,3225.79,116.79,0,-32.61,61.62,150.13,1.12,0,43.0,0,0.0,13.0,30.0,0,7000.0,7.0,-0.0,7.0,0.36,3065.29,1.22
20160323,3217.729,3242.247,3202.976,3236.092,110.97,0,-5.82,16.34,92.99,0.95,-1,44.0,0,1.0,6.0,22.0,0,9000.0,9.0,-0.0,9.0,0.45,3071.62,1.25
20160324,3211.496,3221.906,3181.813,3181.851,50.97,-1,-60.0,-98.43,36.78,0.24,-1,44.0,0,0.0,1.0,19.0,0,0.0,0.0,-0.0,0.0,-0.07,3084.78,0.74
20160325,3176.81,3204.442,3174.318,3197.817,57.18,0,6.21,-59.61,37.77,0.28,0,44.0,0,0.0,1.0,17.0,0,0.0,0.0,-0.0,0.0,-0.08,3097.27,0.76
20160328,3206.953,3229.624,3161.878,3169.728,30.25,-1,-26.93,-80.72,-24.92,-0.03,-1,44.0,0,0.0,0.0,14.0,0,0.0,0.0,-0.0,0.0,-0.12,3111.88,0.44
20160329,3171.314,3178.075,3122.761,3135.41,-3.1,-1,-33.35,-54.07,-97.73,-0.38,-1,42.0,0,-2.0,-2.0,4.0,0,0.0,0.0,-0.0,0.0,-0.13,3122.11,0.1
20160330,3161.289,3216.676,3161.289,3216.275,68.04,1,71.14,10.86,-81.36,0.4,1,46.0,1,4.0,2.0,3.0,0,0.0,0.0,-0.0,0.0,-0.13,3130.36,0.65
20160331,3229.2,3241.927,3208.665,3218.088,65.37,0,-2.67,35.12,-51.42,0.34,0,47.0,0,1.0,3.0,4.0,0,0.0,0.0,-0.0,0.0,-0.13,3138.34,0.6
20160401,3213.674,3222.612,3165.856,3221.895,62.85,0,-2.52,65.95,-48.12,0.28,0,49.0,0,2.0,7.0,5.0,0,0.0,0.0,-0.0,0.0,-0.12,3144.75,0.59
20160405,3211.305,3271.93,3205.207,3264.486,95.94,1,33.09,27.9,44.97,0.6,1,52.0,0,3.0,6.0,8.0,0,1000.0,1.0,-0.0,1.0,-0.05,3152.73,0.85
20160406,3250.522,3267.64,3236.196,3257.528,80.95,0,-14.99,15.58,23.77,0.38,0,57.0,1,5.0,10.0,13.0,1,1000.0,1.0,-0.0,1.0,-0.05,3160.22,0.74
20160407,3266.288,3270.82,3208.644,3209.29,34.31,-1,-46.64,-28.54,4.06,-0.14,-1,57.0,0,0.0,8.0,13.0,0,1000.0,1.0,-0.0,1.0,-0.04,3167.09,0.32
20160408,3189.846,3197.774,3163.305,3185.726,11.29,-1,-23.02,-84.65,14.39,-0.37,-1,57.0,0,0.0,5.0,15.0,0,1000.0,1.0,-0.0,1.0,-0.05,3175.72,0.08
20160411,3213.507,3251.572,3213.507,3230.096,54.86,0,43.57,-26.09,-13.18,0.12,0,55.0,0,-2.0,-2.0,9.0,0,1000.0,1.0,-0.0,1.0,-0.05,3186.31,0.33
20160412,3227.367,3232.264,3198.903,3218.45,37.03,0,-17.83,2.72,-28.34,-0.07,0,56.0,0,1.0,-1.0,9.0,0,1000.0,1.0,-0.0,1.0,-0.06,3193.95,0.19
20160413,3237.858,3296.523,3237.858,3261.383,73.79,1,36.76,62.5,10.94,0.32,1,55.0,0,-1.0,-2.0,6.0,0,1000.0,1.0,-0.0,1.0,-0.06,3203.28,0.44
20160414,3277.098,3286.072,3252.05,3275.832,81.5,1,7.71,26.64,-14.44,0.37,1,49.0,-1,-6.0,-6.0,-3.0,-1,1000.0,1.0,-0.0,1.0,-0.06,3212.57,0.48
20160415,3279.857,3282.985,3261.73,3272.205,69.07,0,-12.43,32.04,-11.88,0.2,0,51.0,0,2.0,-5.0,-6.0,0,1000.0,1.0,-0.0,1.0,-0.06,3219.97,0.4
20160418,3252.671,3252.671,3221.662,3228.453,22.42,-1,-46.65,-51.37,-11.89,-0.31,-1,48.0,0,-3.0,-7.0,-9.0,0,1000.0,1.0,-0.0,1.0,-0.06,3222.79,0.04
20160419,3243.971,3250.725,3221.577,3238.303,24.82,0,2.4,-56.68,13.53,-0.25,0,39.0,-1,-9.0,-10.0,-18.0,-1,1000.0,1.0,-0.0,1.0,-0.02,3222.23,0.12
20160420,3244.142,3248.422,3107.369,3181.026,-35.12,-1,-59.94,-104.19,-89.98,-0.85,-1,33.0,-1,-6.0,-18.0,-22.0,-1,1000.0,1.0,-0.0,1.0,-0.0,3220.0,-0.3
20160421,3160.796,3198.557,3150.94,3160.603,-50.8,-1,-15.68,-73.22,-87.83,-0.94,-1,27.0,-1,-6.0,-21.0,-29.0,-1,1000.0,1.0,-0.0,1.0,0.02,3216.22,-0.42
20160422,3142.561,3175.38,3137.993,3174.901,-36.21,0,14.59,-61.03,-110.0,-0.69,0,25.0,0,-2.0,-14.0,-30.0,0,1000.0,1.0,-0.0,1.0,0.02,3215.87,-0.31
20160425,3164.738,3172.269,3137.113,3162.033,-41.53,0,-5.32,-6.41,-123.03,-0.68,1,19.0,-1,-6.0,-14.0,-30.0,-1,0.0,0.0,-0.0,0.0,-0.04,3214.09,-0.39
20160426,3159.771,3181.095,3150.404,3179.161,-25.22,1,16.31,25.58,-94.29,-0.45,1,16.0,0,-3.0,-11.0,-35.0,0,0.0,0.0,-0.0,0.0,-0.04,3214.56,-0.27
20160427,3181.931,3188.826,3162.691,3165.916,-32.14,0,-6.92,4.07,-54.56,-0.48,0,9.0,-1,-7.0,-16.0,-39.0,-1,1000.0,1.0,-0.0,1.0,0.01,3216.08,-0.38
20160428,3169.333,3174.766,3135.643,3160.581,-32.36,0,-0.22,9.17,-57.18,-0.44,0,10.0,0,1.0,-9.0,-29.0,0,0.0,0.0,-0.0,0.0,-0.04,3213.3,-0.4
20160429,3153.537,3171.289,3149.397,3156.745,-30.88,0,1.48,-5.66,4.24,-0.38,0,7.0,0,-3.0,-9.0,-26.0,0,0.0,0.0,-0.0,0.0,-0.04,3210.23,-0.41
20160503,3159.823,3218.485,3151.405,3213.54,22.59,1,53.47,54.73,73.39,0.22,1,0.0,-1,-7.0,-9.0,-27.0,-1,0.0,0.0,-0.0,0.0,-0.04,3209.81,0.03
20160504,3203.465,3222.882,3198.292,3209.461,20.07,0,-2.52,52.43,56.28,0.17,0,0.0,0,0.0,-10.0,-25.0,0,0.0,0.0,-0.0,0.0,-0.04,3207.06,0.02
20160505,3204.169,3217.282,3196.566,3213.92,26.12,0,6.05,57.0,67.65,0.22,0,-6.0,-1,-6.0,-13.0,-25.0,-1,2000.0,2.0,-0.0,2.0,0.07,3204.88,0.07
20160506,3213.136,3216.893,3130.147,3130.354,-46.5,-1,-72.62,-69.09,-21.28,-0.56,-1,-10.0,-1,-4.0,-10.0,-26.0,-1,2000.0,2.0,-0.0,2.0,0.07,3200.93,-0.54
20160509,3115.43,3115.43,3055.005,3065.615,-106.36,-1,-59.86,-126.43,-74.22,-1.14,-1,-21.0,-1,-11.0,-21.0,-30.0,-1,1.0,0.0,-1.0,-1.0,-0.1,3194.93,-0.98
20160510,3055.211,3084.724,3055.183,3069.112,-88.91,0,17.45,-115.03,-56.55,-0.85,0,-25.0,-1,-4.0,-19.0,-35.0,-1,2000.0,2.0,-0.0,2.0,0.07,3186.88,-0.89
20160511,3080.636,3102.876,3063.088,3082.808,-69.47,0,19.44,-22.97,-38.59,-0.56,0,-30.0,-1,-5.0,-20.0,-37.0,0,3001.0,3.0,-1.0,2.0,0.07,3180.1,-0.74
20160512,3059.383,3095.348,3035.022,3090.137,-58.94,1,10.53,47.42,-81.53,-0.4,1,-34.0,-1,-4.0,-13.0,-34.0,-1,3001.0,3.0,-1.0,2.0,0.07,3171.54,-0.62
20160513,3081.679,3103.095,3064.691,3074.935,-65.77,0,-6.83,23.14,-85.84,-0.43,0,-36.0,0,-2.0,-11.0,-36.0,0,1.0,0.0,-1.0,-1.0,-0.1,3161.49,-0.66
20160516,3064.526,3095.555,3053.661,3095.308,-34.2,1,31.57,35.27,-60.32,-0.06,1,-33.0,0,3.0,-3.0,-27.0,0,0.0,0.0,-0.0,0.0,-0.04,3152.65,-0.43
20160517,3095.522,3105.201,3073.459,3086.024,-37.98,0,-3.78,20.96,8.52,-0.09,0,-35.0,0,-2.0,-1.0,-25.0,0,0.0,0.0,-0.0,0.0,-0.04,3145.52,-0.45
20160518,3071.529,3072.612,3039.461,3068.035,-63.99,0,-26.01,1.78,42.37,-0.36,0,-36.0,0,-1.0,0.0,-15.0,0,0.0,0.0,-0.0,0.0,-0.03,3137.01,-0.52
20160519,3060.342,3086.977,3058.145,3062.5,-60.34,0,3.65,-26.14,28.57,-0.28,0,-36.0,0,0.0,-3.0,-11.0,0,0.0,0.0,-0.0,0.0,-0.03,3131.08,-0.52
20160520,3047.777,3078.531,3041.516,3078.218,-39.12,0,21.22,-1.14,30.35,-0.04,1,-36.0,0,0.0,-1.0,-6.0,0,0.0,0.0,-0.0,0.0,-0.03,3126.97,-0.37
20160523,3078.515,3098.478,3076.503,3087.222,-19.0,1,20.12,44.99,39.94,0.18,1,-37.0,0,-1.0,-1.0,-3.0,0,0.0,0.0,-0.0,0.0,-0.03,3122.58,-0.27
20160524,3083.2441,3083.2571,3052.5905,3063.5556,-36.02,0,-17.02,24.32,29.75,-0.02,0,-34.0,0,3.0,2.0,2.0,0,1.0,0.0,-1.0,-1.0,-0.08,3117.66,-0.41
20160525,3079.7486,3089.1022,3054.8697,3059.2259,-42.48,0,-6.46,-3.36,-8.28,-0.08,0,-24.0,1,10.0,12.0,9.0,1,0.0,0.0,-0.0,0.0,-0.02,3111.66,-0.4
20160526,3056.6,3072.524,3027.444,3064.211,-34.05,0,8.43,-15.05,3.93,0.01,0,-17.0,1,7.0,20.0,18.0,1,0.0,0.0,-0.0,0.0,-0.02,3106.58,-0.32
20160527,3059.732,3073.756,3052.179,3062.499,-32.47,0,1.58,3.55,31.52,0.03,0,-7.0,1,10.0,27.0,29.0,1,0.0,0.0,-0.0,0.0,-0.02,3101.67,-0.3
20160530,3056.313,3075.261,3037.664,3066.709,-29.37,0,3.1,13.11,30.97,0.06,0,-2.0,1,5.0,22.0,34.0,1,0.0,0.0,-0.0,0.0,-0.02,3097.17,-0.23
20160531,3068.596,3170.926,3068.596,3169.559,64.09,1,93.46,98.14,103.21,1.03,1,6.0,1,8.0,23.0,42.0,1,0.0,0.0,-0.0,0.0,-0.02,3094.97,0.57
20160601,3172.961,3181.792,3159.817,3160.547,55.33,0,-8.76,87.8,74.33,0.84,0,9.0,0,3.0,16.0,46.0,0,1000.0,1.0,-0.0,1.0,0.03,3092.52,0.52
20160602,3158.025,3168.824,3151.065,3167.099,58.56,0,3.23,87.93,94.58,0.79,0,11.0,0,2.0,13.0,45.0,0,3000.0,3.0,-0.0,3.0,0.15,3090.18,0.58
20160603,3172.946,3201.749,3162.088,3189.325,67.77,1,9.21,3.68,110.25,0.82,0,13.0,0,2.0,7.0,37.0,0,0.0,0.0,-0.0,0.0,-0.02,3093.13,0.73
20160606,3192.779,3197.22,3168.554,3178.788,58.88,0,-8.89,3.55,92.93,0.64,-1,13.0,0,0.0,4.0,30.0,0,1000.0,1.0,-0.0,1.0,0.03,3098.79,0.61
20160607,3182.437,3186.616,3168.179,3177.053,54.46,-1,-4.42,-4.1,86.93,0.54,-1,18.0,1,5.0,7.0,25.0,0,2001.0,2.0,-1.0,1.0,0.03,3104.19,0.55
20160608,3171.813,3174.971,3148.351,3163.986,41.57,-1,-12.89,-26.2,70.94,0.35,-1,22.0,1,4.0,9.0,24.0,1,1000.0,1.0,-0.0,1.0,0.04,3108.25,0.42
20160613,3134.045,3145.605,3065.767,3066.341,-41.15,-1,-82.72,-100.03,-105.24,-0.55,-1,22.0,0,0.0,9.0,16.0,0,1001.0,1.0,-1.0,0.0,-0.01,3107.06,-0.31
20160614,3058.443,3078.749,3055.655,3075.983,-27.36,0,13.79,-81.82,-82.69,-0.35,0,30.0,1,8.0,12.0,21.0,1,1001.0,1.0,-1.0,0.0,-0.02,3107.11,-0.24
20160615,3043.957,3128.673,3042.232,3116.368,21.27,0,48.63,-20.3,-37.29,0.19,0,40.0,1,10.0,18.0,29.0,1,3001.0,3.0,-1.0,2.0,0.09,3108.16,0.06
20160616,3104.361,3112.475,3089.477,3094.674,7.98,0,-13.29,49.13,-59.79,0.03,0,39.0,0,-1.0,17.0,26.0,0,4001.0,4.0,-1.0,3.0,0.14,3108.59,-0.11
20160617,3096.09,3131.048,3096.09,3110.357,22.0,0,14.02,49.36,-36.88,0.18,0,41.0,0,2.0,11.0,28.0,0,3000.0,3.0,-0.0,3.0,0.13,3110.71,-0.0
20160620,3114.906,3118.725,3089.712,3112.674,24.7,0,2.7,3.43,-29.76,0.19,0,41.0,0,0.0,1.0,23.0,0,2000.0,2.0,-0.0,2.0,0.07,3113.22,-0.0
20160621,3124.898,3155.492,3097.94,3106.317,11.43,0,-13.27,3.45,-30.14,0.03,0,42.0,0,1.0,3.0,20.0,0,2000.0,2.0,-0.0,2.0,0.06,3114.62,-0.06
20160622,3100.449,3134.06,3096.991,3133.961,35.66,1,24.23,13.66,76.81,0.28,1,45.0,0,3.0,4.0,23.0,0,2000.0,2.0,-0.0,2.0,0.06,3116.96,0.13
20160623,3129.72,3129.72,3102.481,3117.316,20.03,0,-15.63,-4.67,47.39,0.09,0,50.0,1,5.0,9.0,20.0,1,2000.0,2.0,-0.0,2.0,0.05,3119.65,-0.02
20160624,3110.646,3130.539,3033.965,3077.155,-6.33,-1,-26.36,-17.76,-27.6,-0.19,-1,55.0,1,5.0,13.0,15.0,1,3000.0,3.0,-0.0,3.0,0.1,3120.55,-0.33
20160627,3065.128,3120.64,3064.966,3120.544,35.46,0,41.79,-0.2,27.48,0.26,0,64.0,1,9.0,19.0,25.0,1,3000.0,3.0,-0.0,3.0,0.09,3123.36,-0.02
20160628,3107.397,3139.43,3099.701,3136.401,45.95,1,10.49,25.92,23.95,0.35,1,71.0,1,7.0,21.0,30.0,1,4000.0,4.0,-0.0,4.0,0.13,3127.06,0.07
20160629,3142.484,3158.076,3139.132,3151.389,56.27,0,10.32,62.6,31.57,0.42,0,82.0,1,11.0,27.0,41.0,1,3000.0,3.0,-0.0,3.0,0.07,3131.29,0.15
20160630,3152.833,3163.72,3148.198,3153.921,48.14,0,-8.13,12.68,36.71,0.3,0,92.0,1,10.0,28.0,50.0,1,1000.0,1.0,-0.0,1.0,-0.05,3130.51,0.18
20160701,3156.932,3170.258,3148.294,3154.2,47.32,0,-0.82,1.37,11.66,0.26,0,100.0,1,8.0,29.0,55.0,1,2000.0,2.0,-0.0,2.0,0.01,3130.19,0.18
20160704,3136.385,3210.601,3134.023,3204.696,100.69,1,53.37,44.42,80.66,0.79,1,111.0,1,11.0,29.0,61.0,1,7000.0,7.0,-0.0,7.0,0.28,3132.07,0.55
20160705,3199.157,3216.702,3197.995,3207.382,100.52,0,-0.17,52.38,106.85,0.72,0,121.0,1,10.0,29.0,66.0,1,7000.0,7.0,-0.0,7.0,0.26,3132.98,0.56
20160706,3197.624,3217.515,3183.451,3216.803,101.6,0,1.08,54.28,66.14,0.66,0,125.0,1,4.0,25.0,61.0,0,6000.0,6.0,-0.0,6.0,0.19,3134.88,0.62
20160707,3206.55,3220.54,3190.123,3209.954,100.87,0,-0.73,0.18,54.92,0.59,0,124.0,0,-1.0,13.0,53.0,0,7000.0,7.0,-0.0,7.0,0.23,3136.52,0.56
20160708,3199.754,3204.928,3183.959,3192.28,74.17,-1,-26.7,-26.35,17.9,0.25,-1,127.0,0,3.0,6.0,45.0,0,7000.0,7.0,-0.0,7.0,0.21,3137.94,0.41
20160711,3199.038,3235.962,3197.625,3203.329,76.53,0,2.36,-25.07,28.39,0.25,0,129.0,0,2.0,4.0,37.0,0,4000.0,4.0,-0.0,4.0,0.03,3144.79,0.44
20160712,3201.906,3273.473,3200.303,3273.182,125.08,1,48.55,24.21,77.76,0.74,1,132.0,0,3.0,8.0,32.0,0,9000.0,9.0,-0.0,9.0,0.29,3154.65,0.9
20160713,3274.02,3300.991,3271.775,3282.868,129.48,1,4.4,55.31,28.79,0.71,0,132.0,0,0.0,5.0,21.0,0,7000.0,7.0,-0.0,7.0,0.16,3162.97,0.91
20160714,3277.481,3281.95,3259.065,3276.763,107.91,0,-21.57,31.38,7.39,0.42,0,132.0,0,0.0,3.0,11.0,0,5000.0,5.0,-0.0,5.0,0.04,3172.07,0.79
20160715,3278.835,3285.026,3265.29,3276.277,96.92,-1,-10.99,-28.16,-4.68,0.27,-1,134.0,0,2.0,2.0,9.0,0,4000.0,4.0,-0.0,4.0,-0.02,3180.37,0.73
20160718,3269.707,3281.637,3251.765,3262.022,76.78,-1,-20.14,-52.7,-24.09,0.03,-1,127.0,-1,-7.0,-5.0,3.0,-1,5000.0,5.0,-0.0,5.0,0.03,3187.84,0.56
20160719,3260.434,3264.73,3226.198,3248.234,63.54,-1,-13.24,-44.37,-10.63,-0.11,-1,118.0,-1,-9.0,-14.0,-9.0,-1,3000.0,3.0,-0.0,3.0,-0.09,3194.93,0.4
20160720,3246.862,3254.507,3232.256,3237.605,47.48,-1,-16.06,-49.44,-29.05,-0.27,-1,113.0,-1,-5.0,-21.0,-16.0,-1,2000.0,2.0,-0.0,2.0,-0.15,3200.12,0.28
20160721,3238.336,3271.373,3238.303,3252.522,53.94,0,6.46,-22.84,-71.14,-0.18,0,103.0,-1,-10.0,-24.0,-29.0,-1,0.0,0.0,-0.0,0.0,-0.26,3206.88,0.35
20160722,3251.242,3253.769,3220.893,3225.162,21.45,-1,-32.49,-42.09,-108.03,-0.5,-1,94.0,-1,-9.0,-24.0,-38.0,-1,0.0,0.0,-0.0,0.0,-0.25,3214.28,0.08
20160725,3220.165,3243.79,3218.141,3230.885,19.6,0,-1.85,-27.88,-88.31,-0.47,0,89.0,-1,-5.0,-24.0,-43.0,-1,0.0,0.0,-0.0,0.0,-0.24,3219.79,0.08
20160726,3228.234,3269.745,3228.007,3269.588,51.36,0,31.76,-2.58,-45.56,-0.09,1,83.0,-1,-6.0,-20.0,-51.0,-1,0.0,0.0,-0.0,0.0,-0.23,3226.45,0.33
20160727,3270.083,3276.511,3157.409,3218.243,-1.18,-1,-52.54,-22.63,-77.96,-0.63,-1,79.0,-1,-4.0,-15.0,-48.0,-1,0.0,0.0,-0.0,0.0,-0.22,3229.8,-0.09
20160728,3204.464,3235.781,3195.269,3221.136,5.92,0,7.1,-13.68,-57.62,-0.5,0,75.0,-1,-4.0,-14.0,-43.0,-1,2000.0,2.0,-0.0,2.0,-0.11,3233.16,-0.09
20160729,3217.192,3225.418,3198.683,3203.93,-3.46,0,-9.38,-54.82,-50.94,-0.55,0,69.0,-1,-6.0,-14.0,-44.0,-1,0.0,0.0,-0.0,0.0,-0.22,3235.64,-0.24
20160801,3196.425,3199.975,3156.748,3176.809,-26.96,-1,-23.5,-25.78,-80.9,-0.74,-1,67.0,0,-2.0,-12.0,-36.0,0,0.0,0.0,-0.0,0.0,-0.2,3234.25,-0.44
20160802,3173.757,3189.052,3165.542,3189.052,-14.41,0,12.55,-20.33,-35.86,-0.54,0,65.0,0,-2.0,-10.0,-29.0,0,0.0,0.0,-0.0,0.0,-0.18,3233.33,-0.34
20160803,3179.684,3197.157,3173.535,3193.507,-9.69,0,4.72,-6.23,-29.29,-0.44,1,64.0,0,-1.0,-5.0,-25.0,0,0.0,0.0,-0.0,0.0,-0.16,3232.17,-0.29
20160804,3190.546,3201.553,3170.418,3201.288,-6.48,0,3.21,20.48,-57.84,-0.37,0,64.0,0,0.0,-3.0,-19.0,0,0.0,0.0,-0.0,0.0,-0.14,3231.73,-0.23
20160805,3201.354,3224.873,3192.861,3205.11,-8.25,0,-1.77,6.16,-7.07,-0.35,0,65.0,0,1.0,0.0,-14.0,0,1000.0,1.0,-0.0,1.0,-0.06,3232.38,-0.21
20160808,3199.572,3234.479,3187.252,3234.183,15.67,1,23.92,25.36,9.75,-0.07,1,66.0,0,1.0,2.0,-9.0,0,2000.0,2.0,-0.0,2.0,0.0,3233.92,0.0
20160809,3232.603,3257.333,3229.174,3256.981,31.62,1,15.95,38.1,35.08,0.11,1,72.0,1,6.0,8.0,3.0,1,1000.0,1.0,-0.0,1.0,-0.03,3233.11,0.18
20160810,3255.182,3261.86,3242.75,3243.34,21.7,0,-9.92,29.95,48.66,-0.01,0,77.0,1,5.0,12.0,10.0,1,1000.0,1.0,-0.0,1.0,-0.02,3231.13,0.09
20160811,3239.558,3274.026,3232.612,3233.36,5.63,-1,-16.07,-10.04,20.04,-0.17,-1,80.0,0,3.0,14.0,15.0,0,0.0,0.0,-0.0,0.0,-0.06,3228.96,0.03
20160812,3231.806,3294.233,3231.136,3294.233,49.99,1,44.36,18.37,59.68,0.31,1,86.0,1,6.0,14.0,22.0,1,2000.0,2.0,-0.0,2.0,0.06,3229.86,0.49
20160815,3303.468,3417.914,3302.377,3393.423,113.92,1,63.93,92.22,120.4,0.95,1,92.0,1,6.0,15.0,28.0,1,12000.0,12.0,-0.0,12.0,0.61,3236.43,1.19
20160816,3403.383,3418.688,3372.02,3378.245,92.6,0,-21.32,86.97,100.85,0.63,0,93.0,0,1.0,13.0,28.0,0,4000.0,4.0,-0.0,4.0,0.15,3242.93,1.03
20160817,3377.771,3394.388,3356.924,3373.047,81.81,0,-10.79,31.82,66.14,0.46,0,92.0,0,-1.0,6.0,26.0,0,1000.0,1.0,-0.0,1.0,-0.02,3249.7,0.94
20160818,3369.947,3394.791,3349.687,3364.485,60.43,-1,-21.38,-53.49,28.81,0.19,-1,92.0,0,0.0,0.0,20.0,0,1000.0,1.0,-0.0,1.0,-0.02,3255.3,0.83
20160819,3358.555,3374.045,3341.192,3365.019,57.88,0,-2.55,-34.72,36.18,0.15,0,89.0,0,-3.0,-4.0,12.0,0,4000.0,4.0,-0.0,4.0,0.14,3262.29,0.78
20160822,3364.681,3372.833,3335.469,3336.794,28.28,-1,-29.6,-53.53,22.65,-0.18,-1,85.0,-1,-4.0,-7.0,5.0,-1,2000.0,2.0,-0.0,2.0,0.02,3267.59,0.52
20160823,3332.621,3359.647,3324.96,3341.829,28.95,0,0.67,-31.48,-21.04,-0.15,0,74.0,-1,-11.0,-18.0,-12.0,-1,0.0,0.0,-0.0,0.0,-0.09,3271.2,0.54
20160824,3341.93,3348.129,3323.725,3329.863,23.9,0,-5.05,-33.98,-90.02,-0.19,0,69.0,-1,-5.0,-20.0,-23.0,-1,0.0,0.0,-0.0,0.0,-0.09,3276.78,0.4
20160825,3314.084,3315.081,3279.806,3308.972,5.86,-1,-18.04,-22.42,-86.74,-0.36,-1,63.0,-1,-6.0,-22.0,-30.0,-1,0.0,0.0,-0.0,0.0,-0.09,3281.17,0.21
20160826,3312.499,3328.945,3301.735,3307.09,6.81,0,0.95,-22.14,-75.0,-0.32,0,58.0,-1,-5.0,-16.0,-34.0,-1,1000.0,1.0,-0.0,1.0,-0.03,3286.33,0.16
20160829,3306.574,3315.078,3297.069,3307.781,4.89,0,-1.92,-19.01,-55.54,-0.31,0,49.0,-1,-9.0,-20.0,-43.0,-1,1000.0,1.0,-0.0,1.0,-0.04,3292.88,0.11
20160830,3310.318,3325.121,3304.596,3311.987,7.45,0,2.56,1.59,-50.43,-0.25,0,43.0,-1,-6.0,-20.0,-46.0,-1,1000.0,1.0,-0.0,1.0,-0.04,3299.03,0.1
20160831,3310.565,3333.972,3304.655,3327.793,10.93,0,3.48,4.12,-17.35,-0.19,0,37.0,-1,-6.0,-21.0,-48.0,-1,1000.0,1.0,-0.0,1.0,-0.04,3305.74,0.17
20160901,3326.738,3329.345,3301.212,3301.576,-11.67,-1,-22.6,-16.56,-40.62,-0.41,-1,30.0,-1,-7.0,-19.0,-44.0,-1,1000.0,1.0,-0.0,1.0,-0.05,3310.76,-0.07
20160902,3298.721,3320.425,3295.755,3314.114,-9.43,0,2.24,-16.88,-33.33,-0.35,0,25.0,-1,-5.0,-18.0,-44.0,-1,0.0,0.0,-0.0,0.0,-0.1,3316.21,-0.02
20160905,3321.005,3338.419,3314.629,3319.68,-7.07,0,2.36,-18.0,-12.93,-0.29,0,13.0,-1,-12.0,-24.0,-50.0,-1,1.0,0.0,-1.0,-1.0,-0.15,3320.48,-0.01
20160906,3322.018,3347.951,3300.125,3342.625,12.23,1,19.3,23.9,5.42,-0.06,1,11.0,0,-2.0,-19.0,-47.0,0,1000.0,1.0,-0.0,1.0,-0.03,3324.76,0.14
20160907,3344.065,3357.356,3337.75,3340.817,11.01,0,-1.22,20.44,6.12,-0.07,0,9.0,0,-2.0,-16.0,-40.0,0,0.0,0.0,-0.0,0.0,-0.09,3329.64,0.08
20160908,3338.008,3343.395,3328.226,3339.564,11.66,0,0.65,18.73,4.21,-0.05,0,9.0,0,0.0,-4.0,-34.0,0,0.0,0.0,-0.0,0.0,-0.09,3334.95,0.03
20160909,3339.373,3344.951,3318.044,3318.044,-7.05,-1,-18.71,-19.28,-17.98,-0.24,-1,1.0,-1,-8.0,-10.0,-36.0,0,1.0,0.0,-1.0,-1.0,-0.14,3336.14,-0.14
20160912,3271.87,3276.716,3234.573,3262.604,-59.42,-1,-52.37,-70.43,-47.75,-0.77,-1,-3.0,-1,-4.0,-12.0,-33.0,0,2.0,0.0,-2.0,-2.0,-0.16,3329.6,-0.51
20160913,3265.337,3269.222,3246.385,3260.333,-54.95,0,4.47,-66.61,-45.52,-0.65,0,-11.0,-1,-8.0,-20.0,-36.0,-1,1.0,0.0,-1.0,-1.0,-0.08,3323.7,-0.48
20160914,3245.737,3254.995,3231.335,3238.729,-62.26,0,-7.31,-55.21,-55.19,-0.66,0,-13.0,0,-2.0,-14.0,-26.0,0,1.0,0.0,-1.0,-1.0,-0.08,3316.98,-0.59
20160919,3242.742,3264.899,3242.742,3263.124,-33.23,1,29.03,26.19,-45.46,-0.3,1,-12.0,0,1.0,-9.0,-23.0,0,1001.0,1.0,-1.0,0.0,-0.02,3311.92,-0.37
20160920,3264.664,3265.035,3252.388,3257.403,-29.71,0,3.52,25.24,-40.72,-0.23,0,-10.0,0,2.0,1.0,-19.0,0,2001.0,2.0,-1.0,1.0,0.05,3306.54,-0.37
20160921,3257.709,3270.902,3254.321,3266.636,-18.87,1,10.84,43.39,-30.53,-0.1,1,-6.0,1,4.0,7.0,-15.0,1,2001.0,2.0,-1.0,1.0,0.05,3303.03,-0.28
20160922,3281.471,3303.199,3277.979,3291.121,1.4,1,20.27,34.63,8.45,0.13,1,-4.0,0,2.0,8.0,-5.0,0,4001.0,4.0,-1.0,3.0,0.16,3300.49,-0.07
20160923,3292.278,3293.916,3275.025,3275.666,-6.47,0,-7.87,23.24,52.95,0.03,0,-6.0,0,-2.0,4.0,-3.0,0,2001.0,2.0,-1.0,1.0,0.04,3297.78,-0.17
20160926,3267.69,3267.69,3220.283,3220.283,-53.75,-1,-47.28,-34.88,1.2,-0.47,-1,-5.0,0,1.0,1.0,6.0,0,2001.0,2.0,-1.0,1.0,0.04,3293.35,-0.55
20160927,3214.87,3240.775,3214.441,3240.754,-36.78,0,16.97,-38.18,25.48,-0.24,0,-5.0,0,0.0,-1.0,8.0,0,2001.0,2.0,-1.0,1.0,0.04,3290.03,-0.37
20160928,3243.647,3243.647,3227.996,3230.89,-39.89,0,-3.11,-33.42,-6.66,-0.25,0,0.0,1,5.0,6.0,12.0,1,2001.0,2.0,-1.0,1.0,0.04,3286.19,-0.42
20160929,3234.857,3257.766,3234.803,3244.387,-24.39,1,15.5,29.36,5.32,-0.07,1,6.0,1,6.0,11.0,16.0,1,2001.0,2.0,-1.0,1.0,0.04,3282.81,-0.29
20160930,3240.177,3260.94,3239.036,3253.284,-13.38,1,11.01,23.4,5.49,0.05,1,14.0,1,8.0,19.0,20.0,1,1001.0,1.0,-1.0,0.0,-0.02,3279.08,-0.2
20161010,3265.364,3294.64,3258.958,3293.868,27.64,1,41.02,67.53,26.24,0.48,1,20.0,1,6.0,20.0,24.0,1,2001.0,2.0,-1.0,1.0,0.04,3278.7,0.12
20161011,3296.867,3308.004,3292.877,3306.557,37.89,1,10.25,62.28,44.36,0.54,1,24.0,1,4.0,18.0,30.0,1,3001.0,3.0,-1.0,2.0,0.09,3278.32,0.21
20161012,3299.138,3302.561,3289.753,3300.009,30.03,0,-7.86,43.41,83.78,0.41,0,31.0,1,7.0,17.0,36.0,1,3001.0,3.0,-1.0,2.0,0.08,3277.33,0.17
20161013,3299.155,3307.409,3292.397,3302.645,27.05,0,-2.98,-0.59,63.83,0.34,0,33.0,0,2.0,13.0,38.0,0,3001.0,3.0,-1.0,2.0,0.08,3275.34,0.21
20161014,3298.734,3306.685,3285.729,3305.848,29.08,0,2.03,-8.81,68.97,0.33,0,32.0,0,-1.0,8.0,32.0,0,2000.0,2.0,-0.0,2.0,0.07,3273.59,0.24
20161017,3305.963,3309.009,3271.541,3277.878,8.62,-1,-20.46,-21.41,33.01,0.08,-1,43.0,1,11.0,12.0,37.0,1,3001.0,3.0,-1.0,2.0,0.07,3270.5,0.06
20161018,3272.681,3321.332,3272.681,3321.332,49.67,1,41.05,22.62,63.05,0.5,1,44.0,0,1.0,11.0,30.0,0,5000.0,5.0,-0.0,5.0,0.22,3270.67,0.38
20161019,3323.303,3332.52,3309.831,3316.24,46.29,0,-3.38,17.21,18.65,0.42,0,48.0,1,4.0,16.0,28.0,0,6000.0,6.0,-0.0,6.0,0.26,3273.35,0.33
20161020,3317.179,3324.903,3312.174,3318.604,43.47,0,-2.82,34.85,5.58,0.35,0,52.0,1,4.0,9.0,28.0,1,4000.0,4.0,-0.0,4.0,0.13,3276.26,0.32
20161021,3315.715,3341.56,3309.178,3327.74,51.42,1,7.95,1.75,21.39,0.4,0,53.0,0,1.0,9.0,22.0,0,7000.0,7.0,-0.0,7.0,0.28,3280.71,0.36
20161024,3332.512,3382.825,3330.967,3367.577,78.55,1,27.13,32.26,51.5,0.65,1,57.0,1,4.0,9.0,24.0,0,7000.0,7.0,-0.0,7.0,0.26,3285.94,0.62
20161025,3367.475,3373.913,3356.585,3367.454,68.45,0,-10.1,24.98,39.37,0.48,0,51.0,0,-6.0,-1.0,19.0,-1,5000.0,5.0,-0.0,5.0,0.13,3291.44,0.58
20161026,3365.197,3367.831,3349.574,3354.8,48.16,-1,-20.29,-3.26,39.54,0.22,-1,51.0,0,0.0,-2.0,8.0,0,2000.0,2.0,-0.0,2.0,-0.04,3295.85,0.45
20161027,3351.46,3352.354,3335.133,3345.695,33.64,-1,-14.52,-44.91,-16.03,0.05,-1,47.0,-1,-4.0,-10.0,3.0,-1,0.0,0.0,-0.0,0.0,-0.15,3298.58,0.36
20161028,3347.143,3370.748,3337.288,3340.126,19.44,-1,-14.2,-49.01,-26.85,-0.11,-1,47.0,0,0.0,-4.0,-1.0,0,0.0,0.0,-0.0,0.0,-0.15,3301.8,0.29
20161031,3332.406,3340.47,3317.328,3336.278,16.66,0,-2.78,-31.5,-26.81,-0.12,0,44.0,0,-3.0,-7.0,-8.0,0,1000.0,1.0,-0.0,1.0,-0.09,3307.6,0.22
20161101,3338.71,3359.394,3334.457,3359.052,33.88,1,17.22,0.24,-17.54,0.07,1,46.0,0,2.0,-1.0,-7.0,0,1000.0,1.0,-0.0,1.0,-0.09,3313.51,0.35
20161102,3350.71,3356.397,3331.384,3333.352,8.63,-1,-25.25,-10.81,-69.92,-0.2,-1,47.0,0,1.0,0.0,-10.0,0,3000.0,3.0,-0.0,3.0,0.02,3318.64,0.11
20161103,3326.905,3379.989,3324.838,3365.085,36.1,1,27.47,19.44,-32.35,0.1,1,52.0,1,5.0,8.0,1.0,1,4000.0,4.0,-0.0,4.0,0.07,3324.67,0.31
20161104,3362.206,3377.639,3348.426,3354.175,26.13,0,-9.97,-7.75,-22.03,-0.01,0,56.0,1,4.0,10.0,5.0,1,3000.0,3.0,-0.0,3.0,0.0,3329.72,0.19
20161107,3353.444,3362.742,3342.312,3356.592,24.17,0,-1.96,15.54,-9.47,-0.03,0,57.0,0,1.0,10.0,10.0,0,2000.0,2.0,-0.0,2.0,-0.06,3332.85,0.18
20161108,3367.697,3383.917,3361.129,3371.118,32.96,0,8.79,-3.14,13.52,0.06,0,61.0,1,4.0,9.0,14.0,1,1000.0,1.0,-0.0,1.0,-0.11,3336.08,0.27
20161109,3370.6,3373.096,3322.08,3353.055,14.95,-1,-18.01,-11.18,-1.71,-0.13,-1,63.0,0,2.0,7.0,19.0,0,4000.0,4.0,-0.0,4.0,0.05,3338.73,0.11
20161110,3374.906,3403.016,3374.906,3390.612,50.98,1,36.03,26.81,17.1,0.26,1,72.0,1,9.0,15.0,26.0,1,3000.0,3.0,-0.0,3.0,-0.01,3343.13,0.36
20161111,3387.948,3422.672,3382.893,3417.221,75.37,1,24.39,42.41,66.74,0.49,1,76.0,1,4.0,15.0,29.0,1,5000.0,5.0,-0.0,5.0,0.1,3348.7,0.52
20161114,3409.224,3452.616,3408.139,3430.248,87.14,1,11.77,72.19,51.04,0.57,1,75.0,0,-1.0,12.0,23.0,0,8000.0,8.0,-0.0,8.0,0.26,3356.32,0.56
20161115,3428.866,3434.922,3415.995,3429.87,70.23,0,-16.91,19.25,44.1,0.34,0,71.0,-1,-4.0,-1.0,15.0,-1,5000.0,5.0,-0.0,5.0,0.08,3361.74,0.52
20161116,3432.434,3435.637,3419.244,3429.592,64.03,-1,-6.2,-11.34,39.86,0.24,-1,74.0,0,3.0,-2.0,17.0,0,3000.0,3.0,-0.0,3.0,-0.02,3367.41,0.47
20161117,3423.465,3437.669,3412.877,3436.535,66.22,0,2.19,-20.92,33.26,0.24,0,69.0,-1,-5.0,-6.0,8.0,-1,5000.0,5.0,-0.0,5.0,0.09,3373.31,0.48
20161118,3437.49,3443.119,3413.27,3417.455,38.89,-1,-27.33,-31.34,23.94,-0.07,-1,67.0,0,-2.0,-4.0,4.0,0,3000.0,3.0,-0.0,3.0,-0.01,3377.79,0.3
20161121,3412.652,3463.142,3412.08,3441.111,54.07,0,15.18,-9.96,3.09,0.1,0,68.0,0,1.0,-6.0,-4.0,0,5000.0,5.0,-0.0,5.0,0.11,3381.47,0.45
20161122,3443.22,3469.219,3443.22,3468.364,71.9,1,17.83,5.68,-3.47,0.27,1,67.0,0,-1.0,-2.0,-9.0,0,6000.0,6.0,-0.0,6.0,0.16,3386.52,0.62
20161123,3473.895,3492.956,3465.764,3474.729,61.75,0,-10.15,22.86,-25.39,0.14,0,68.0,0,1.0,1.0,-7.0,0,5000.0,5.0,-0.0,5.0,0.09,3392.51,0.62
20161124,3468.807,3508.165,3467.011,3488.74,59.82,0,-1.93,5.75,-10.41,0.11,0,70.0,0,2.0,2.0,-1.0,0,6000.0,6.0,-0.0,6.0,0.13,3399.67,0.68
20161125,3490.04,3521.303,3463.948,3521.298,75.74,1,15.92,3.84,11.71,0.26,0,68.0,0,-2.0,1.0,-6.0,0,8000.0,8.0,-0.0,8.0,0.23,3408.72,0.85
20161128,3538.675,3553.36,3528.32,3535.081,85.4,1,9.66,23.65,19.18,0.34,1,61.0,-1,-7.0,-7.0,-8.0,-1,13000.0,13.0,-0.0,13.0,0.48,3418.66,0.88
20161129,3525.901,3583.719,3521.379,3564.04,90.83,1,5.43,31.01,51.94,0.36,0,51.0,-1,-10.0,-19.0,-16.0,-1,11000.0,11.0,-0.0,11.0,0.34,3428.91,1.02
20161130,3557.636,3567.069,3527.023,3538.001,51.29,-1,-39.54,-24.45,-2.78,-0.08,-1,37.0,-1,-14.0,-31.0,-31.0,-1,5001.0,5.0,-1.0,4.0,-0.07,3439.15,0.75
20161201,3543.956,3575.97,3543.245,3565.036,71.43,0,20.14,-13.97,-0.47,0.13,0,25.0,-1,-12.0,-36.0,-42.0,-1,8000.0,8.0,-0.0,8.0,0.15,3449.14,0.88
20161202,3559.771,3562.55,3516.788,3528.955,34.02,-1,-37.41,-56.81,-27.73,-0.27,-1,8.0,-1,-17.0,-43.0,-60.0,-1,5000.0,5.0,-0.0,5.0,-0.03,3457.88,0.54
20161205,3473.688,3496.884,3457.343,3469.407,-12.4,-1,-46.42,-63.69,-72.22,-0.73,-1,-2.0,-1,-10.0,-39.0,-72.0,-1,2000.0,2.0,-0.0,2.0,-0.2,3463.52,0.04
20161206,3466.242,3477.59,3456.807,3459.153,-25.11,-1,-12.71,-96.54,-100.85,-0.79,-1,-4.0,0,-2.0,-29.0,-72.0,0,1001.0,1.0,-1.0,0.0,-0.31,3467.93,-0.07
20161207,3458.369,3475.747,3445.756,3475.747,-4.89,0,20.22,-38.91,-90.29,-0.51,0,-9.0,-1,-5.0,-17.0,-70.0,0,0.0,0.0,-0.0,0.0,-0.3,3474.06,0.01
20161208,3481.807,3484.34,3466.512,3470.143,-11.28,0,-6.39,1.12,-102.11,-0.52,0,-11.0,0,-2.0,-9.0,-62.0,0,1001.0,1.0,-1.0,0.0,-0.29,3478.04,-0.06
20161209,3464.873,3507.928,3461.761,3493.7,4.63,1,15.91,29.74,-46.66,-0.31,1,-24.0,-1,-13.0,-20.0,-61.0,-1,3001.0,3.0,-1.0,2.0,-0.17,3481.86,0.09
20161212,3489.268,3495.802,3400.793,3409.179,-66.44,-1,-71.07,-61.55,-137.87,-1.02,-1,-35.0,-1,-11.0,-26.0,-60.0,-1,2.0,0.0,-2.0,-2.0,-0.37,3480.81,-0.54
20161213,3394.207,3416.215,3370.596,3405.036,-63.89,0,2.55,-52.61,-97.91,-0.9,0,-45.0,-1,-10.0,-34.0,-53.0,-1,4003.0,4.0,-3.0,1.0,-0.19,3479.57,-0.57
20161214,3399.411,3412.28,3378.266,3378.945,-80.11,0,-16.22,-84.74,-67.71,-0.98,0,-49.0,-1,-4.0,-25.0,-47.0,0,1005.0,1.0,-5.0,-4.0,-0.45,3477.03,-0.74
20161215,3363.86,3378.037,3327.143,3340.434,-96.93,-1,-16.82,-30.49,-71.82,-1.07,-1,-54.0,-1,-5.0,-19.0,-50.0,0,3.0,0.0,-3.0,-3.0,-0.37,3472.23,-1.0
20161216,3335.363,3356.292,3330.493,3346.031,-83.14,0,13.79,-19.25,-78.25,-0.82,1,-56.0,0,-2.0,-11.0,-47.0,0,2.0,0.0,-2.0,-2.0,-0.3,3468.66,-0.93
20161219,3342.3449,3344.8584,3324.9986,3328.9827,-89.0,0,-5.86,-8.89,-77.72,-0.8,1,-59.0,0,-3.0,-10.0,-48.0,0,3.0,0.0,-3.0,-3.0,-0.34,3463.05,-1.02
20161220,3328.2985,3329.1022,3289.2682,3309.0641,-94.31,0,-5.31,2.62,-98.94,-0.78,0,-60.0,0,-1.0,-6.0,-36.0,0,4.0,0.0,-4.0,-4.0,-0.36,3455.09,-1.11
20161221,3313.7451,3342.4761,3313.7451,3338.536,-49.91,1,44.4,33.23,16.53,-0.24,1,-60.0,0,0.0,-4.0,-25.0,0,1003.0,1.0,-3.0,-2.0,-0.23,3448.28,-0.83
20161222,3335.1218,3340.3628,3322.7196,3335.672,-48.12,0,1.79,40.88,15.77,-0.2,0,-60.0,0,0.0,-1.0,-15.0,0,2003.0,2.0,-3.0,-1.0,-0.15,3440.62,-0.8
20161223,3333.4009,3334.8937,3300.8843,3307.5991,-65.23,0,-17.11,29.08,14.88,-0.36,0,-55.0,1,5.0,5.0,-6.0,1,3005.0,3.0,-5.0,-2.0,-0.18,3429.94,-0.93
20161226,3293.2236,3322.4212,3267.0481,3322.4006,-48.61,0,16.62,1.3,48.32,-0.15,1,-55.0,0,0.0,5.0,-1.0,0,4003.0,4.0,-3.0,1.0,0.03,3419.3,-0.73
20161227,3319.2061,3330.2324,3315.8318,3316.3852,-51.03,0,-2.42,-2.91,32.11,-0.16,0,-52.0,0,3.0,8.0,4.0,0,2002.0,2.0,-2.0,0.0,0.0,3406.92,-0.69
20161228,3315.7526,3320.5467,3293.1737,3301.8887,-58.51,0,-7.48,6.72,30.49,-0.23,0,-53.0,0,-1.0,2.0,6.0,0,2002.0,2.0,-2.0,0.0,0.01,3395.11,-0.71
20161229,3297.036,3312.113,3288.0959,3297.7648,-54.38,0,4.13,-5.77,39.93,-0.16,0,-46.0,1,7.0,9.0,14.0,1,2.0,0.0,-2.0,-2.0,-0.07,3381.75,-0.64
20161230,3302.5993,3313.5497,3295.7513,3310.0808,-37.54,1,16.84,13.49,12.37,0.03,1,-38.0,1,8.0,14.0,22.0,1,1001.0,1.0,-1.0,0.0,0.05,3370.81,-0.46
20170103,3313.9534,3345.2629,3313.9534,3342.2272,-3.79,1,33.75,54.72,44.33,0.38,1,-34.0,1,4.0,19.0,26.0,1,0.0,0.0,-0.0,0.0,0.06,3364.45,-0.17
20170104,3340.5576,3369.5658,3338.1527,3368.3117,19.79,1,23.58,74.17,85.02,0.59,1,-33.0,0,1.0,13.0,22.0,0,1000.0,1.0,-0.0,1.0,0.11,3359.91,0.06
20170105,3368.3402,3373.4119,3361.462,3367.7892,22.16,0,2.37,59.7,70.77,0.56,0,-29.0,1,4.0,9.0,26.0,1,2000.0,2.0,-0.0,2.0,0.17,3354.51,0.1
20170106,3366.8522,3368.8705,3346.8914,3347.6665,5.31,0,-16.85,9.1,56.34,0.33,-1,-24.0,1,5.0,10.0,28.0,1,1000.0,1.0,-0.0,1.0,0.11,3348.38,-0.01
20170109,3345.7483,3366.2219,3344.3472,3363.9014,21.67,0,16.36,1.88,80.18,0.47,0,-17.0,1,7.0,16.0,36.0,1,1000.0,1.0,-0.0,1.0,0.11,3341.89,0.17
20170110,3361.6394,3370.5051,3354.0878,3358.2716,8.52,0,-13.15,-13.64,62.9,0.29,-1,-17.0,0,0.0,12.0,29.0,0,1000.0,1.0,-0.0,1.0,0.1,3339.35,0.14
20170111,3355.8008,3366.6315,3334.2978,3334.4954,-8.71,-1,-17.23,-14.02,28.83,0.08,-1,-15.0,0,2.0,9.0,23.0,0,1001.0,1.0,-1.0,0.0,0.05,3335.82,-0.01
20170112,3332.6857,3343.1279,3315.9629,3317.6241,-26.11,-1,-17.4,-47.78,-22.32,-0.11,-1,-14.0,0,1.0,3.0,20.0,0,2003.0,2.0,-3.0,-1.0,-0.02,3332.76,-0.11
20170113,3317.9625,3338.174,3309.3741,3319.9122,-29.48,0,-3.37,-38.0,-49.27,-0.13,0,-16.0,0,-2.0,1.0,17.0,0,3.0,0.0,-3.0,-3.0,-0.13,3331.73,-0.09
20170116,3314.1507,3322.7819,3264.2071,3319.4455,-25.2,0,4.28,-16.49,-47.36,-0.08,0,-11.0,1,5.0,4.0,18.0,0,2.0,0.0,-2.0,-2.0,-0.08,3330.4,-0.08
20170117,3305.6001,3327.3767,3292.2044,3326.3563,-20.02,1,5.18,6.09,-25.33,-0.02,1,-8.0,0,3.0,6.0,16.0,0,2.0,0.0,-2.0,-2.0,-0.08,3330.27,-0.03
20170118,3323.3389,3350.9619,3320.4062,3339.3653,-10.51,1,9.51,18.97,-32.18,0.09,1,-5.0,0,3.0,11.0,12.0,0,2.0,0.0,-2.0,-2.0,-0.09,3331.78,0.06
20170119,3330.9522,3346.4959,3324.6835,3329.2891,-19.43,0,-8.92,5.77,-27.95,-0.02,0,2.0,1,7.0,13.0,19.0,1,3.0,0.0,-3.0,-3.0,-0.14,3331.32,-0.02
20170120,3326.9773,3358.4121,3326.374,3354.8891,5.38,1,24.81,25.4,14.09,0.25,1,8.0,1,6.0,16.0,23.0,1,2.0,0.0,-2.0,-2.0,-0.08,3332.28,0.17
20170123,3359.0543,3378.7388,3355.8475,3364.0808,16.9,1,11.52,27.41,43.01,0.34,1,15.0,1,7.0,20.0,29.0,1,2.0,0.0,-2.0,-2.0,-0.08,3335.11,0.22
20170124,3363.1374,3371.32,3355.899,3364.4509,20.35,0,3.45,39.78,49.83,0.35,0,19.0,1,4.0,17.0,35.0,1,0.0,0.0,-0.0,0.0,0.04,3337.21,0.21
20170125,3361.6561,3376.4415,3357.2183,3375.9042,27.62,1,7.27,22.24,52.82,0.39,1,28.0,1,9.0,20.0,39.0,1,0.0,0.0,-0.0,0.0,0.04,3340.19,0.27
20170126,3378.2609,3395.8848,3378.2609,3387.9606,36.44,1,8.82,19.54,56.46,0.44,1,36.0,1,8.0,21.0,44.0,1,1000.0,1.0,-0.0,1.0,0.09,3344.49,0.33
20170203,3390.9315,3392.4773,3362.5653,3364.4923,14.42,-1,-22.02,-5.93,24.93,0.17,-1,45.0,1,9.0,26.0,50.0,1,0.0,0.0,-0.0,0.0,0.03,3347.83,0.13
20170206,3368.1081,3381.3348,3358.7516,3373.2051,23.49,0,9.07,-4.13,42.92,0.25,0,52.0,1,7.0,24.0,50.0,1,0.0,0.0,-0.0,0.0,0.03,3350.98,0.17
20170207,3371.7695,3376.7099,3354.6251,3365.6849,18.87,0,-4.62,-17.57,13.49,0.18,0,55.0,0,3.0,19.0,47.0,0,0.0,0.0,-0.0,0.0,0.03,3352.15,0.1
20170208,3361.7811,3383.6859,3347.4302,3383.2878,35.06,1,16.19,20.64,18.16,0.33,1,66.0,1,11.0,21.0,51.0,1,0.0,0.0,-0.0,0.0,0.03,3352.9,0.23
20170209,3381.8992,3406.5888,3379.7872,3396.2924,43.27,1,8.21,19.78,22.92,0.38,1,72.0,1,6.0,20.0,53.0,1,0.0,0.0,-0.0,0.0,0.04,3354.33,0.32
20170210,3398.3173,3422.3256,3398.0295,3413.4868,56.53,1,13.26,37.66,28.91,0.49,1,77.0,1,5.0,22.0,49.0,0,1000.0,1.0,-0.0,1.0,0.09,3357.62,0.42
20170213,3416.9168,3439.5432,3416.8746,3436.275,71.82,1,15.29,36.76,35.38,0.6,1,79.0,0,2.0,13.0,43.0,0,1000.0,1.0,-0.0,1.0,0.09,3361.24,0.57
20170214,3438.511,3440.6748,3424.4028,3435.8042,64.85,0,-6.97,21.58,50.43,0.47,0,80.0,0,1.0,8.0,35.0,0,3000.0,3.0,-0.0,3.0,0.2,3365.12,0.54
20170215,3435.3882,3448.0322,3417.0811,3421.7131,48.0,-1,-16.85,-8.53,24.51,0.25,-1,87.0,1,7.0,10.0,35.0,0,2000.0,2.0,-0.0,2.0,0.14,3369.48,0.4
20170216,3421.8299,3440.9331,3418.3514,3440.9331,63.28,0,15.28,-8.54,44.41,0.39,0,90.0,0,3.0,11.0,35.0,0,2000.0,2.0,-0.0,2.0,0.13,3375.64,0.5
20170217,3443.6166,3457.5562,3419.6143,3421.4419,27.78,-1,-35.5,-37.07,-7.28,-0.02,-1,91.0,0,1.0,11.0,25.0,0,0.0,0.0,-0.0,0.0,0.01,3380.72,0.31
20170220,3421.6434,3472.6035,3421.6434,3471.3926,70.76,1,42.98,22.76,27.49,0.43,0,95.0,1,4.0,8.0,23.0,-1,3000.0,3.0,-0.0,3.0,0.17,3388.32,0.63
20170221,3475.0584,3490.0855,3472.017,3482.823,73.35,0,2.59,10.07,16.82,0.42,0,96.0,0,1.0,6.0,19.0,0,1000.0,1.0,-0.0,1.0,0.04,3396.14,0.66
20170222,3483.2008,3489.946,3473.524,3489.7567,74.35,0,1.0,46.57,2.53,0.39,0,95.0,0,-1.0,4.0,16.0,0,1000.0,1.0,-0.0,1.0,0.03,3403.66,0.65
20170223,3487.5745,3492.9616,3460.118,3473.3236,57.86,-1,-16.49,-12.9,-6.99,0.18,-1,92.0,0,-3.0,-3.0,12.0,0,3000.0,3.0,-0.0,3.0,0.13,3410.86,0.47
20170224,3468.9588,3473.8517,3455.2514,3473.8517,61.39,0,3.53,-11.96,13.39,0.2,0,88.0,-1,-4.0,-8.0,1.0,-1,3000.0,3.0,-0.0,3.0,0.12,3416.81,0.43
20170227,3471.1319,3472.8356,3441.3938,3446.2228,32.08,-1,-29.31,-42.27,-31.2,-0.13,-1,87.0,0,-1.0,-8.0,-3.0,0,2000.0,2.0,-0.0,2.0,0.05,3420.92,0.19
20170228,3445.0274,3460.9089,3441.3589,3452.8103,49.6,0,17.52,-8.26,21.82,0.07,0,85.0,0,-2.0,-7.0,-6.0,0,3000.0,3.0,-0.0,3.0,0.1,3425.33,0.21
20170301,3452.2058,3472.6962,3449.109,3458.4376,54.34,0,4.74,-7.05,-16.42,0.11,0,86.0,0,1.0,-2.0,-9.0,0,4000.0,4.0,-0.0,4.0,0.14,3429.46,0.22
20170302,3463.4829,3468.471,3434.001,3435.0963,31.39,-1,-22.95,-0.69,-41.96,-0.14,-1,81.0,-1,-5.0,-6.0,-15.0,-1,4000.0,4.0,-0.0,4.0,0.13,3431.82,0.02
20170303,3424.6627,3428.8824,3412.8312,3427.8628,19.46,-1,-11.93,-30.14,-54.89,-0.25,-1,80.0,0,-1.0,-5.0,-15.0,0,3000.0,3.0,-0.0,3.0,0.07,3434.99,-0.05
20170306,3427.2533,3449.0342,3425.9041,3446.484,32.53,0,13.07,-21.81,-25.33,-0.09,0,75.0,-1,-5.0,-11.0,-17.0,-1,2000.0,2.0,-0.0,2.0,0.01,3438.65,0.06
20170307,3446.1628,3454.0386,3440.0574,3453.9565,31.67,0,-0.86,0.28,-29.72,-0.09,0,73.0,0,-2.0,-8.0,-15.0,0,2000.0,2.0,-0.0,2.0,0.0,3443.06,0.08
20170308,3452.2006,3457.0351,3441.2575,3448.7313,24.66,0,-7.01,5.2,-7.42,-0.16,0,68.0,-1,-5.0,-12.0,-19.0,-1,3000.0,3.0,-0.0,3.0,0.05,3446.33,0.02
20170309,3442.8953,3443.0455,3414.6782,3426.9438,-2.98,-1,-27.64,-35.51,-52.58,-0.43,-1,69.0,0,1.0,-6.0,-16.0,0,2000.0,2.0,-0.0,2.0,-0.01,3447.87,-0.16
20170310,3423.9776,3436.2388,3423.9369,3427.8916,-5.39,0,-2.41,-37.06,-59.73,-0.41,0,64.0,-1,-5.0,-9.0,-22.0,-1,2000.0,2.0,-0.0,2.0,-0.02,3448.59,-0.16
20170313,3425.6723,3458.098,3412.6879,3458.098,23.44,0,28.83,-1.22,-7.95,-0.07,1,66.0,0,2.0,-2.0,-15.0,0,2000.0,2.0,-0.0,2.0,-0.02,3449.68,0.06
20170314,3456.6584,3465.3915,3448.9034,3456.6934,22.4,0,-1.04,25.38,2.94,-0.08,0,66.0,0,0.0,-3.0,-14.0,0,1000.0,1.0,-0.0,1.0,-0.07,3450.72,0.05
20170315,3452.2139,3463.9191,3445.2676,3463.6436,25.09,0,2.69,30.48,-7.44,-0.04,0,60.0,-1,-6.0,-4.0,-15.0,-1,2000.0,2.0,-0.0,2.0,-0.01,3452.82,0.08
20170316,3472.2694,3492.1267,3472.2694,3481.5066,45.54,1,20.45,22.1,13.87,0.18,1,57.0,0,-3.0,-9.0,-16.0,0,2000.0,2.0,-0.0,2.0,-0.01,3454.85,0.2
20170317,3485.3114,3488.4969,3441.4685,3445.8051,6.97,-1,-38.57,-15.43,-17.69,-0.24,-1,53.0,-1,-4.0,-13.0,-15.0,-1,0.0,0.0,-0.0,0.0,-0.13,3456.07,-0.08
20170320,3449.0515,3454.063,3429.8254,3449.6126,14.37,0,7.4,-10.72,17.35,-0.14,0,52.0,0,-1.0,-8.0,-17.0,0,0.0,0.0,-0.0,0.0,-0.12,3454.98,-0.04
20170321,3449.7696,3466.7026,3445.6416,3466.3468,25.05,0,10.68,-20.49,30.44,-0.02,0,54.0,0,2.0,-3.0,-10.0,0,1000.0,1.0,-0.0,1.0,-0.06,3454.15,0.09
20170322,3450.7544,3464.3328,3433.4994,3450.0502,8.98,0,-16.07,2.01,-14.46,-0.18,0,55.0,0,1.0,2.0,-11.0,0,3000.0,3.0,-0.0,3.0,0.05,3452.17,-0.02
20170323,3452.4056,3470.8164,3435.6912,3461.9782,14.29,0,5.31,-0.08,-8.11,-0.11,0,50.0,-1,-5.0,-2.0,-16.0,0,0.0,0.0,-0.0,0.0,-0.12,3451.6,0.08
20170324,3464.1966,3499.3179,3461.1108,3489.5997,38.59,1,24.3,13.54,13.5,0.15,1,47.0,0,-3.0,-7.0,-13.0,0,1000.0,1.0,-0.0,1.0,-0.05,3452.39,0.28
20170327,3488.7647,3505.9789,3474.5206,3478.0385,27.97,0,-10.62,18.99,-17.57,0.03,0,43.0,-1,-4.0,-12.0,-14.0,-1,0.0,0.0,-0.0,0.0,-0.11,3453.98,0.18
20170328,3480.249,3482.2923,3461.4678,3469.8093,18.72,0,-9.25,4.43,11.75,-0.07,0,42.0,0,-1.0,-8.0,-11.0,0,0.0,0.0,-0.0,0.0,-0.1,3454.83,0.11
20170329,3472.9665,3483.0571,3455.5529,3465.1933,10.97,-1,-7.75,-27.62,-3.4,-0.15,-1,43.0,0,1.0,-4.0,-9.0,0,0.0,0.0,-0.0,0.0,-0.09,3455.17,0.08
20170330,3461.6159,3467.3049,3422.366,3436.758,-19.67,-1,-30.64,-47.64,-44.72,-0.45,-1,42.0,0,-1.0,-1.0,-12.0,0,0.0,0.0,-0.0,0.0,-0.07,3455.25,-0.14
20170331,3434.8222,3456.3051,3430.8197,3456.0455,1.45,0,21.12,-17.27,-7.53,-0.19,0,44.0,0,2.0,2.0,-11.0,0,0.0,0.0,-0.0,0.0,-0.07,3456.66,-0.0
20170405,3476.4231,3504.5379,3475.1486,3503.8932,49.66,1,48.21,38.69,35.37,0.33,1,41.0,0,-3.0,-2.0,-9.0,0,2000.0,2.0,-0.0,2.0,0.05,3459.53,0.34
20170406,3507.9879,3517.7779,3495.7246,3514.0469,55.13,1,5.47,74.8,16.54,0.36,1,46.0,1,5.0,4.0,-1.0,1,3000.0,3.0,-0.0,3.0,0.1,3462.53,0.39
20170407,3514.4521,3526.815,3506.3885,3517.4634,52.53,0,-2.6,51.08,24.56,0.3,0,47.0,0,1.0,3.0,4.0,0,1000.0,1.0,-0.0,1.0,-0.01,3465.97,0.39
20170410,3519.4597,3522.7955,3502.0826,3505.1392,33.75,-1,-18.78,-15.91,15.03,0.07,-1,43.0,0,-4.0,2.0,1.0,0,6000.0,6.0,-0.0,6.0,0.27,3469.88,0.27
20170411,3503.8294,3520.1315,3466.139,3517.328,44.15,0,10.4,-10.98,33.18,0.17,0,40.0,0,-3.0,-6.0,-3.0,0,5000.0,5.0,-0.0,5.0,0.2,3474.35,0.33
20170412,3514.5723,3523.0975,3497.9991,3509.4387,24.9,-1,-19.25,-27.63,44.57,-0.04,-1,31.0,-1,-9.0,-16.0,-11.0,-1,2000.0,2.0,-0.0,2.0,0.03,3476.92,0.25
20170413,3500.2838,3518.4385,3496.5699,3514.5662,23.99,0,-0.91,-9.76,22.54,-0.05,0,26.0,-1,-5.0,-17.0,-18.0,-1,1000.0,1.0,-0.0,1.0,-0.03,3479.81,0.26
20170414,3516.8103,3517.4664,3476.9468,3486.5045,-6.46,-1,-30.45,-50.61,-56.12,-0.36,-1,23.0,0,-3.0,-17.0,-18.0,0,0.0,0.0,-0.0,0.0,-0.08,3480.96,0.04
20170417,3475.7381,3480.5696,3453.6759,3479.9417,-14.98,-1,-8.52,-39.88,-70.11,-0.42,-1,12.0,-1,-11.0,-19.0,-34.0,-1,0.0,0.0,-0.0,0.0,-0.07,3480.88,-0.01
20170418,3474.8892,3489.0845,3462.6297,3462.7429,-30.1,-1,-15.12,-54.09,-82.63,-0.54,-1,7.0,-1,-5.0,-19.0,-40.0,-1,2.0,0.0,-2.0,-2.0,-0.18,3481.72,-0.14
20170419,3452.9904,3459.3524,3418.514,3445.8761,-44.11,-1,-14.01,-37.65,-77.86,-0.63,-1,3.0,-1,-4.0,-20.0,-40.0,0,1.0,0.0,-1.0,-1.0,-0.12,3481.54,-0.27
20170420,3444.5225,3465.6088,3440.7151,3461.5481,-24.72,0,19.39,-9.74,-68.87,-0.37,1,-2.0,-1,-5.0,-14.0,-42.0,-1,2.0,0.0,-2.0,-2.0,-0.17,3481.3,-0.15
20170421,3461.389,3475.5622,3449.5421,3466.7865,-17.13,1,7.59,12.97,-42.03,-0.25,1,-11.0,-1,-9.0,-18.0,-42.0,-1,1.0,0.0,-1.0,-1.0,-0.1,3482.13,-0.12
20170424,3458.2279,3458.2279,3403.9792,3431.2587,-59.9,-1,-42.77,-15.79,-83.89,-0.68,-1,-15.0,-1,-4.0,-18.0,-41.0,0,2.0,0.0,-2.0,-2.0,-0.15,3480.6,-0.37
20170425,3427.7322,3449.6716,3422.6521,3440.9743,-52.6,0,7.3,-27.88,-46.14,-0.54,0,-19.0,-1,-4.0,-17.0,-42.0,0,5.0,0.0,-5.0,-5.0,-0.31,3478.17,-0.28
20170426,3440.2526,3466.5651,3439.1505,3445.1832,-47.89,0,4.71,-30.76,-32.91,-0.44,0,-23.0,-1,-4.0,-12.0,-35.0,0,6.0,0.0,-6.0,-6.0,-0.35,3476.52,-0.24
20170427,3435.1017,3449.2723,3399.5392,3446.7202,-34.63,1,13.26,25.27,-4.53,-0.26,1,-14.0,1,9.0,1.0,-21.0,1,2.0,0.0,-2.0,-2.0,-0.11,3475.37,-0.22
20170428,3439.5735,3439.904,3417.2375,3439.753,-35.66,0,-1.03,16.94,8.45,-0.24,0,-18.0,0,-4.0,1.0,-21.0,0,1.0,0.0,-1.0,-1.0,-0.05,3474.1,-0.26
20170502,3427.9169,3436.3064,3418.6652,3426.5766,-40.72,0,-5.06,7.17,-16.0,-0.27,0,-25.0,-1,-7.0,-2.0,-23.0,0,1.0,0.0,-1.0,-1.0,-0.05,3473.59,-0.36
20170503,3421.7586,3432.2248,3403.0782,3413.1282,-48.82,-1,-8.1,-14.19,-31.69,-0.33,-1,-32.0,-1,-7.0,-18.0,-21.0,-1,3.0,0.0,-3.0,-3.0,-0.16,3471.44,-0.44
20170504,3404.9379,3421.3953,3391.277,3404.3864,-52.28,0,-3.46,-16.62,7.62,-0.34,0,-33.0,0,-1.0,-15.0,-18.0,0,3.0,0.0,-3.0,-3.0,-0.14,3466.47,-0.47
20170505,3393.4831,3395.4532,3366.5568,3382.5502,-69.73,-1,-17.45,-29.01,-17.13,-0.49,-1,-31.0,0,2.0,-6.0,-12.0,0,4.0,0.0,-4.0,-4.0,-0.18,3459.89,-0.59
20170508,3369.1084,3374.1571,3339.5743,3358.8125,-85.6,-1,-15.87,-36.78,-37.71,-0.61,-1,-39.0,-1,-8.0,-7.0,-16.0,0,6.0,0.0,-6.0,-6.0,-0.27,3451.96,-0.71
20170509,3342.5981,3358.0463,3327.5901,3352.5324,-74.37,0,11.23,-22.09,-39.74,-0.43,0,-40.0,0,-1.0,-7.0,-26.0,0,5.0,0.0,-5.0,-5.0,-0.18,3444.33,-0.7
20170510,3350.6502,3369.4345,3336.003,3337.7007,-89.12,-1,-14.75,-19.39,-53.46,-0.54,0,-40.0,0,0.0,-9.0,-22.0,0,10.0,0.0,-10.0,-10.0,-0.43,3435.35,-0.74
20170511,3322.9455,3359.6003,3312.8921,3356.6459,-67.11,1,22.01,18.49,-26.39,-0.26,1,-37.0,0,3.0,2.0,-12.0,0,6.0,0.0,-6.0,-6.0,-0.18,3427.71,-0.54
20170512,3350.9371,3387.2677,3349.1671,3385.3787,-39.12,1,27.99,35.25,9.7,0.06,1,-38.0,0,-1.0,2.0,-6.0,0,3.0,0.0,-3.0,-3.0,0.01,3421.25,-0.27
20170515,3391.5881,3406.581,3391.5881,3399.1937,-26.36,1,12.76,62.76,25.92,0.18,1,-34.0,1,4.0,6.0,-1.0,1,2.0,0.0,-2.0,-2.0,0.07,3416.88,-0.13
20170516,3390.925,3428.8531,3373.552,3428.6491,6.56,1,32.92,73.67,76.29,0.51,1,-29.0,1,5.0,8.0,2.0,1,1002.0,1.0,-2.0,-1.0,0.13,3414.32,0.11
20170517,3423.19,3433.9695,3408.1541,3409.9656,-5.1,0,-11.66,34.02,80.5,0.34,0,-31.0,0,-2.0,7.0,8.0,0,1.0,0.0,-1.0,-1.0,0.13,3411.68,-0.01
20170518,3387.6655,3409.9319,3383.935,3398.1127,-20.19,0,-15.09,6.17,54.18,0.15,-1,-23.0,1,8.0,11.0,17.0,1,1.0,0.0,-1.0,-1.0,0.13,3409.29,-0.08
20170519,3395.2318,3405.9448,3392.3776,3403.8492,-21.84,0,-1.65,-28.4,67.28,0.12,0,-19.0,1,4.0,10.0,21.0,1,1004.0,1.0,-4.0,-3.0,0.02,3406.41,-0.02
20170522,3400.5882,3424.1776,3391.1748,3411.2387,-27.36,-1,-5.52,-22.26,39.75,0.05,-1,-12.0,1,7.0,19.0,25.0,1,1004.0,1.0,-4.0,-3.0,0.02,3403.63,0.06
20170523,3405.0254,3434.7662,3401.5338,3424.194,-27.26,0,0.1,-7.07,11.86,0.05,0,-7.0,1,5.0,16.0,31.0,1,5.0,0.0,-5.0,-5.0,-0.08,3403.28,0.16
20170524,3409.7169,3424.1669,3383.8922,3424.1669,-22.13,0,5.13,-0.29,4.23,0.1,0,-1.0,1,6.0,18.0,33.0,1,4.0,0.0,-4.0,-4.0,-0.03,3402.44,0.16
20170525,3414.3992,3490.4176,3413.2246,3485.6581,23.64,1,45.77,51.0,17.08,0.56,1,7.0,1,8.0,19.0,36.0,1,2002.0,2.0,-2.0,0.0,0.18,3404.46,0.62
20170526,3479.6206,3498.3148,3473.04,3480.4345,22.82,0,-0.82,50.08,27.92,0.5,0,14.0,1,7.0,21.0,45.0,1,1001.0,1.0,-1.0,0.0,0.18,3406.15,0.56
20170531,3495.073,3515.0812,3474.9215,3492.8845,34.8,0,11.98,56.93,54.99,0.58,0,24.0,1,10.0,25.0,47.0,1,1000.0,1.0,-0.0,1.0,0.23,3408.8,0.64
20170601,3485.2223,3499.8142,3476.4283,3497.7382,30.9,0,-3.9,7.26,52.74,0.48,0,37.0,1,13.0,30.0,56.0,1,3001.0,3.0,-1.0,2.0,0.28,3412.36,0.65
20170602,3491.5893,3498.1189,3470.2017,3486.5074,28.15,0,-2.75,5.33,55.51,0.41,0,43.0,1,6.0,29.0,55.0,1,2000.0,2.0,-0.0,2.0,0.26,3416.03,0.53
20170605,3480.1692,3484.1244,3462.3144,3468.7538,13.71,-1,-14.44,-21.09,40.97,0.22,-1,45.0,0,2.0,21.0,52.0,0,1000.0,1.0,-0.0,1.0,0.2,3419.25,0.38
20170606,3464.3765,3492.8816,3460.4534,3492.8816,25.03,0,11.32,-5.87,47.16,0.32,0,51.0,1,6.0,14.0,52.0,0,1000.0,1.0,-0.0,1.0,0.18,3424.76,0.52
20170607,3493.8846,3537.0947,3491.1328,3533.8718,58.42,1,33.39,30.27,34.78,0.64,1,57.0,1,6.0,14.0,50.0,1,1000.0,1.0,-0.0,1.0,0.16,3433.52,0.76
20170608,3531.2419,3562.2724,3528.179,3560.9786,69.31,1,10.89,55.6,46.49,0.69,1,64.0,1,7.0,19.0,50.0,1,2000.0,2.0,-0.0,2.0,0.2,3443.94,0.89
20170609,3561.2411,3590.8872,3560.6336,3576.1703,76.19,0,6.88,51.16,41.39,0.7,0,67.0,0,3.0,16.0,43.0,0,4000.0,4.0,-0.0,4.0,0.27,3455.86,0.91
20170612,3570.2191,3603.6901,3565.9012,3574.3894,57.63,0,-18.56,-0.79,26.73,0.44,-1,71.0,1,4.0,14.0,34.0,0,1000.0,1.0,-0.0,1.0,0.08,3466.75,0.82
20170613,3569.1594,3584.4094,3559.2134,3582.2674,68.38,0,10.75,-0.93,40.23,0.51,0,77.0,1,6.0,13.0,34.0,0,2000.0,2.0,-0.0,2.0,0.12,3476.6,0.8
20170614,3571.2483,3571.2483,3530.274,3535.2987,36.32,-1,-32.06,-39.87,22.61,0.12,-1,80.0,0,3.0,13.0,35.0,0,1000.0,1.0,-0.0,1.0,0.06,3483.4,0.39
20170615,3530.7465,3542.2796,3508.9461,3528.7926,32.42,0,-3.9,-25.21,7.39,0.07,0,84.0,1,4.0,13.0,33.0,-1,0.0,0.0,-0.0,0.0,-0.0,3488.41,0.31
20170616,3522.9745,3536.1401,3514.3892,3518.7611,21.27,-1,-11.15,-47.11,-37.15,-0.05,-1,88.0,1,4.0,11.0,31.0,-1,0.0,0.0,-0.0,0.0,-0.01,3493.85,0.19
20170619,3520.0602,3554.91,3520.0602,3553.6653,43.41,1,22.14,7.09,-25.9,0.18,1,91.0,0,3.0,11.0,27.0,0,0.0,0.0,-0.0,0.0,-0.01,3501.63,0.39
20170620,3560.7871,3563.6964,3539.5149,3546.494,33.96,0,-9.45,1.54,-42.23,0.07,0,92.0,0,1.0,8.0,25.0,0,0.0,0.0,-0.0,0.0,-0.02,3508.76,0.29
20170621,3567.1256,3587.9863,3545.5666,3587.955,56.93,1,22.97,35.66,-0.7,0.3,1,94.0,0,2.0,6.0,23.0,0,1000.0,1.0,-0.0,1.0,0.03,3517.59,0.53
20170622,3583.5583,3635.5273,3581.3375,3590.3425,47.87,0,-9.06,4.46,-20.51,0.18,0,99.0,1,5.0,8.0,22.0,0,0.0,0.0,-0.0,0.0,-0.04,3525.9,0.49
20170623,3583.4359,3623.2352,3569.3225,3622.8831,59.48,0,11.61,25.52,23.16,0.28,0,101.0,0,2.0,9.0,21.0,0,3000.0,3.0,-0.0,3.0,0.11,3535.84,0.66
20170626,3627.0208,3671.9435,3627.0208,3668.0919,89.58,1,30.1,32.65,57.16,0.57,1,104.0,0,3.0,10.0,20.0,0,1000.0,1.0,-0.0,1.0,-0.01,3544.96,0.93
20170627,3665.5775,3676.5328,3648.7635,3674.7152,86.87,0,-2.71,39.0,65.6,0.49,0,110.0,1,6.0,11.0,22.0,0,4000.0,4.0,-0.0,4.0,0.15,3554.67,0.91
20170628,3664.1629,3672.1887,3644.0268,3646.1666,62.66,0,-24.21,3.18,19.25,0.19,-1,109.0,0,-1.0,8.0,18.0,0,1000.0,1.0,-0.0,1.0,-0.02,3562.34,0.64
20170629,3649.2525,3669.1345,3644.7331,3668.8279,70.07,0,7.41,-19.51,36.11,0.25,0,113.0,1,4.0,9.0,21.0,0,2000.0,2.0,-0.0,2.0,0.04,3570.89,0.74
20170630,3654.7348,3669.7584,3646.2272,3666.7977,69.27,0,-0.8,-17.6,12.34,0.22,0,112.0,0,-1.0,2.0,18.0,0,1000.0,1.0,-0.0,1.0,-0.02,3579.91,0.66
20170703,3667.2316,3667.5957,3633.7825,3650.8463,58.11,-1,-11.16,-4.55,10.24,0.08,-1,107.0,-1,-5.0,-2.0,8.0,-1,1000.0,1.0,-0.0,1.0,-0.02,3589.01,0.47
20170704,3646.828,3646.8455,3611.6911,3619.9841,31.93,-1,-26.18,-38.14,-27.55,-0.2,-1,112.0,0,5.0,-1.0,11.0,0,1000.0,1.0,-0.0,1.0,-0.02,3595.36,0.19
20170705,3611.8984,3660.7291,3610.4586,3659.6795,55.97,0,24.04,-13.3,-33.61,0.07,0,116.0,1,4.0,4.0,12.0,0,1000.0,1.0,-0.0,1.0,-0.02,3601.66,0.44
20170706,3654.5576,3666.7745,3629.56,3660.0967,55.86,0,-0.11,-2.25,-31.01,0.06,0,113.0,0,-3.0,6.0,3.0,0,3000.0,3.0,-0.0,3.0,0.09,3606.61,0.41
20170707,3647.6416,3657.1131,3631.8702,3655.9293,59.8,0,3.94,27.87,-2.86,0.1,0,108.0,-1,-5.0,-4.0,-1.0,-1,2000.0,2.0,-0.0,2.0,0.04,3610.6,0.34
20170710,3647.9379,3667.8455,3641.5277,3653.6868,49.3,-1,-10.5,-6.67,-20.77,-0.02,-1,106.0,0,-2.0,-10.0,-7.0,0,2000.0,2.0,-0.0,2.0,0.04,3614.56,0.3
20170711,3646.8783,3701.2087,3645.9946,3670.8086,44.85,-1,-4.45,-11.01,-24.42,-0.07,-1,105.0,0,-1.0,-8.0,-7.0,0,2000.0,2.0,-0.0,2.0,0.04,3618.99,0.39
20170712,3672.6328,3691.5814,3640.5893,3658.8236,39.58,-1,-5.27,-20.22,-18.53,-0.12,-1,102.0,0,-3.0,-6.0,-5.0,0,1000.0,1.0,-0.0,1.0,-0.02,3625.17,0.26
20170713,3656.3502,3690.4832,3652.5658,3686.9205,63.0,1,23.42,13.7,31.07,0.14,1,106.0,0,4.0,0.0,-6.0,0,5000.0,5.0,-0.0,5.0,0.2,3633.07,0.41
20170714,3682.6153,3703.094,3672.7425,3703.094,74.03,1,11.03,29.18,18.06,0.24,1,107.0,0,1.0,2.0,-9.0,0,6000.0,6.0,-0.0,6.0,0.24,3642.29,0.46
20170717,3700.6179,3716.47,3621.3652,3663.5575,31.63,-1,-42.4,-7.95,-24.23,-0.22,-1,103.0,0,-4.0,1.0,-10.0,-1,13002.0,13.0,-2.0,11.0,0.49,3647.79,0.12
20170718,3648.4942,3667.5408,3622.0414,3667.1807,38.03,0,6.4,-24.97,-21.77,-0.14,0,104.0,0,1.0,-2.0,-4.0,0,10001.0,10.0,-1.0,9.0,0.35,3653.82,0.1
20170719,3660.8665,3731.0468,3658.2035,3729.7466,98.13,1,60.1,24.1,48.83,0.51,1,106.0,0,2.0,-1.0,0.0,0,13001.0,13.0,-1.0,12.0,0.49,3660.91,0.52
20170720,3725.1436,3750.1938,3723.0689,3747.8843,99.53,0,1.4,67.9,54.68,0.47,0,106.0,0,0.0,3.0,1.0,0,11000.0,11.0,-0.0,11.0,0.4,3668.79,0.6
20170721,3738.1847,3751.6947,3722.0656,3728.5976,77.12,0,-22.41,39.09,37.54,0.19,0,98.0,-1,-8.0,-6.0,-4.0,-1,3000.0,3.0,-0.0,3.0,-0.05,3674.07,0.41
20170724,3724.3778,3755.1902,3719.8488,3743.4686,77.18,0,0.06,-20.95,14.18,0.17,0,97.0,0,-1.0,-9.0,-9.0,0,4000.0,4.0,-0.0,4.0,-0.01,3677.84,0.5
20170725,3742.6405,3752.1559,3713.2766,3719.559,50.52,-1,-26.66,-49.01,-23.51,-0.12,-1,94.0,0,-3.0,-12.0,-13.0,0,3000.0,3.0,-0.0,3.0,-0.06,3680.08,0.3
20170726,3722.8761,3738.5316,3684.1819,3705.3884,39.16,-1,-11.36,-37.96,7.53,-0.23,-1,87.0,-1,-7.0,-11.0,-16.0,-1,5000.0,5.0,-0.0,5.0,0.04,3683.04,0.17
20170727,3700.8558,3716.6888,3672.4971,3712.1947,38.12,0,-1.04,-39.06,0.09,-0.22,0,83.0,-1,-4.0,-14.0,-21.0,-1,1000.0,1.0,-0.0,1.0,-0.18,3685.21,0.2
20170728,3703.4895,3725.5378,3696.7776,3721.8914,41.43,0,3.31,-9.09,-56.7,-0.16,0,82.0,0,-1.0,-12.0,-24.0,0,0.0,0.0,-0.0,0.0,-0.24,3687.97,0.26
20170731,3722.4282,3746.5207,3713.655,3737.8732,59.08,1,17.65,19.92,-40.45,0.04,1,83.0,0,1.0,-4.0,-23.0,0,5000.0,5.0,-0.0,5.0,0.04,3692.32,0.35
20170801,3738.7364,3770.4043,3737.0954,3770.3828,68.44,1,9.36,30.32,-8.68,0.13,1,81.0,0,-2.0,-2.0,-17.0,0,5000.0,5.0,-0.0,5.0,0.03,3699.84,0.54
20170802,3768.1938,3784.3511,3759.2764,3760.8525,50.56,0,-17.88,9.13,-26.62,-0.07,0,79.0,0,-2.0,-3.0,-18.0,0,7000.0,7.0,-0.0,7.0,0.12,3704.9,0.42
20170803,3755.1081,3766.3452,3718.4351,3727.8264,26.31,-1,-24.25,-32.77,-24.21,-0.31,-1,74.0,-1,-5.0,-9.0,-20.0,-1,5000.0,5.0,-0.0,5.0,0.0,3708.28,0.15
20170804,3724.7225,3738.7312,3707.003,3707.5796,13.18,-1,-13.13,-55.26,-25.98,-0.42,-1,74.0,0,0.0,-7.0,-13.0,0,3000.0,3.0,-0.0,3.0,-0.11,3710.87,-0.02
20170807,3701.2161,3730.7774,3689.9552,3726.7948,27.49,0,14.31,-23.07,-10.63,-0.23,0,70.0,-1,-4.0,-9.0,-13.0,-1,6000.0,6.0,-0.0,6.0,0.05,3714.52,0.09
20170808,3724.3287,3737.3344,3718.8116,3732.2129,30.51,0,3.02,4.2,-10.92,-0.18,0,60.0,-1,-10.0,-14.0,-22.0,-1,7000.0,7.0,-0.0,7.0,0.09,3717.59,0.11
20170809,3728.0319,3738.999,3713.5668,3731.044,25.79,0,-4.72,12.61,-33.29,-0.21,0,55.0,-1,-5.0,-19.0,-28.0,-1,6000.0,6.0,-0.0,6.0,0.02,3721.2,0.07
20170810,3724.962,3746.8614,3688.1766,3715.9208,14.8,-1,-10.99,-12.69,-53.64,-0.31,-1,50.0,-1,-5.0,-20.0,-31.0,-1,2000.0,2.0,-0.0,2.0,-0.2,3722.65,-0.05
20170811,3687.9314,3700.4944,3645.0945,3647.3503,-50.8,-1,-65.6,-81.31,-101.36,-0.96,-1,46.0,-1,-4.0,-14.0,-33.0,-1,1003.0,1.0,-3.0,-2.0,-0.41,3719.87,-0.55
20170814,3651.3754,3698.3663,3651.3754,3694.6831,-8.49,0,42.31,-34.28,-34.8,-0.43,0,47.0,0,1.0,-8.0,-27.0,0,1001.0,1.0,-1.0,0.0,-0.26,3721.42,-0.2
20170815,3695.78,3719.2931,3692.2802,3706.0566,0.84,0,9.33,-13.96,-12.34,-0.29,0,51.0,1,4.0,1.0,-23.0,1,2000.0,2.0,-0.0,2.0,-0.13,3723.37,-0.13
20170816,3701.1337,3707.144,3679.7338,3701.4207,-2.67,0,-3.51,48.13,-30.16,-0.3,0,53.0,0,2.0,7.0,-17.0,0,1000.0,1.0,-0.0,1.0,-0.16,3721.95,-0.16
20170817,3707.0668,3722.6239,3704.4126,3721.277,21.62,1,24.29,30.11,-8.89,-0.02,1,55.0,0,2.0,8.0,-5.0,0,1000.0,1.0,-0.0,1.0,-0.13,3720.62,0.0
20170818,3707.1891,3733.4914,3700.4112,3724.6748,13.21,0,-8.41,12.37,-12.58,-0.1,0,56.0,0,1.0,5.0,1.0,0,2000.0,2.0,-0.0,2.0,-0.07,3720.42,0.03
20170821,3731.8399,3744.2631,3728.6157,3740.9941,34.0,1,20.79,36.67,19.2,0.12,1,57.0,0,1.0,4.0,7.0,0,3000.0,3.0,-0.0,3.0,-0.01,3720.3,0.16
20170822,3745.7543,3758.2924,3734.5556,3752.298,30.35,0,-3.65,8.73,81.15,0.07,0,62.0,1,5.0,7.0,16.0,1,2000.0,2.0,-0.0,2.0,-0.06,3721.94,0.23
20170823,3747.6108,3772.4568,3741.7204,3756.0884,21.37,0,-8.98,8.16,29.86,-0.03,0,64.0,0,2.0,8.0,17.0,0,2000.0,2.0,-0.0,2.0,-0.05,3724.47,0.24
20170824,3755.8902,3765.7082,3729.0876,3734.6458,-3.24,-1,-24.61,-37.24,-4.08,-0.28,-1,71.0,1,7.0,14.0,20.0,1,2000.0,2.0,-0.0,2.0,-0.05,3725.59,0.07
20170825,3736.2916,3795.9693,3736.2916,3795.7544,56.58,1,59.82,26.23,59.25,0.37,1,75.0,1,4.0,13.0,22.0,1,6000.0,6.0,-0.0,6.0,0.16,3729.29,0.5
20170828,3805.6567,3866.9422,3805.6567,3842.7119,98.22,1,41.64,76.85,76.6,0.77,1,84.0,1,9.0,20.0,29.0,1,7000.0,7.0,-0.0,7.0,0.21,3734.53,0.82
20170829,3839.1779,3847.9303,3825.7597,3834.5376,83.79,0,-14.43,87.03,70.58,0.55,0,83.0,0,-1.0,12.0,27.0,0,6001.0,6.0,-1.0,5.0,0.09,3737.74,0.73
20170830,3834.2682,3854.7062,3827.8607,3834.3005,83.86,0,0.07,27.28,49.86,0.5,0,84.0,0,1.0,9.0,27.0,0,5000.0,5.0,-0.0,5.0,0.1,3741.41,0.7
20170831,3835.8394,3840.199,3800.8861,3822.0928,70.87,-1,-12.99,-27.35,40.52,0.31,-1,85.0,0,1.0,1.0,23.0,0,6000.0,6.0,-0.0,6.0,0.16,3746.12,0.58
20170901,3825.3392,3843.6176,3818.1586,3830.5383,82.1,0,11.23,-1.69,60.73,0.4,0,94.0,1,9.0,11.0,30.0,1,8000.0,8.0,-0.0,8.0,0.26,3752.27,0.59
20170904,3828.5447,3847.0906,3813.5537,3845.6163,91.01,1,8.91,7.15,94.25,0.46,0,94.0,0,0.0,10.0,23.0,0,6000.0,6.0,-0.0,6.0,0.14,3758.21,0.66
20170905,3845.5451,3865.2938,3841.9514,3857.0464,88.91,0,-2.1,18.04,32.33,0.39,0,88.0,0,-6.0,3.0,13.0,-1,5000.0,5.0,-0.0,5.0,0.09,3764.45,0.7
20170906,3846.7471,3858.2481,3831.3835,3849.4499,88.59,0,-0.32,6.49,-9.63,0.35,0,89.0,0,1.0,-5.0,5.0,0,7000.0,7.0,-0.0,7.0,0.2,3770.37,0.6
20170907,3851.688,3858.1617,3828.835,3829.8713,55.82,-1,-32.77,-35.19,-27.97,-0.03,-1,87.0,0,-2.0,-7.0,4.0,0,3000.0,3.0,-0.0,3.0,-0.03,3776.07,0.41
20170908,3830.0707,3843.0186,3813.9833,3825.9895,50.2,-1,-5.62,-38.71,-33.66,-0.08,-1,88.0,0,1.0,0.0,4.0,0,3000.0,3.0,-0.0,3.0,-0.05,3785.0,0.31
20170911,3828.3422,3850.7409,3817.5108,3825.6453,56.74,0,6.54,-31.85,-14.13,-0.01,0,86.0,0,-2.0,-3.0,1.0,0,4000.0,4.0,-0.0,4.0,0.0,3791.55,0.26
20170912,3832.2422,3849.3885,3822.0037,3837.9341,50.86,0,-5.88,-4.96,-31.24,-0.07,0,88.0,0,2.0,1.0,-6.0,0,2000.0,2.0,-0.0,2.0,-0.11,3798.14,0.3
20170913,3835.5493,3847.7841,3822.9441,3842.6061,46.46,-1,-4.4,-3.74,-44.55,-0.11,-1,86.0,0,-2.0,-2.0,-8.0,0,3000.0,3.0,-0.0,3.0,-0.06,3805.2,0.28
20170914,3843.572,3854.4931,3820.0876,3829.9554,32.72,-1,-13.74,-24.02,-56.19,-0.24,-1,85.0,0,-1.0,-1.0,-3.0,0,4000.0,4.0,-0.0,4.0,-0.01,3810.64,0.15
20170915,3826.1448,3843.297,3818.5234,3831.2965,20.29,-1,-12.43,-30.57,-68.3,-0.35,-1,79.0,-1,-6.0,-9.0,-10.0,-1,2000.0,2.0,-0.0,2.0,-0.13,3815.97,0.12
20170918,3832.9626,3862.3589,3832.9626,3843.1428,35.85,0,15.56,-10.61,-19.97,-0.15,0,75.0,-1,-4.0,-11.0,-12.0,-1,3000.0,3.0,-0.0,3.0,-0.07,3821.08,0.17
20170919,3849.8794,3857.303,3820.2885,3832.1161,18.84,-1,-17.01,-13.88,-31.36,-0.32,0,71.0,-1,-4.0,-14.0,-17.0,-1,3000.0,3.0,-0.0,3.0,-0.07,3825.07,0.05
20170920,3830.1549,3850.9426,3827.8858,3842.4353,37.63,1,18.79,17.34,-19.11,-0.09,1,66.0,-1,-5.0,-13.0,-20.0,-1,5000.0,5.0,-0.0,5.0,0.03,3829.38,0.1
20170921,3843.2577,3860.7977,3837.384,3837.8176,23.63,0,-14.0,-12.22,-27.23,-0.23,0,60.0,-1,-6.0,-15.0,-28.0,-1,4000.0,4.0,-0.0,4.0,-0.03,3834.54,0.02
20170922,3826.4589,3842.252,3816.8225,3837.7304,11.95,-1,-11.68,-6.89,-34.51,-0.33,0,54.0,-1,-6.0,-17.0,-32.0,-1,0.0,0.0,-0.0,0.0,-0.24,3836.64,0.01
20170925,3829.219,3835.3894,3811.1192,3817.7915,-6.29,-1,-18.24,-43.92,-39.01,-0.49,-1,49.0,-1,-5.0,-17.0,-36.0,-1,1.0,0.0,-1.0,-1.0,-0.28,3835.4,-0.13
20170926,3810.3333,3821.6928,3808.3827,3820.7816,0.44,0,6.73,-23.19,-19.85,-0.37,0,54.0,0,5.0,-6.0,-25.0,1,2000.0,2.0,-0.0,2.0,-0.1,3834.71,-0.11
20170927,3818.9646,3832.566,3818.8147,3821.2,6.98,0,6.54,-4.97,-28.87,-0.27,1,54.0,0,0.0,0.0,-21.0,0,1000.0,1.0,-0.0,1.0,-0.14,3834.05,-0.1
20170928,3821.5904,3827.3308,3813.7532,3822.5386,6.05,0,-0.93,12.34,-12.79,-0.25,0,54.0,0,0.0,5.0,-17.0,0,2000.0,2.0,-0.0,2.0,-0.07,3834.08,-0.09
20170929,3825.2021,3852.2236,3825.2021,3836.5013,18.66,1,12.61,18.22,-18.97,-0.1,1,56.0,0,2.0,2.0,-10.0,0,2000.0,2.0,-0.0,2.0,-0.06,3834.37,0.02
20171009,3910.1149,3918.8391,3876.0322,3882.2076,51.25,1,32.59,44.27,27.62,0.25,1,54.0,0,-2.0,0.0,-6.0,0,4000.0,4.0,-0.0,4.0,0.06,3836.2,0.35
20171010,3883.0037,3900.7418,3855.4666,3889.8637,51.14,0,-0.11,45.09,39.19,0.23,0,58.0,1,4.0,4.0,4.0,1,2000.0,2.0,-0.0,2.0,-0.04,3837.84,0.39
20171011,3886.8184,3913.0695,3885.497,3902.6868,50.24,0,-0.9,31.58,56.53,0.2,0,57.0,0,-1.0,1.0,8.0,0,3000.0,3.0,-0.0,3.0,0.03,3840.51,0.47
20171012,3902.0156,3917.4435,3897.5472,3912.9536,42.23,-1,-8.01,-9.02,41.79,0.1,-1,53.0,-1,-4.0,-1.0,-1.0,0,3000.0,3.0,-0.0,3.0,0.03,3844.66,0.52
20171013,3912.975,3927.1744,3908.8885,3921.0017,45.07,0,2.84,-6.07,38.09,0.12,0,51.0,0,-2.0,-7.0,-3.0,0,2000.0,2.0,-0.0,2.0,-0.03,3849.41,0.54
20171016,3926.2754,3947.4239,3913.3224,3913.4462,32.33,-1,-12.74,-17.91,26.28,-0.03,-1,50.0,0,-1.0,-7.0,-4.0,0,2000.0,2.0,-0.0,2.0,-0.02,3853.8,0.45
20171017,3910.7894,3924.6141,3900.4758,3913.0688,21.33,-1,-11.0,-20.9,2.67,-0.14,-1,55.0,1,5.0,2.0,-1.0,1,2001.0,2.0,-1.0,1.0,-0.08,3857.56,0.42
20171018,3914.8152,3944.4106,3914.8152,3944.1626,33.81,0,12.48,-11.26,-17.44,0.0,0,56.0,0,1.0,5.0,2.0,0,3002.0,3.0,-2.0,1.0,-0.07,3862.63,0.62
20171019,3940.5831,3944.0349,3923.6455,3931.2495,13.89,-1,-19.92,-18.44,-37.25,-0.21,-1,53.0,0,-3.0,3.0,-5.0,0,5001.0,5.0,-1.0,4.0,0.1,3867.7,0.48
20171020,3918.5265,3928.9607,3910.1974,3926.852,25.25,0,11.36,3.92,-24.99,-0.07,0,56.0,0,3.0,1.0,-1.0,0,1001.0,1.0,-1.0,0.0,-0.12,3872.48,0.41
20171023,3930.8914,3936.2729,3920.6562,3930.7981,27.15,0,1.9,-6.66,-15.08,-0.04,0,57.0,0,1.0,1.0,4.0,0,6001.0,6.0,-1.0,5.0,0.16,3876.86,0.41
20171024,3926.2299,3959.4951,3922.0288,3959.3953,43.54,1,16.39,29.65,-1.53,0.13,1,58.0,0,1.0,5.0,7.0,0,6000.0,6.0,-0.0,6.0,0.21,3883.22,0.58
20171025,3958.1669,3978.0893,3954.0011,3976.949,54.17,1,10.63,28.92,21.84,0.23,1,55.0,0,-3.0,-1.0,5.0,0,7000.0,7.0,-0.0,7.0,0.26,3889.95,0.66
20171026,3980.0479,4013.5988,3973.5535,3993.5752,58.69,1,4.52,31.54,37.36,0.26,0,49.0,-1,-6.0,-8.0,-6.0,-1,2000.0,2.0,-0.0,2.0,-0.02,3897.74,0.73
20171027,3992.5539,4024.4645,3991.354,4021.9676,54.77,0,-3.92,11.23,20.96,0.19,0,48.0,0,-1.0,-10.0,-8.0,0,3000.0,3.0,-0.0,3.0,0.03,3906.95,0.87
20171030,4022.1641,4033.3394,3960.2698,4009.7218,33.84,-1,-20.93,-20.33,19.95,-0.04,-1,48.0,0,0.0,-7.0,-5.0,0,7002.0,7.0,-2.0,5.0,0.12,3916.55,0.71
20171031,3995.3935,4009.2828,3983.2565,4006.7179,33.54,0,-0.3,-25.15,8.29,-0.04,0,44.0,-1,-4.0,-5.0,-12.0,-1,6001.0,6.0,-1.0,5.0,0.11,3925.84,0.61
20171101,4007.9116,4032.4581,3991.3235,3996.6221,28.9,0,-4.64,-25.87,1.75,-0.09,0,43.0,0,-1.0,-5.0,-14.0,0,6001.0,6.0,-1.0,5.0,0.1,3934.61,0.47
20171102,3994.0946,3999.2262,3971.3761,3997.1343,20.12,-1,-8.78,-13.72,-23.42,-0.17,-1,41.0,0,-2.0,-7.0,-17.0,0,5000.0,5.0,-0.0,5.0,0.09,3943.34,0.41
20171103,3992.3496,3999.3373,3963.0263,3992.6979,4.37,-1,-15.75,-29.17,-49.8,-0.32,-1,37.0,-1,-4.0,-7.0,-18.0,-1,3000.0,3.0,-0.0,3.0,-0.02,3951.15,0.32
20171106,3989.1824,4021.6382,3975.4069,4020.8896,24.49,0,20.12,-4.41,-34.2,-0.08,0,38.0,0,1.0,-5.0,-11.0,0,5000.0,5.0,-0.0,5.0,0.09,3958.09,0.48
20171107,4022.4018,4064.2178,4021.3639,4054.2465,49.51,1,25.02,29.39,-5.26,0.19,1,40.0,0,2.0,-1.0,-8.0,0,2000.0,2.0,-0.0,2.0,-0.08,3966.31,0.67
20171108,4051.4935,4089.1457,4040.5772,4048.0057,44.13,0,-5.38,39.76,10.29,0.12,0,42.0,0,2.0,5.0,-6.0,0,1000.0,1.0,-0.0,1.0,-0.13,3973.57,0.56
20171109,4043.0663,4076.6102,4038.4004,4075.8998,56.92,1,12.79,32.43,23.38,0.24,1,40.0,0,-2.0,2.0,-4.0,0,5000.0,5.0,-0.0,5.0,0.09,3981.72,0.71
20171110,4070.2763,4116.7142,4067.657,4111.9112,68.96,1,12.04,19.45,40.06,0.34,1,41.0,0,1.0,1.0,-2.0,0,12000.0,12.0,-0.0,12.0,0.46,3991.27,0.92
20171113,4115.5507,4137.6455,4115.5507,4128.0733,81.85,1,12.89,37.72,61.73,0.44,1,44.0,0,3.0,2.0,3.0,0,14000.0,14.0,-0.0,14.0,0.54,4002.0,0.96
20171114,4129.2736,4133.5462,4086.8903,4099.351,49.58,-1,-32.27,-7.34,45.21,0.06,-1,39.0,-1,-5.0,-1.0,2.0,0,10001.0,10.0,-1.0,9.0,0.23,4011.31,0.67
20171115,4084.2131,4102.8071,4055.7167,4073.6696,17.08,-1,-32.5,-51.88,-7.41,-0.28,-1,38.0,0,-1.0,-3.0,0.0,0,3001.0,3.0,-1.0,2.0,-0.17,4017.79,0.42
20171116,4063.4943,4107.617,4062.2734,4105.0122,16.88,0,-0.2,-64.97,-32.63,-0.26,0,29.0,-1,-9.0,-15.0,-11.0,-1,9003.0,9.0,-3.0,6.0,0.05,4026.47,0.6
20171117,4094.0787,4122.3756,4081.3723,4120.8508,13.09,0,-3.79,-36.49,-31.04,-0.27,0,29.0,0,0.0,-10.0,-13.0,0,9005.0,9.0,-5.0,4.0,-0.07,4036.17,0.64
20171120,4093.734,4144.5144,4060.9636,4143.8334,43.37,1,30.28,26.29,-13.55,0.07,1,26.0,0,-3.0,-12.0,-14.0,0,13004.0,13.0,-4.0,9.0,0.2,4046.83,0.74
20171121,4131.8482,4220.2636,4129.9783,4217.7015,82.32,1,38.95,65.44,13.36,0.47,1,21.0,-1,-5.0,-8.0,-20.0,-1,16003.0,16.0,-3.0,13.0,0.41,4059.74,1.2
20171122,4228.3721,4260.6395,4191.145,4227.5666,90.73,1,8.41,77.64,8.88,0.51,0,18.0,0,-3.0,-11.0,-26.0,0,11003.0,11.0,-3.0,8.0,0.12,4072.27,1.18
20171123,4213.3781,4214.1895,4086.9018,4102.3966,-15.39,-1,-106.12,-58.76,-64.97,-0.64,-1,7.0,-1,-11.0,-19.0,-32.0,-1,5006.0,5.0,-6.0,-1.0,-0.39,4077.71,0.19
20171124,4089.4723,4116.5942,4057.4894,4104.2034,-14.77,0,0.62,-97.09,-31.85,-0.58,0,-10.0,-1,-17.0,-31.0,-48.0,-1,7004.0,7.0,-4.0,3.0,-0.16,4081.83,0.17
20171127,4088.9318,4088.9318,4037.1457,4049.9475,-59.7,-1,-44.93,-150.43,-76.58,-0.99,-1,-24.0,-1,-14.0,-42.0,-53.0,-1,2005.0,2.0,-5.0,-3.0,-0.48,4083.84,-0.26
20171128,4034.2057,4056.4753,4010.2955,4055.8235,-31.64,0,28.06,-16.25,-44.73,-0.6,0,-33.0,-1,-9.0,-40.0,-62.0,-1,2003.0,2.0,-3.0,-1.0,-0.35,4086.29,-0.23
20171129,4061.3545,4069.2418,4004.687,4053.7529,-22.0,0,9.64,-7.23,-65.37,-0.45,1,-36.0,0,-3.0,-26.0,-62.0,0,7004.0,7.0,-4.0,3.0,-0.11,4089.15,-0.27
20171130,4034.0091,4052.797,3988.0018,4006.0993,-40.63,0,-18.63,19.07,-122.95,-0.6,0,-29.0,0,7.0,-5.0,-50.0,1,4004.0,4.0,-4.0,0.0,-0.27,4089.6,-0.63
20171201,4003.5604,4027.1064,3984.3776,3998.1365,-30.78,0,9.85,0.86,-121.51,-0.44,1,-32.0,0,-3.0,1.0,-50.0,0,2002.0,2.0,-2.0,0.0,-0.26,4089.87,-0.7
20171204,3989.0466,4032.9859,3982.3182,4018.8571,-27.18,0,3.6,-5.18,-11.79,-0.36,0,-34.0,0,-2.0,2.0,-41.0,0,2000.0,2.0,-0.0,2.0,-0.14,4089.77,-0.54
20171205,4007.9361,4045.9331,4006.5432,4040.1704,-29.06,0,-1.88,11.57,-14.29,-0.34,0,-31.0,0,3.0,-2.0,-21.0,0,2000.0,2.0,-0.0,2.0,-0.14,4089.06,-0.37
20171206,4027.1231,4031.7533,3964.8087,4015.8211,-31.31,0,-2.25,-0.53,28.39,-0.34,0,-28.0,0,3.0,4.0,-4.0,0,2000.0,2.0,-0.0,2.0,-0.14,4087.45,-0.54
20171207,4003.5826,4017.9465,3955.9939,3971.0569,-58.61,-1,-27.3,-31.43,-26.97,-0.59,-1,-29.0,0,-1.0,5.0,4.0,0,1001.0,1.0,-1.0,0.0,-0.24,4082.21,-0.84
20171208,3962.8288,4014.1387,3955.44,4003.3792,-36.9,0,21.71,-7.84,-14.9,-0.31,0,-32.0,0,-3.0,-1.0,4.0,0,1000.0,1.0,-0.0,1.0,-0.15,4076.79,-0.56
20171211,4006.8784,4069.4997,4005.2687,4069.4997,9.05,1,45.95,40.36,49.68,0.2,1,-35.0,0,-3.0,-7.0,-6.0,0,1000.0,1.0,-0.0,1.0,-0.11,4073.86,-0.03
20171212,4068.5053,4070.1503,4015.4546,4016.0163,-34.15,0,-43.2,24.46,-3.37,-0.27,0,-34.0,0,1.0,-5.0,-2.0,0,2000.0,2.0,-0.0,2.0,-0.04,4069.69,-0.41
20171213,4013.8319,4052.6878,4004.7436,4050.0927,-6.38,0,27.77,30.52,20.8,0.05,0,-37.0,0,-3.0,-5.0,-3.0,0,1000.0,1.0,-0.0,1.0,-0.09,4068.51,-0.14
20171214,4050.9028,4057.6245,4013.8546,4026.1516,-16.5,0,-10.12,-25.55,12.56,-0.06,0,-32.0,1,5.0,3.0,-1.0,1,1000.0,1.0,-0.0,1.0,-0.08,4064.57,-0.29
20171215,4018.7313,4020.2668,3974.9277,3980.8558,-49.66,-1,-33.16,-15.51,-18.35,-0.4,-1,-27.0,1,5.0,7.0,1.0,1,1000.0,1.0,-0.0,1.0,-0.07,4057.57,-0.58
20171218,3983.2965,4008.0688,3967.9343,3985.2914,-54.38,-1,-4.72,-48.0,4.23,-0.41,-1,-26.0,0,1.0,11.0,3.0,0,1.0,0.0,-1.0,-1.0,-0.16,4049.64,-0.49
20171219,3985.8233,4035.6296,3985.8233,4035.3294,-10.81,1,43.57,5.69,26.09,0.08,1,-20.0,1,6.0,12.0,12.0,1,0.0,0.0,-0.0,0.0,-0.06,4040.52,-0.04
20171220,4036.019,4044.8485,4015.6285,4030.4898,-16.39,0,-5.58,33.27,-25.44,0.02,0,-15.0,1,5.0,12.0,20.0,1,1001.0,1.0,-1.0,0.0,-0.04,4030.67,-0.0
20171221,4023.076,4080.781,4014.6526,4067.8485,12.48,1,28.87,66.86,46.63,0.32,1,-15.0,0,0.0,11.0,19.0,0,3001.0,3.0,-1.0,2.0,0.07,4028.94,0.3
20171222,4064.9131,4076.8028,4048.4913,4054.5984,11.43,0,-1.05,22.24,17.81,0.27,0,-11.0,1,4.0,9.0,26.0,1,2000.0,2.0,-0.0,2.0,0.07,4026.46,0.21
20171225,4057.4173,4086.9342,4026.4496,4041.5401,-6.75,0,-18.18,9.64,9.75,0.06,0,-9.0,0,2.0,6.0,23.0,0,3002.0,3.0,-2.0,1.0,0.0,4026.04,0.12
20171226,4040.6173,4056.8554,4015.2996,4053.6224,12.52,0,19.27,0.04,62.18,0.25,0,-8.0,0,1.0,7.0,19.0,0,3000.0,3.0,-0.0,3.0,0.11,4025.93,0.21
20171227,4045.2793,4047.7366,3986.7385,3991.2075,-26.12,-1,-38.64,-37.55,28.26,-0.17,-1,-4.0,1,4.0,7.0,22.0,1,1003.0,1.0,-3.0,-2.0,-0.17,4022.8,-0.24
20171228,3992.997,4036.6975,3980.2358,4018.8974,-6.2,0,19.92,0.55,4.61,0.05,0,-1.0,0,3.0,8.0,19.0,0,2002.0,2.0,-2.0,0.0,-0.05,4023.44,-0.03
20171229,4022.8826,4043.14,4012.8749,4030.8549,9.1,0,15.3,-3.42,25.49,0.21,0,10.0,1,11.0,18.0,25.0,1,2001.0,2.0,-1.0,1.0,0.0,4025.08,0.04
20180102,4045.2086,4087.7789,4045.2086,4087.4012,59.38,1,50.28,85.5,46.9,0.71,1,25.0,1,15.0,29.0,40.0,1,7000.0,7.0,-0.0,7.0,0.33,4028.51,0.45
20180103,4091.4607,4140.0543,4088.7302,4111.3925,81.23,1,21.85,87.43,69.8,0.87,1,32.0,1,7.0,33.0,43.0,1,5000.0,5.0,-0.0,5.0,0.21,4032.07,0.6
20180104,4114.1213,4137.642,4105.8858,4128.8119,91.21,0,9.98,82.11,97.96,0.89,0,38.0,1,6.0,28.0,47.0,0,6000.0,6.0,-0.0,6.0,0.26,4037.72,0.69
20180105,4133.3439,4151.2818,4123.2817,4138.7505,79.78,0,-11.43,20.4,67.26,0.69,-1,43.0,1,5.0,18.0,51.0,1,6000.0,6.0,-0.0,6.0,0.24,4046.1,0.7
20180108,4140.8545,4166.3182,4127.3081,4160.1595,97.55,1,17.77,16.32,123.67,0.81,0,51.0,1,8.0,19.0,55.0,1,9000.0,9.0,-0.0,9.0,0.39,4053.94,0.81
20180109,4157.5394,4191.2843,4153.5021,4189.2977,88.18,0,-9.37,-3.03,94.38,0.63,-1,56.0,1,5.0,18.0,57.0,1,7000.0,7.0,-0.0,7.0,0.26,4059.93,0.98
20180110,4187.2044,4211.0549,4175.1355,4207.8132,81.25,0,-6.93,1.47,72.15,0.5,-1,54.0,0,-2.0,11.0,44.0,0,7000.0,7.0,-0.0,7.0,0.24,4069.52,1.05
20180111,4197.1136,4211.799,4181.9572,4205.5863,69.51,-1,-11.74,-28.04,10.13,0.33,-1,46.0,-1,-8.0,-5.0,21.0,-1,6000.0,6.0,-0.0,6.0,0.17,4077.3,0.97
20180112,4205.1444,4227.3923,4199.0251,4225.001,69.55,0,0.04,-18.63,-11.68,0.3,0,39.0,-1,-7.0,-17.0,7.0,-1,5000.0,5.0,-0.0,5.0,0.1,4087.24,1.04
20180115,4229.8357,4262.9314,4216.3585,4225.2393,33.91,-1,-35.64,-47.34,-57.3,-0.1,-1,34.0,-1,-5.0,-20.0,-4.0,-1,10000.0,10.0,-0.0,10.0,0.36,4099.46,0.95
20180116,4215.6247,4260.2118,4213.1275,4258.473,59.65,0,25.74,-9.86,-20.13,0.18,0,36.0,0,2.0,-10.0,-7.0,0,12000.0,12.0,-0.0,12.0,0.44,4113.12,1.1
20180117,4261.7833,4283.3449,4230.5367,4248.1164,57.75,0,-1.9,-11.8,-39.8,0.14,0,33.0,0,-3.0,-6.0,-18.0,0,8001.0,8.0,-1.0,7.0,0.13,4123.76,0.94
20180118,4259.375,4292.6372,4246.684,4271.4168,76.95,1,19.2,43.04,-11.23,0.33,1,33.0,0,0.0,-1.0,-23.0,0,12000.0,12.0,-0.0,12.0,0.38,4135.8,1.03
20180119,4281.9371,4316.5714,4269.6167,4285.395,82.9,1,5.95,23.25,1.65,0.36,1,42.0,1,9.0,6.0,-12.0,1,17000.0,17.0,-0.0,17.0,0.63,4146.68,1.05
20180122,4276.4811,4338.4832,4275.8977,4336.5974,94.6,1,11.7,36.85,25.09,0.45,1,49.0,1,7.0,16.0,3.0,1,18002.0,18.0,-2.0,16.0,0.53,4160.78,1.33
20180123,4346.8885,4383.5722,4346.7925,4382.6129,126.94,1,32.34,49.99,57.39,0.74,1,50.0,0,1.0,17.0,11.0,0,20001.0,20.0,-1.0,19.0,0.65,4177.83,1.55
20180124,4389.4547,4397.8196,4349.0865,4389.8853,133.08,1,6.14,50.18,99.17,0.74,0,47.0,0,-3.0,5.0,13.0,0,25000.0,25.0,-0.0,25.0,0.93,4194.65,1.48
20180125,4381.9768,4392.1963,4336.2386,4365.0794,109.2,0,-23.88,14.6,49.55,0.42,-1,38.0,-1,-9.0,-11.0,2.0,-1,14000.0,14.0,-0.0,14.0,0.26,4213.34,1.15
20180126,4352.2211,4403.3375,4351.4871,4381.2996,110.21,0,1.01,-16.73,52.46,0.39,0,33.0,-1,-5.0,-17.0,0.0,-1,17000.0,17.0,-0.0,17.0,0.38,4231.46,1.14
20180129,4387.0577,4395.9053,4287.1124,4302.0181,51.31,-1,-58.9,-81.77,-25.64,-0.27,-1,16.0,-1,-17.0,-31.0,-17.0,-1,11001.0,11.0,-1.0,10.0,-0.05,4245.02,0.43
20180130,4286.6834,4308.5115,4251.5706,4256.1021,16.15,-1,-35.16,-93.05,-66.75,-0.61,-1,-5.0,-1,-21.0,-43.0,-47.0,-1,5001.0,5.0,-1.0,4.0,-0.38,4253.45,0.02
20180131,4234.1101,4287.8576,4232.7727,4275.8986,0.44,-1,-15.71,-109.77,-94.16,-0.71,0,-22.0,-1,-17.0,-55.0,-71.0,-1,6002.0,6.0,-2.0,4.0,-0.38,4261.68,0.11
20180201,4276.3425,4287.3888,4214.2909,4245.8978,-31.0,-1,-31.44,-82.31,-157.94,-0.98,-1,-31.0,-1,-9.0,-47.0,-81.0,-1,8006.0,8.0,-6.0,2.0,-0.49,4267.53,-0.16
20180202,4213.9386,4271.7647,4181.7793,4271.2326,4.67,0,35.67,-11.48,-128.41,-0.51,1,-37.0,-1,-6.0,-32.0,-84.0,0,14004.0,14.0,-4.0,10.0,-0.04,4274.16,-0.02
20180205,4204.458,4274.1464,4200.1409,4274.1464,29.3,1,24.63,28.86,-79.9,-0.2,1,-40.0,0,-3.0,-18.0,-78.0,0,22003.0,22.0,-3.0,19.0,0.45,4279.86,-0.04
20180206,4182.3257,4211.5234,4131.5562,4148.8856,-95.75,-1,-125.05,-64.75,-205.96,-1.49,-1,-59.0,-1,-19.0,-28.0,-92.0,-1,9013.0,9.0,-13.0,-4.0,-0.84,4277.83,-0.98
20180207,4205.7365,4212.5677,4048.4228,4050.4972,-142.87,-1,-47.12,-147.54,-194.18,-1.84,-1,-78.0,-1,-19.0,-41.0,-94.0,-1,1011.0,1.0,-11.0,-10.0,-1.13,4269.97,-1.66
20180208,4022.8802,4071.6653,3974.6779,4012.0472,-170.05,0,-27.18,-199.35,-186.2,-1.95,0,-87.0,-1,-9.0,-47.0,-82.0,0,1011.0,1.0,-11.0,-10.0,-1.09,4260.29,-1.88
20180209,3896.1691,3911.2917,3759.1463,3840.6527,-310.28,-1,-140.23,-214.53,-310.72,-3.23,-1,-94.0,-1,-7.0,-35.0,-72.0,0,52.0,0.0,-52.0,-52.0,-3.34,4241.07,-3.04
20180212,3846.2671,3907.843,3828.0697,3890.1046,-237.18,0,73.1,-94.31,-206.18,-2.16,0,-94.0,0,0.0,-16.0,-63.0,0,43.0,0.0,-43.0,-43.0,-2.67,4224.32,-2.53
20180213,3925.5955,3986.9807,3925.5955,3935.6324,-178.96,0,58.22,-8.91,-183.63,-1.35,1,-84.0,1,10.0,3.0,-47.0,1,1021.0,1.0,-21.0,-20.0,-1.25,4208.18,-2.07
20180214,3945.0943,3971.4041,3923.1267,3966.9614,-143.34,1,35.62,166.94,-172.64,-0.84,1,-66.0,1,18.0,28.0,-26.0,1,1015.0,1.0,-15.0,-14.0,-0.85,4194.12,-1.72
20180222,4020.9731,4058.7878,4009.9202,4052.7332,-54.46,1,88.88,182.72,41.29,0.17,1,-42.0,1,24.0,52.0,17.0,1,2002.0,2.0,-2.0,0.0,-0.01,4183.18,-0.99
20180223,4061.7545,4085.2008,4035.2319,4071.0889,-31.01,1,23.45,147.95,111.86,0.4,1,-29.0,1,13.0,55.0,49.0,1,3000.0,3.0,-0.0,3.0,0.2,4172.47,-0.77
20180226,4093.3988,4128.7435,4048.9834,4118.4186,29.7,1,60.71,173.04,199.75,0.99,1,-18.0,1,11.0,48.0,69.0,1,4000.0,4.0,-0.0,4.0,0.29,4161.56,-0.33
20180227,4120.8712,4120.8712,4051.8054,4058.9806,-19.73,0,-49.43,34.73,290.55,0.38,0,-11.0,1,7.0,31.0,83.0,1,3003.0,3.0,-3.0,0.0,0.12,4145.38,-0.66
20180228,4016.7911,4051.7124,3991.7063,4023.6415,-38.26,0,-18.53,-7.25,198.92,0.15,-1,-4.0,1,7.0,25.0,90.0,1,3001.0,3.0,-1.0,2.0,0.3,4127.07,-0.78
20180301,3994.8686,4061.0328,3986.8947,4049.0863,-18.34,0,19.92,-48.04,160.62,0.34,0,-1.0,0,3.0,17.0,83.0,0,3002.0,3.0,-2.0,1.0,0.28,4111.27,-0.47
20180302,4014.951,4044.4183,4006.9435,4016.461,-39.04,-1,-20.7,-19.31,104.3,0.1,-1,4.0,1,5.0,15.0,70.0,1,2002.0,2.0,-2.0,0.0,0.27,4093.02,-0.58
20180305,4021.6575,4042.8346,3995.8715,4018.097,-28.86,0,10.18,9.4,25.6,0.19,0,10.0,1,6.0,14.0,52.0,1,3002.0,3.0,-2.0,1.0,0.35,4078.83,-0.46
20180306,4034.9854,4067.5525,3998.9317,4066.5647,19.23,1,48.09,37.57,50.24,0.68,1,12.0,0,2.0,13.0,41.0,0,2003.0,2.0,-3.0,-1.0,0.25,4069.35,-0.02
20180307,4063.5028,4089.6964,4027.9363,4036.6536,-11.15,0,-30.38,27.89,-40.85,0.3,0,13.0,0,1.0,9.0,31.0,0,1002.0,1.0,-2.0,-1.0,0.27,4057.39,-0.16
20180308,4038.9527,4078.2263,4029.7144,4077.6001,12.62,0,23.77,41.48,32.35,0.52,0,17.0,1,4.0,7.0,28.0,0,2001.0,2.0,-1.0,1.0,0.38,4048.97,0.22
20180309,4088.0704,4110.6738,4076.4537,4108.8652,41.1,1,28.48,21.87,79.36,0.76,1,20.0,0,3.0,8.0,24.0,0,2001.0,2.0,-1.0,1.0,0.41,4040.86,0.52
20180312,4130.7082,4139.5259,4112.7658,4127.6662,68.93,1,27.83,80.08,87.27,0.98,1,24.0,1,4.0,11.0,25.0,1,2001.0,2.0,-1.0,1.0,0.46,4033.53,0.71
20180313,4124.3312,4130.2829,4087.5629,4091.2533,33.72,0,-35.21,21.1,72.76,0.52,0,24.0,0,0.0,7.0,20.0,0,2001.0,2.0,-1.0,1.0,0.45,4030.65,0.46
20180314,4076.0626,4089.0942,4066.4896,4073.3447,5.49,-1,-28.23,-35.61,34.35,0.18,-1,20.0,0,-4.0,0.0,10.0,-1,1000.0,1.0,-0.0,1.0,0.42,4031.79,0.32
20180315,4058.7058,4098.989,4058.7058,4096.1627,9.01,0,3.52,-59.92,-10.22,0.2,0,23.0,0,3.0,-1.0,11.0,0,2000.0,2.0,-0.0,2.0,0.44,4036.0,0.46
20180316,4096.8857,4110.0451,4055.822,4056.4226,-24.68,-1,-33.69,-58.4,-13.53,-0.18,-1,16.0,-1,-7.0,-8.0,3.0,-1,1.0,0.0,-1.0,-1.0,0.12,4046.79,0.07
20180319,4054.6167,4074.518,4033.5216,4074.2479,-19.39,0,5.29,-24.88,-32.01,-0.1,0,14.0,0,-2.0,-6.0,-3.0,0,1000.0,1.0,-0.0,1.0,0.11,4055.99,0.14
20180320,4045.7428,4080.1925,4040.308,4077.7041,-6.8,0,12.59,-15.81,-47.9,0.04,0,10.0,-1,-4.0,-13.0,-10.0,-1,2001.0,2.0,-1.0,1.0,0.05,4063.1,0.11
20180321,4097.0243,4110.1158,4046.2408,4061.0502,-26.93,0,-20.13,-2.25,-95.86,-0.18,0,-1.0,-1,-11.0,-17.0,-25.0,-1,0.0,0.0,-0.0,0.0,-0.05,4067.8,-0.05
20180322,4062.0668,4072.3771,4003.721,4020.349,-54.25,-1,-27.32,-34.86,-87.97,-0.44,-1,-8.0,-1,-7.0,-22.0,-32.0,-1,4.0,0.0,-4.0,-4.0,-0.27,4066.18,-0.35
20180323,3896.7359,3928.5114,3834.9373,3904.9355,-160.53,-1,-106.28,-153.73,-166.02,-1.51,-1,-10.0,0,-2.0,-20.0,-30.0,0,16.0,0.0,-16.0,-16.0,-0.9,4057.88,-1.16
20180326,3862.6948,3883.901,3829.9155,3879.893,-145.98,0,14.55,-119.05,-154.99,-1.22,0,-18.0,-1,-8.0,-17.0,-41.0,-1,20.0,0.0,-20.0,-20.0,-1.06,4045.95,-1.26
20180327,3927.492,3936.778,3881.8726,3913.2689,-90.22,0,55.76,-35.97,-65.54,-0.52,0,-20.0,0,-2.0,-12.0,-36.0,0,15.0,0.0,-15.0,-15.0,-0.73,4038.66,-0.95
20180328,3865.0454,3907.2811,3835.8825,3842.7155,-133.43,0,-43.21,27.1,-114.04,-0.92,0,-23.0,0,-3.0,-13.0,-37.0,0,19.0,0.0,-19.0,-19.0,-0.9,4029.62,-1.42
20180329,3854.5914,3913.9578,3794.2617,3894.0498,-81.16,1,52.27,64.82,-74.36,-0.29,1,-22.0,0,1.0,-4.0,-32.0,0,7.0,0.0,-7.0,-7.0,-0.19,4021.87,-0.97
20180330,3893.7468,3915.3473,3879.2128,3898.4977,-51.42,1,29.74,38.8,-24.49,0.05,1,-27.0,-1,-5.0,-7.0,-26.0,0,2.0,0.0,-2.0,-2.0,0.1,4015.97,-0.89
20180402,3897.0052,3937.0183,3882.8856,3886.9189,-54.18,0,-2.76,79.25,0.07,0.02,0,-31.0,-1,-4.0,-8.0,-23.0,-1,1005.0,1.0,-5.0,-4.0,0.0,4009.41,-0.93
20180403,3850.1546,3878.1504,3839.9333,3862.4796,-72.46,0,-18.28,8.7,88.07,-0.18,0,-32.0,0,-1.0,-10.0,-22.0,0,1006.0,1.0,-6.0,-5.0,-0.04,3999.2,-1.04
20180404,3873.6267,3898.6126,3852.4958,3854.8625,-78.29,-1,-5.83,-26.87,67.69,-0.22,-1,-33.0,0,-1.0,-6.0,-15.0,0,7.0,0.0,-7.0,-7.0,-0.14,3990.11,-1.03
20180409,3851.9548,3870.6736,3827.4133,3852.9292,-73.17,0,5.12,-18.99,17.05,-0.14,0,-31.0,0,2.0,0.0,-11.0,0,3.0,0.0,-3.0,-3.0,0.1,3978.88,-0.96
20180410,3860.7225,3927.4247,3851.7957,3927.1729,-11.73,1,61.44,60.73,121.7,0.51,1,-34.0,0,-3.0,-2.0,-11.0,0,2.0,0.0,-2.0,-2.0,0.17,3969.8,-0.32
20180411,3934.1698,3958.7071,3924.9603,3938.3434,3.8,1,15.53,82.09,84.96,0.63,1,-35.0,0,-1.0,-2.0,-13.0,0,0.0,0.0,-0.0,0.0,0.28,3960.33,-0.17
20180412,3935.673,3937.7837,3896.1789,3898.6354,-26.33,0,-30.13,46.84,25.09,0.25,0,-32.0,0,3.0,-1.0,-5.0,0,0.0,0.0,-0.0,0.0,0.29,3950.7,-0.39
20180413,3920.7375,3929.952,3866.186,3871.1443,-43.68,-1,-17.35,-31.95,10.5,0.05,-1,-41.0,-1,-9.0,-7.0,-10.0,-1,0.0,0.0,-0.0,0.0,0.29,3940.59,-0.53
20180416,3862.4738,3869.156,3789.6121,3808.863,-81.2,-1,-37.52,-85.0,-8.74,-0.35,-1,-47.0,-1,-6.0,-12.0,-15.0,-1,2.0,0.0,-2.0,-2.0,0.19,3926.22,-0.89
20180417,3812.8746,3822.6264,3745.4442,3748.6412,-126.07,-1,-44.87,-99.74,-47.78,-0.79,-1,-51.0,-1,-4.0,-19.0,-18.0,0,7.0,0.0,-7.0,-7.0,-0.08,3910.84,-1.23
20180418,3785.3059,3789.6591,3708.1068,3766.282,-85.9,0,40.17,-42.22,-12.73,-0.29,0,-52.0,0,-1.0,-11.0,-21.0,0,1005.0,1.0,-5.0,-4.0,0.1,3895.44,-0.98
20180419,3774.784,3824.0321,3767.7974,3811.843,-47.57,1,38.33,33.63,-35.84,0.14,1,-52.0,0,0.0,-5.0,-18.0,0,1003.0,1.0,-3.0,-2.0,0.23,3882.14,-0.53
20180420,3801.2075,3815.444,3750.1033,3760.8543,-93.98,0,-46.41,32.09,-97.78,-0.36,0,-50.0,0,2.0,1.0,-15.0,0,1006.0,1.0,-6.0,-5.0,0.07,3867.13,-0.81
20180423,3754.6896,3787.3951,3735.1842,3766.3257,-95.49,0,-1.51,-9.59,-69.16,-0.34,0,-42.0,1,8.0,10.0,-10.0,1,2.0,0.0,-2.0,-2.0,0.24,3854.43,-0.67
20180424,3769.8787,3854.4292,3769.8787,3843.4886,-16.99,1,78.5,30.58,26.69,0.51,1,-38.0,1,4.0,14.0,3.0,1,0.0,0.0,-0.0,0.0,0.3,3851.36,-0.06
20180425,3824.5929,3838.6921,3817.032,3828.7015,-26.22,0,-9.23,67.76,54.98,0.37,0,-35.0,0,3.0,15.0,12.0,0,1002.0,1.0,-2.0,-1.0,0.19,3848.8,-0.15
20180426,3823.3921,3828.7129,3744.8852,3755.4941,-69.98,0,-43.76,25.51,56.09,-0.13,0,-30.0,1,5.0,12.0,21.0,1,3.0,0.0,-3.0,-3.0,0.04,3840.91,-0.65
20180427,3771.0369,3776.9751,3714.6444,3756.8765,-51.6,0,18.38,-34.61,34.3,0.08,0,-21.0,1,9.0,17.0,31.0,1,1003.0,1.0,-3.0,-2.0,0.05,3836.62,-0.6
20180502,3769.9251,3787.3025,3744.5475,3763.6461,-37.75,0,13.85,-11.53,9.82,0.21,0,-18.0,0,3.0,17.0,34.0,0,1005.0,1.0,-5.0,-4.0,-0.07,3830.1,-0.5
20180503,3756.1657,3797.5269,3732.3718,3793.0001,-7.31,1,30.44,62.67,86.67,0.51,1,-8.0,1,10.0,22.0,42.0,1,2004.0,2.0,-4.0,-2.0,0.04,3824.83,-0.24
20180504,3784.3161,3801.5243,3770.9389,3774.5981,-11.56,0,-4.25,40.04,83.93,0.42,0,-4.0,1,4.0,17.0,38.0,1,2003.0,2.0,-3.0,-1.0,0.09,3819.21,-0.34
20180507,3782.5404,3834.5872,3776.0296,3834.1877,44.15,1,55.71,81.9,61.14,0.96,1,8.0,1,12.0,26.0,46.0,1,4001.0,4.0,-1.0,3.0,0.3,3817.79,0.12
20180508,3834.6141,3892.0732,3833.729,3878.6767,65.95,1,21.8,73.26,92.17,1.1,1,14.0,1,6.0,22.0,49.0,1,3000.0,3.0,-0.0,3.0,0.27,3818.99,0.45
20180509,3876.1296,3878.9382,3855.7392,3871.6152,54.17,0,-11.78,65.73,124.15,0.87,0,14.0,0,0.0,18.0,44.0,0,1000.0,1.0,-0.0,1.0,0.14,3819.92,0.39
20180510,3882.8357,3894.4902,3867.3084,3893.0565,61.01,0,6.84,16.86,112.61,0.86,0,17.0,0,3.0,9.0,38.0,0,3000.0,3.0,-0.0,3.0,0.24,3818.21,0.57
20180511,3902.1481,3903.3378,3871.9523,3872.8383,39.58,-1,-21.43,-26.37,77.33,0.55,-1,19.0,0,2.0,5.0,37.0,0,1000.0,1.0,-0.0,1.0,0.13,3814.94,0.44
20180514,3886.8736,3919.2999,3886.8736,3909.2933,56.71,0,17.13,2.54,64.02,0.68,0,22.0,0,3.0,8.0,30.0,0,1000.0,1.0,-0.0,1.0,0.12,3815.47,0.71
20180515,3920.1395,3924.3427,3892.9198,3924.0975,76.98,1,20.27,15.97,88.54,0.83,0,24.0,0,2.0,7.0,28.0,0,2000.0,2.0,-0.0,2.0,0.18,3818.12,0.8
20180516,3909.8183,3923.3433,3889.1877,3892.8442,43.24,0,-33.74,3.66,-0.91,0.4,-1,15.0,-1,-9.0,-4.0,7.0,-1,3000.0,3.0,-0.0,3.0,0.22,3822.32,0.53
20180517,3895.4895,3899.5137,3858.8525,3864.0507,15.15,-1,-28.09,-41.56,-50.8,0.06,-1,6.0,-1,-9.0,-16.0,-8.0,-1,1001.0,1.0,-1.0,0.0,0.03,3828.09,0.27
20180518,3860.1644,3903.0637,3841.896,3903.0637,44.13,0,28.98,-32.85,-10.04,0.36,0,8.0,0,2.0,-16.0,-6.0,0,1001.0,1.0,-1.0,0.0,0.01,3834.93,0.52
20180521,3925.5394,3937.4607,3913.6046,3921.2421,67.45,1,23.32,24.21,6.44,0.57,1,7.0,0,-1.0,-8.0,-10.0,0,1001.0,1.0,-1.0,0.0,0.01,3840.4,0.61
20180522,3918.8153,3918.8153,3881.169,3906.2081,58.29,0,-9.16,43.14,18.71,0.42,0,4.0,0,-3.0,-2.0,-15.0,0,2000.0,2.0,-0.0,2.0,0.1,3847.67,0.44
20180523,3898.2683,3898.2683,3854.5825,3854.5825,12.87,-1,-45.42,-31.26,-43.84,-0.09,-1,0.0,-1,-4.0,-8.0,-22.0,-1,2000.0,2.0,-0.0,2.0,0.09,3852.08,0.02
20180524,3853.2916,3859.1034,3823.9235,3827.217,-9.62,-1,-22.49,-77.07,-86.6,-0.32,-1,-2.0,0,-2.0,-9.0,-26.0,0,3000.0,3.0,-0.0,3.0,0.14,3851.26,-0.18
20180525,3823.7448,3841.1244,3804.1349,3816.498,-22.8,-1,-13.18,-81.09,-66.04,-0.43,0,-10.0,-1,-8.0,-14.0,-25.0,-1,3001.0,3.0,-1.0,2.0,0.07,3850.65,-0.26
20180528,3816.2649,3846.5525,3799.3207,3833.2599,-19.97,0,2.83,-32.84,-35.12,-0.36,0,-18.0,-1,-8.0,-18.0,-24.0,-1,3000.0,3.0,-0.0,3.0,0.11,3854.54,-0.16
20180529,3824.1909,3841.7794,3800.6749,3804.0093,-44.94,-1,-24.97,-35.32,-89.07,-0.59,-1,-28.0,-1,-10.0,-26.0,-36.0,-1,1001.0,1.0,-1.0,0.0,-0.06,3856.9,-0.4
20180530,3755.1764,3767.8872,3722.0719,3723.3724,-117.55,-1,-72.61,-94.75,-185.0,-1.29,-1,-36.0,-1,-8.0,-26.0,-43.0,-1,3.0,0.0,-3.0,-3.0,-0.24,3854.89,-1.0
20180531,3749.2954,3804.7919,3742.5287,3802.3759,-49.23,0,68.32,-29.26,-107.52,-0.45,0,-46.0,-1,-10.0,-28.0,-50.0,-1,2001.0,2.0,-1.0,1.0,-0.02,3855.35,-0.4
20180601,3789.6716,3802.5366,3753.8395,3770.5891,-73.23,0,-24.0,-28.29,-86.1,-0.66,0,-54.0,-1,-8.0,-26.0,-54.0,-1,1001.0,1.0,-1.0,0.0,-0.08,3855.15,-0.64
20180604,3785.1869,3813.4065,3776.6185,3807.5781,-48.39,0,24.84,69.16,-38.77,-0.34,0,-54.0,0,0.0,-18.0,-52.0,0,2001.0,2.0,-1.0,1.0,-0.01,3853.82,-0.35
20180605,3811.2852,3845.5648,3800.9256,3845.3164,-7.11,1,41.28,42.12,15.69,0.13,1,-65.0,-1,-11.0,-19.0,-55.0,-1,3001.0,3.0,-1.0,2.0,0.05,3852.16,-0.05
20180606,3839.683,3848.3295,3830.8956,3837.3511,-0.91,1,6.2,72.32,19.06,0.18,1,-68.0,0,-3.0,-14.0,-50.0,0,3000.0,3.0,-0.0,3.0,0.1,3850.44,-0.1
20180607,3846.9367,3859.8476,3827.6874,3831.0128,-9.58,0,-8.67,38.81,35.36,0.07,0,-78.0,-1,-10.0,-24.0,-50.0,-1,3000.0,3.0,-0.0,3.0,0.1,3847.34,-0.12
20180608,3819.4477,3819.4607,3759.2717,3779.6159,-50.1,-1,-40.52,-42.99,67.45,-0.36,-1,-82.0,-1,-4.0,-17.0,-46.0,0,1001.0,1.0,-1.0,0.0,-0.07,3842.68,-0.48
20180611,3770.208,3792.548,3756.5148,3779.9818,-56.62,-1,-6.52,-55.71,-7.39,-0.39,-1,-83.0,0,-1.0,-15.0,-37.0,0,1001.0,1.0,-1.0,0.0,-0.07,3836.21,-0.43
20180612,3783.1858,3830.471,3765.2644,3825.9534,-10.6,0,46.02,-1.02,62.63,0.13,1,-83.0,0,0.0,-5.0,-29.0,0,3001.0,3.0,-1.0,2.0,0.05,3831.31,-0.04
20180613,3814.6174,3817.4528,3782.0728,3788.3391,-43.56,0,-32.96,6.54,4.83,-0.23,0,-92.0,-1,-9.0,-10.0,-38.0,0,2001.0,2.0,-1.0,1.0,-0.01,3826.08,-0.29
20180614,3774.6396,3808.1616,3759.2484,3773.3655,-46.96,0,-3.4,9.66,-39.85,-0.24,0,-100.0,-1,-8.0,-17.0,-35.0,-1,1002.0,1.0,-2.0,-1.0,-0.12,3821.55,-0.37
20180615,3763.0405,3780.3368,3737.4282,3753.4338,-65.17,-1,-18.21,-54.57,-64.26,-0.41,-1,-110.0,-1,-10.0,-27.0,-42.0,-1,1001.0,1.0,-1.0,0.0,-0.06,3814.07,-0.46
20180619,3702.6681,3712.8162,3583.0208,3621.1166,-185.56,-1,-120.39,-142.0,-175.98,-1.63,-1,-117.0,-1,-7.0,-25.0,-39.0,-1,21.0,0.0,-21.0,-21.0,-1.21,3799.06,-1.35
20180620,3602.5512,3649.3359,3578.1743,3635.4436,-156.91,0,28.65,-109.95,-106.81,-1.18,0,-129.0,-1,-12.0,-29.0,-47.0,-1,1011.0,1.0,-11.0,-10.0,-0.54,3785.52,-1.14
20180621,3633.5558,3673.5625,3589.4899,3592.965,-187.45,0,-30.54,-122.28,-130.83,-1.38,0,-131.0,0,-2.0,-21.0,-48.0,0,27.0,0.0,-27.0,-27.0,-1.43,3772.44,-1.36
20180622,3567.8939,3609.0751,3542.4564,3608.9046,-147.96,1,39.49,37.6,-137.36,-0.84,1,-139.0,-1,-8.0,-22.0,-56.0,0,8.0,0.0,-8.0,-8.0,-0.31,3761.52,-1.16
20180625,3625.7984,3631.0253,3559.0343,3560.4777,-170.22,0,-22.26,-13.31,-126.66,-0.99,0,-142.0,0,-3.0,-13.0,-50.0,0,14.0,0.0,-14.0,-14.0,-0.61,3748.72,-1.43
20180626,3521.5876,3541.782,3478.2134,3531.1112,-167.59,0,2.63,19.86,-120.63,-0.87,0,-145.0,0,-3.0,-14.0,-45.0,0,10.0,0.0,-10.0,-10.0,-0.34,3733.62,-1.54
20180627,3525.1323,3537.6569,3441.785,3459.2621,-196.77,-1,-29.18,-48.81,-131.6,-1.09,-1,-146.0,0,-1.0,-7.0,-36.0,0,16.0,0.0,-16.0,-16.0,-0.64,3716.38,-1.95
20180628,3434.9441,3477.0565,3416.9476,3423.5255,-207.51,-1,-10.74,-37.29,-21.95,-1.1,0,-141.0,1,5.0,1.0,-24.0,1,15.0,0.0,-15.0,-15.0,-0.55,3701.39,-2.11
20180629,3431.9619,3512.3834,3425.2159,3510.9845,-104.41,1,103.1,63.18,52.5,0.08,1,-143.0,0,-2.0,2.0,-14.0,0,5.0,0.0,-5.0,-5.0,0.04,3686.82,-1.33
20180702,3504.4571,3506.8996,3383.5006,3407.9638,-166.41,0,-62.0,30.36,21.04,-0.57,0,-143.0,0,0.0,3.0,-12.0,0,19.0,0.0,-19.0,-19.0,-0.71,3668.69,-1.98
20180703,3410.4767,3422.0398,3319.2889,3409.2801,-139.69,0,26.72,67.82,8.27,-0.24,0,-142.0,0,1.0,-1.0,-3.0,0,13.0,0.0,-13.0,-13.0,-0.32,3648.77,-1.82
20180704,3398.7788,3418.3311,3359.0861,3363.7473,-160.96,0,-21.27,-56.55,9.26,-0.44,0,-136.0,1,6.0,7.0,6.0,1,16.0,0.0,-16.0,-16.0,-0.44,3624.69,-1.98
20180705,3365.5547,3398.4852,3330.7113,3342.4379,-179.07,-1,-18.11,-12.66,-11.48,-0.59,0,-128.0,1,8.0,15.0,17.0,1,13.0,0.0,-13.0,-13.0,-0.22,3599.95,-1.95
20180706,3347.0624,3396.2458,3295.7296,3365.1227,-155.44,0,23.63,-15.75,41.33,-0.28,0,-120.0,1,8.0,22.0,26.0,1,9.0,0.0,-9.0,-9.0,0.04,3576.65,-1.6
20180709,3378.9056,3459.3153,3378.9056,3459.1837,-56.38,1,99.06,104.58,151.13,0.78,1,-106.0,1,14.0,30.0,35.0,1,5.0,0.0,-5.0,-5.0,0.28,3560.63,-0.77
20180710,3464.9064,3474.1396,3437.2706,3467.5155,-33.39,1,22.99,145.68,71.02,0.95,1,-95.0,1,11.0,33.0,48.0,1,3.0,0.0,-3.0,-3.0,0.41,3545.01,-0.59
20180711,3398.9265,3427.5705,3375.1441,3407.5297,-85.49,0,-52.1,69.95,80.92,0.31,0,-87.0,1,8.0,33.0,56.0,1,5.0,0.0,-5.0,-5.0,0.31,3524.09,-0.88
20180712,3403.3302,3499.097,3403.3302,3481.0559,-0.6,1,84.89,55.78,139.09,1.17,1,-74.0,1,13.0,32.0,68.0,1,1.0,0.0,-1.0,-1.0,0.55,3508.72,-0.21
20180713,3488.4966,3499.7643,3474.9123,3492.6897,11.53,1,12.13,44.92,172.49,1.18,0,-63.0,1,11.0,32.0,73.0,1,1001.0,1.0,-1.0,0.0,0.6,3494.69,-0.02
20180716,3488.967,3506.2355,3459.7312,3472.0859,-1.95,0,-13.48,83.54,177.12,0.93,0,-56.0,1,7.0,31.0,72.0,1,1003.0,1.0,-3.0,-2.0,0.49,3480.62,-0.06
20180717,3466.4236,3467.1852,3420.9714,3449.3773,-15.77,-1,-13.82,-15.17,139.67,0.7,-1,-49.0,1,7.0,25.0,71.0,1,1.0,0.0,-1.0,-1.0,0.49,3472.03,-0.17
20180718,3456.6065,3479.2635,3430.1563,3431.3227,-27.41,-1,-11.64,-38.94,28.97,0.51,-1,-47.0,0,2.0,16.0,59.0,0,2.0,0.0,-2.0,-2.0,0.41,3461.83,-0.23
20180719,3444.8032,3466.5056,3417.9627,3428.343,-37.87,-1,-10.46,-35.92,-4.48,0.35,-1,-39.0,1,8.0,17.0,56.0,1,3.0,0.0,-3.0,-3.0,0.29,3453.6,-0.19
20180720,3426.4558,3505.928,3398.9532,3492.8938,28.91,1,66.78,44.68,114.4,1.02,1,-34.0,1,5.0,15.0,53.0,0,2003.0,2.0,-3.0,-1.0,0.38,3447.8,0.34
20180723,3471.8555,3527.5335,3464.6475,3525.7503,65.1,1,36.19,92.51,65.7,1.3,1,-28.0,1,6.0,19.0,46.0,0,6000.0,6.0,-0.0,6.0,0.73,3446.06,0.6
20180724,3530.6641,3596.5128,3530.6641,3581.7057,107.74,1,42.64,145.61,96.21,1.62,1,-24.0,1,4.0,15.0,39.0,0,8000.0,8.0,-0.0,8.0,0.79,3448.59,1.01
20180725,3589.5055,3589.9841,3566.314,3577.7522,93.52,0,-14.22,64.61,95.47,1.32,0,-25.0,0,-1.0,9.0,31.0,0,6000.0,6.0,-0.0,6.0,0.61,3454.51,0.93
20180726,3583.3173,3593.9227,3528.6442,3536.2456,48.88,-1,-44.64,-16.22,64.65,0.73,-1,-31.0,-1,-6.0,-3.0,18.0,-1,2000.0,2.0,-0.0,2.0,0.33,3460.15,0.58
20180727,3533.7714,3545.4058,3512.7034,3521.2269,29.7,-1,-19.18,-78.04,57.11,0.46,-1,-42.0,-1,-11.0,-18.0,5.0,-1,2000.0,2.0,-0.0,2.0,0.31,3460.66,0.46
20180730,3520.8538,3550.902,3489.5494,3515.0794,17.96,-1,-11.74,-75.56,55.83,0.29,-1,-46.0,-1,-4.0,-21.0,-7.0,-1,3000.0,3.0,-0.0,3.0,0.31,3466.02,0.37
20180731,3510.4744,3528.154,3493.1545,3517.6568,17.96,0,0.0,-30.92,-10.95,0.26,0,-51.0,-1,-5.0,-20.0,-17.0,-1,2000.0,2.0,-0.0,2.0,0.21,3471.44,0.35
20180801,3530.0298,3543.606,3446.7765,3447.3882,-39.91,-1,-57.87,-69.61,-105.01,-0.37,-1,-63.0,-1,-12.0,-21.0,-35.0,-1,0.0,0.0,-0.0,0.0,0.05,3475.62,-0.21
20180802,3434.3516,3434.3516,3322.096,3370.9579,-95.58,-1,-55.67,-113.54,-203.32,-0.92,-1,-70.0,-1,-7.0,-24.0,-46.0,-1,1002.0,1.0,-2.0,-1.0,-0.05,3477.04,-0.8
20180803,3366.6637,3381.3417,3315.2008,3315.2839,-134.89,-1,-39.31,-152.85,-228.41,-1.24,-1,-79.0,-1,-9.0,-28.0,-54.0,-1,8.0,0.0,-8.0,-8.0,-0.45,3474.55,-1.21
20180806,3312.8153,3344.246,3257.6856,3273.2728,-170.8,-1,-35.91,-130.89,-219.68,-1.5,-1,-86.0,-1,-7.0,-23.0,-55.0,-1,16.0,0.0,-16.0,-16.0,-0.88,3465.26,-1.46
20180807,3284.9785,3368.962,3263.4986,3368.8695,-63.68,1,107.12,31.9,-93.38,-0.23,1,-88.0,0,-2.0,-18.0,-46.0,0,3005.0,3.0,-5.0,-2.0,-0.08,3460.32,-0.69
20180808,3362.1485,3368.1602,3311.7694,3314.5075,-101.05,0,-37.37,33.84,-119.01,-0.6,0,-85.0,0,3.0,-6.0,-39.0,0,1009.0,1.0,-9.0,-8.0,-0.41,3455.67,-1.07
20180809,3303.4765,3408.3911,3299.6157,3397.5298,-19.72,1,81.33,151.08,-37.68,0.31,1,-76.0,1,9.0,10.0,-25.0,1,1001.0,1.0,-1.0,0.0,0.04,3451.5,-0.41
20180810,3398.4139,3424.0411,3380.5731,3405.0191,-14.19,1,5.53,49.49,25.72,0.33,0,-70.0,1,6.0,18.0,-7.0,1,1000.0,1.0,-0.0,1.0,0.1,3447.11,-0.32
20180813,3369.9812,3396.1883,3336.6956,3390.3441,-17.92,0,-3.73,83.13,77.66,0.26,0,-75.0,0,-5.0,10.0,-5.0,0,1001.0,1.0,-1.0,0.0,0.03,3443.03,-0.4
20180814,3386.4832,3391.729,3356.6142,3372.9137,-32.85,-1,-14.93,-13.13,102.04,0.08,-1,-77.0,0,-2.0,-1.0,2.0,0,1.0,0.0,-1.0,-1.0,-0.02,3439.2,-0.5
20180815,3371.959,3372.1369,3288.7088,3291.976,-98.76,-1,-65.91,-84.57,72.04,-0.62,-1,-81.0,-1,-4.0,-11.0,5.0,-1,1.0,0.0,-1.0,-1.0,-0.03,3432.24,-1.06
20180816,3251.8556,3315.2031,3231.5561,3276.7276,-108.38,-1,-9.62,-90.46,-44.7,-0.66,-1,-85.0,-1,-4.0,-10.0,3.0,-1,3.0,0.0,-3.0,-3.0,-0.14,3424.66,-1.12
20180817,3305.8954,3311.5729,3224.0999,3229.6198,-142.68,-1,-34.3,-109.83,-41.63,-0.95,-1,-89.0,-1,-4.0,-12.0,-4.0,-1,5.0,0.0,-5.0,-5.0,-0.24,3411.49,-1.38
20180820,3238.215,3267.2498,3209.0115,3267.2498,-101.2,0,41.48,-2.44,-81.48,-0.43,1,-90.0,0,-1.0,-9.0,-14.0,0,5.0,0.0,-5.0,-5.0,-0.21,3398.57,-1.0
20180821,3271.8402,3331.7077,3270.0302,3326.6489,-42.85,1,58.35,65.53,-28.66,0.22,1,-85.0,0,5.0,0.0,-15.0,1,2.0,0.0,-2.0,-2.0,-0.01,3385.81,-0.45
20180822,3328.9693,3328.9693,3299.3938,3307.9545,-60.99,0,-18.14,81.69,-43.07,0.01,0,-84.0,0,1.0,5.0,-9.0,0,2.0,0.0,-2.0,-2.0,0.01,3372.32,-0.49
20180823,3308.4589,3336.1123,3285.8141,3320.0257,-41.93,0,19.06,59.27,-9.08,0.21,0,-78.0,1,6.0,12.0,-1.0,1,2.0,0.0,-2.0,-2.0,0.02,3361.51,-0.31
20180824,3308.4778,3353.0445,3291.8654,3325.3347,-29.27,1,12.66,13.58,69.49,0.32,1,-76.0,0,2.0,9.0,5.0,0,2.0,0.0,-2.0,-2.0,0.03,3351.72,-0.2
20180827,3339.3894,3406.5735,3339.2646,3406.5735,43.82,1,73.09,104.81,152.2,1.06,1,-74.0,0,2.0,10.0,11.0,0,1.0,0.0,-1.0,-1.0,0.1,3346.29,0.46
20180828,3408.1502,3416.5929,3388.8143,3400.1705,39.52,0,-4.3,81.45,182.2,0.91,0,-68.0,1,6.0,10.0,21.0,1,1.0,0.0,-1.0,-1.0,0.11,3340.42,0.45
20180829,3393.0527,3398.7139,3377.1231,3386.5736,21.37,0,-18.15,50.64,122.57,0.63,0,-68.0,0,0.0,8.0,22.0,0,2.0,0.0,-2.0,-2.0,0.06,3337.38,0.37
20180830,3385.8052,3402.5626,3349.4688,3351.0942,-14.72,-1,-36.09,-58.54,28.13,0.2,-1,-68.0,0,0.0,6.0,17.0,0,1.0,0.0,-1.0,-1.0,0.12,3336.38,0.11
20180831,3333.3801,3356.5757,3310.8726,3334.5036,-24.0,-1,-9.28,-63.52,36.99,0.08,-1,-69.0,0,-1.0,-1.0,15.0,0,1.0,0.0,-1.0,-1.0,0.1,3337.35,-0.02
20180903,3320.6898,3325.607,3291.7842,3321.8248,-28.92,0,-4.92,-50.29,13.01,0.02,0,-74.0,-1,-5.0,-6.0,4.0,-1,2.0,0.0,-2.0,-2.0,0.0,3339.77,-0.14
20180904,3324.186,3370.963,3307.9585,3363.8984,5.14,1,34.06,19.86,34.41,0.38,1,-81.0,-1,-7.0,-13.0,-5.0,-1,1.0,0.0,-1.0,-1.0,0.05,3339.52,0.18
20180905,3349.6983,3354.1991,3298.1412,3298.1412,-52.09,-1,-57.23,-28.09,-95.91,-0.26,-1,-85.0,-1,-4.0,-16.0,-11.0,-1,2.0,0.0,-2.0,-2.0,-0.02,3338.71,-0.31
20180906,3286.6645,3311.4973,3253.7552,3262.8808,-67.15,-1,-15.06,-38.23,-106.67,-0.39,-1,-95.0,-1,-10.0,-21.0,-27.0,-1,1004.0,1.0,-4.0,-3.0,-0.07,3331.97,-0.52
20180907,3273.8906,3316.6149,3253.725,3277.6438,-56.53,0,10.62,-61.67,-77.9,-0.24,0,-98.0,0,-3.0,-17.0,-30.0,0,2.0,0.0,-2.0,-2.0,-0.0,3325.6,-0.36
20180910,3271.3818,3277.884,3227.8481,3230.0681,-95.64,-1,-39.11,-43.55,-80.92,-0.63,-1,-102.0,-1,-4.0,-17.0,-34.0,0,3.0,0.0,-3.0,-3.0,-0.05,3317.59,-0.66
20180911,3229.7052,3245.617,3209.1121,3224.2116,-89.38,0,6.26,-22.23,-65.38,-0.5,0,-97.0,0,5.0,-2.0,-28.0,1,2.0,0.0,-2.0,-2.0,0.01,3310.16,-0.65
20180912,3216.9911,3225.6014,3194.9785,3202.0248,-94.1,0,-4.72,-37.57,-65.18,-0.51,0,-95.0,0,2.0,3.0,-21.0,0,3.0,0.0,-3.0,-3.0,-0.04,3305.66,-0.79
20180913,3239.6852,3249.593,3191.3975,3236.5662,-56.31,1,37.79,39.33,-61.45,-0.06,1,-90.0,1,5.0,12.0,-9.0,1,3.0,0.0,-3.0,-3.0,-0.04,3303.65,-0.51
20180914,3242.8307,3254.1043,3227.9439,3242.0902,-59.35,0,-3.04,30.03,-7.26,-0.09,0,-84.0,1,6.0,13.0,1.0,1,2.0,0.0,-2.0,-2.0,0.01,3304.27,-0.47
20180917,3224.9267,3230.7878,3200.5096,3204.9224,-90.13,0,-30.78,3.97,-22.98,-0.4,0,-78.0,1,6.0,17.0,17.0,1,3.0,0.0,-3.0,-3.0,-0.06,3301.16,-0.73
20180918,3193.6423,3270.107,3193.6423,3269.4319,-18.87,1,71.26,37.44,37.66,0.38,1,-65.0,1,13.0,25.0,33.0,1,0.0,0.0,-0.0,0.0,0.11,3298.3,-0.22
20180919,3261.997,3335.9913,3258.3097,3312.4823,20.05,1,38.92,79.4,115.69,0.75,1,-58.0,1,7.0,26.0,44.0,1,1000.0,1.0,-0.0,1.0,0.16,3298.52,0.11
20180920,3314.8758,3332.3093,3303.073,3310.1258,16.86,0,-3.19,106.99,106.24,0.65,0,-47.0,1,11.0,31.0,50.0,1,1000.0,1.0,-0.0,1.0,0.15,3298.03,0.09
20180921,3320.6958,3410.4856,3307.767,3410.4856,94.84,1,77.98,113.71,188.94,1.4,1,-28.0,1,19.0,37.0,67.0,1,6000.0,6.0,-0.0,6.0,0.41,3302.29,0.82
20180925,3375.9717,3394.3771,3367.0253,3379.8043,65.82,0,-29.02,45.77,122.13,0.97,0,-22.0,1,6.0,36.0,68.0,1,2000.0,2.0,-0.0,2.0,0.18,3300.95,0.6
20180926,3388.5576,3448.2595,3383.2352,3417.2413,88.16,0,22.34,71.3,147.51,1.11,0,-23.0,0,-1.0,24.0,61.0,0,1000.0,1.0,-0.0,1.0,0.11,3301.8,0.88
20180927,3415.9532,3423.71,3394.732,3403.5902,67.81,0,-20.35,-27.03,157.94,0.79,-1,-24.0,0,-1.0,4.0,54.0,0,0.0,0.0,-0.0,0.0,0.05,3302.65,0.77
20180928,3409.9598,3444.9884,3404.6973,3438.8649,92.76,1,24.95,26.94,111.63,0.97,0,-40.0,-1,-16.0,-18.0,25.0,-1,2000.0,2.0,-0.0,2.0,0.16,3307.04,1.0
20181008,3361.5594,3364.4641,3285.253,3290.8988,-38.42,-1,-131.18,-126.58,-58.47,-0.49,-1,-53.0,-1,-13.0,-30.0,5.0,-1,0.0,0.0,-0.0,0.0,0.04,3304.86,-0.11
20181009,3290.1705,3309.7978,3276.1322,3288.6906,-41.11,0,-2.69,-108.92,-57.97,-0.47,0,-64.0,-1,-11.0,-40.0,-17.0,-1,0.0,0.0,-0.0,0.0,0.03,3303.2,-0.11
20181010,3295.4288,3315.731,3256.5815,3281.5978,-29.82,0,11.29,-122.58,-124.66,-0.31,0,-73.0,-1,-9.0,-33.0,-45.0,-1,0.0,0.0,-0.0,0.0,0.03,3299.09,-0.13
20181011,3179.5408,3209.5202,3099.0402,3124.1139,-179.53,-1,-149.71,-141.11,-245.35,-1.85,-1,-89.0,-1,-16.0,-36.0,-67.0,-1,5.0,0.0,-5.0,-5.0,-0.25,3290.39,-1.26
20181012,3123.3715,3184.122,3094.9657,3170.7262,-129.49,0,50.04,-88.38,-217.65,-1.15,0,-95.0,-1,-6.0,-31.0,-72.0,-1,3.0,0.0,-3.0,-3.0,-0.13,3285.78,-0.87
20181015,3173.8467,3183.1297,3120.2306,3126.4516,-161.54,0,-32.05,-131.72,-229.35,-1.37,0,-112.0,-1,-17.0,-39.0,-88.0,-1,5.0,0.0,-5.0,-5.0,-0.24,3278.22,-1.15
20181016,3128.5764,3166.0918,3089.3668,3100.9738,-180.13,0,-18.59,-0.6,-272.89,-1.44,0,-115.0,0,-3.0,-26.0,-75.0,0,4.0,0.0,-4.0,-4.0,-0.18,3271.76,-1.3
20181017,3140.6838,3149.1344,3062.554,3118.2463,-138.98,0,41.15,-9.49,-100.56,-0.87,1,-109.0,0,6.0,-14.0,-56.0,0,2.0,0.0,-2.0,-2.0,-0.07,3266.47,-1.12
20181018,3097.7903,3097.7903,3043.3817,3044.3918,-199.68,-1,-60.7,-38.14,-158.57,-1.42,0,-105.0,1,4.0,7.0,-41.0,1,6.0,0.0,-6.0,-6.0,-0.29,3258.58,-1.62
20181019,3017.7488,3137.7475,3009.4983,3134.9455,-100.54,1,99.14,79.59,-70.72,-0.25,1,-83.0,1,22.0,32.0,-10.0,1,3.0,0.0,-3.0,-3.0,-0.11,3253.5,-0.9
20181022,3159.5614,3297.3803,3159.5614,3270.2732,36.39,1,136.93,175.37,215.92,1.21,1,-75.0,1,8.0,34.0,14.0,1,0.0,0.0,-0.0,0.0,0.05,3254.91,0.12
20181023,3273.1271,3276.0205,3163.5704,3183.4257,-34.56,0,-70.95,165.12,94.93,0.35,0,-70.0,0,5.0,35.0,25.0,0,2.0,0.0,-2.0,-2.0,-0.07,3253.84,-0.53
20181024,3169.4571,3245.3971,3164.293,3188.2018,-27.08,0,7.48,73.46,134.46,0.4,0,-61.0,1,9.0,22.0,51.0,1,1.0,0.0,-1.0,-1.0,-0.01,3249.78,-0.47
20181025,3107.8402,3197.3212,3099.8887,3194.3084,-19.09,0,7.99,-55.48,161.04,0.44,0,-61.0,0,0.0,14.0,54.0,0,3.0,0.0,-3.0,-3.0,-0.11,3243.87,-0.38
20181026,3204.2845,3218.1021,3151.9244,3173.635,-33.73,0,-14.64,0.83,105.25,0.25,-1,-58.0,0,3.0,12.0,51.0,0,3.0,0.0,-3.0,-3.0,-0.1,3237.04,-0.48
20181029,3157.4879,3158.8114,3062.5803,3076.8889,-92.8,-1,-59.07,-65.72,106.88,-0.4,-1,-56.0,0,2.0,5.0,49.0,0,7.0,0.0,-7.0,-7.0,-0.29,3220.36,-1.09
20181030,3061.93,3146.6276,3050.7709,3110.2605,-48.18,0,44.62,-29.09,52.36,0.11,0,-49.0,1,7.0,12.0,34.0,1,6.0,0.0,-6.0,-6.0,-0.21,3206.89,-0.73
20181031,3116.6582,3168.9187,3106.0279,3153.8234,-1.97,1,46.21,31.76,-38.36,0.58,1,-34.0,1,15.0,24.0,41.0,1,2.0,0.0,-2.0,-2.0,0.03,3193.72,-0.3
20181101,3185.202,3217.8034,3173.0992,3177.0338,13.77,1,15.74,106.57,48.33,0.69,1,-27.0,1,7.0,29.0,43.0,1,1000.0,1.0,-0.0,1.0,0.2,3182.39,-0.04
20181102,3258.6093,3290.2455,3222.4354,3290.2455,103.58,1,89.81,151.76,130.66,1.57,1,-19.0,1,8.0,30.0,42.0,1,3000.0,3.0,-0.0,3.0,0.31,3174.96,0.87
20181105,3269.4695,3279.8781,3230.3632,3262.8351,74.33,0,-29.25,76.3,93.42,1.11,0,-8.0,1,11.0,26.0,53.0,1,0.0,0.0,-0.0,0.0,0.14,3173.55,0.68
20181106,3254.9778,3254.9778,3213.895,3243.1504,57.04,0,-17.29,43.27,90.77,0.82,0,-8.0,0,0.0,19.0,50.0,0,1000.0,1.0,-0.0,1.0,0.19,3171.28,0.55
20181107,3243.8775,3270.5003,3218.4219,3221.9101,35.01,-1,-22.03,-68.57,127.81,0.51,-1,-4.0,1,4.0,15.0,52.0,0,0.0,0.0,-0.0,0.0,0.13,3168.29,0.41
20181108,3251.7281,3253.5735,3207.7084,3212.7737,15.95,-1,-19.06,-58.38,64.13,0.27,-1,1.0,1,5.0,9.0,50.0,0,0.0,0.0,-0.0,0.0,0.12,3172.73,0.3
20181109,3193.3039,3193.3039,3166.3106,3167.4442,-21.93,-1,-37.88,-78.97,-19.96,-0.16,-1,6.0,1,5.0,14.0,40.0,1,0.0,0.0,-0.0,0.0,0.11,3172.56,-0.04
20181112,3160.2465,3206.5127,3152.4399,3205.1407,24.26,0,46.19,-10.75,10.49,0.34,0,9.0,0,3.0,13.0,36.0,0,0.0,0.0,-0.0,0.0,0.1,3176.5,0.22
20181113,3164.9222,3254.7684,3161.0979,3237.3823,48.3,1,24.04,32.35,-55.28,0.56,1,8.0,0,-1.0,7.0,27.0,0,0.0,0.0,-0.0,0.0,0.09,3183.32,0.41
20181114,3233.6409,3239.2448,3200.2285,3204.9427,18.21,0,-30.09,40.14,-56.12,0.19,0,10.0,0,2.0,4.0,18.0,0,0.0,0.0,-0.0,0.0,0.08,3187.65,0.13
20181115,3201.2814,3242.3836,3198.7814,3242.3715,54.73,1,36.52,30.47,-2.31,0.56,0,7.0,0,-3.0,-2.0,15.0,0,0.0,0.0,-0.0,0.0,0.06,3197.55,0.34
20181116,3242.879,3282.39,3223.7215,3257.6735,60.26,0,5.53,11.96,25.25,0.56,0,9.0,0,2.0,1.0,13.0,0,0.0,0.0,-0.0,0.0,0.05,3203.69,0.41
20181119,3258.7919,3294.6031,3251.0665,3294.6031,77.4,1,17.14,59.19,61.45,0.69,1,9.0,0,0.0,-1.0,8.0,0,0.0,0.0,-0.0,0.0,0.05,3204.9,0.68
20181120,3268.0768,3278.7845,3213.6833,3218.4076,0.01,-1,-77.39,-54.72,21.94,-0.19,-1,2.0,-1,-7.0,-5.0,-4.0,-1,0.0,0.0,-0.0,0.0,0.05,3206.65,0.09
20181121,3187.1025,3230.2578,3185.2393,3226.4918,6.09,0,6.08,-54.17,-18.17,-0.11,0,-3.0,-1,-5.0,-12.0,-12.0,-1,0.0,0.0,-0.0,0.0,0.05,3208.57,0.14
20181122,3232.9731,3235.4524,3199.6981,3214.4273,-0.76,0,-6.85,-78.16,-49.06,-0.17,0,-8.0,-1,-5.0,-17.0,-16.0,-1,0.0,0.0,-0.0,0.0,0.04,3209.57,0.04
20181123,3208.593,3212.1952,3139.3857,3143.4752,-70.49,-1,-69.73,-70.5,-88.7,-0.88,-1,-12.0,-1,-4.0,-14.0,-22.0,-1,0.0,0.0,-0.0,0.0,0.03,3208.06,-0.49
20181126,3148.6721,3169.4418,3131.636,3141.2434,-70.18,0,0.31,-76.27,-124.91,-0.79,0,-13.0,0,-1.0,-10.0,-20.0,0,1.0,0.0,-1.0,-1.0,-0.05,3211.28,-0.53
20181127,3152.7743,3162.0121,3126.289,3137.2413,-65.32,0,4.86,-64.56,-125.58,-0.67,0,-15.0,0,-2.0,-7.0,-24.0,0,1.0,0.0,-1.0,-1.0,-0.06,3212.63,-0.57
20181128,3137.7477,3179.4108,3126.6179,3178.9326,-23.62,1,41.7,46.87,-101.02,-0.17,1,-13.0,0,2.0,-1.0,-22.0,0,0.0,0.0,-0.0,0.0,-0.01,3213.89,-0.27
20181129,3198.8259,3204.8565,3137.6542,3137.6542,-57.5,0,-33.88,12.68,-57.51,-0.51,0,-13.0,0,0.0,0.0,-15.0,0,0.0,0.0,-0.0,0.0,-0.01,3211.92,-0.56
20181130,3136.1962,3175.154,3132.423,3172.69,-18.29,1,39.21,47.03,-24.38,-0.05,1,-15.0,0,-2.0,0.0,-12.0,0,0.0,0.0,-0.0,0.0,0.0,3206.04,-0.25
20181203,3260.6862,3273.6397,3228.3611,3260.9502,64.54,1,82.83,88.16,65.3,0.82,1,-12.0,0,3.0,1.0,-4.0,0,0.0,0.0,-0.0,0.0,0.0,3205.95,0.42
20181204,3256.2282,3267.94,3243.6951,3267.7095,68.39,0,3.85,125.89,138.88,0.79,0,-16.0,-1,-4.0,-3.0,-4.0,-1,1000.0,1.0,-0.0,1.0,0.06,3207.17,0.46
20181205,3224.2556,3266.9039,3219.9785,3252.0041,46.33,0,-22.06,64.62,116.51,0.48,0,-16.0,0,0.0,-1.0,-3.0,0,0.0,0.0,-0.0,0.0,0.0,3208.68,0.33
20181206,3218.113,3223.5219,3179.8948,3181.673,-18.78,-1,-65.11,-83.32,46.54,-0.25,-1,-21.0,-1,-5.0,-9.0,-6.0,-1,0.0,0.0,-0.0,0.0,0.0,3207.12,-0.19
20181207,3187.4919,3193.8191,3176.7061,3181.5646,-15.24,0,3.54,-83.63,8.38,-0.19,0,-24.0,0,-3.0,-8.0,-11.0,0,3.0,0.0,-3.0,-3.0,-0.16,3207.83,-0.2
20181210,3153.5228,3170.1523,3134.3845,3144.7631,-43.96,-1,-28.72,-90.29,13.54,-0.47,-1,-29.0,-1,-5.0,-13.0,-16.0,-1,3.0,0.0,-3.0,-3.0,-0.15,3204.81,-0.46
20181211,3148.2256,3161.9557,3143.6072,3159.8158,-28.96,0,15.0,-10.18,-10.67,-0.27,0,-32.0,0,-3.0,-11.0,-17.0,0,3.0,0.0,-3.0,-3.0,-0.14,3200.93,-0.31
20181212,3181.566,3182.2107,3160.2784,3170.6092,-19.71,0,9.25,-4.47,-84.25,-0.15,0,-37.0,-1,-5.0,-13.0,-25.0,-1,3.0,0.0,-3.0,-3.0,-0.13,3199.22,-0.22
20181213,3178.891,3234.0817,3169.4234,3219.6924,21.88,1,41.59,65.84,-46.51,0.3,1,-35.0,0,2.0,-6.0,-19.0,0,1002.0,1.0,-2.0,-1.0,-0.02,3198.08,0.16
20181214,3207.3481,3210.7221,3165.9109,3165.9109,-32.64,0,-54.52,-3.68,-78.97,-0.3,0,-35.0,0,0.0,-3.0,-19.0,0,3.0,0.0,-3.0,-3.0,-0.12,3193.49,-0.21
20181217,3158.2844,3167.5125,3134.3653,3161.1966,-35.46,0,-2.82,-15.75,-16.68,-0.3,0,-40.0,-1,-5.0,-3.0,-19.0,0,1002.0,1.0,-2.0,-1.0,-0.01,3186.82,-0.19
20181218,3139.9493,3165.0018,3114.4684,3128.4265,-56.73,-1,-21.27,-78.61,-41.49,-0.49,0,-55.0,-1,-15.0,-20.0,-31.0,-1,2.0,0.0,-2.0,-2.0,-0.06,3182.32,-0.41
20181219,3133.7416,3137.0099,3086.7579,3091.1255,-83.25,-1,-26.52,-50.61,-39.29,-0.72,-1,-59.0,-1,-4.0,-24.0,-30.0,-1,3.0,0.0,-3.0,-3.0,-0.11,3175.56,-0.64
20181220,3083.5441,3097.7202,3044.2929,3067.4169,-92.97,-1,-9.72,-57.51,-64.01,-0.76,-1,-70.0,-1,-11.0,-30.0,-38.0,-1,1.0,0.0,-1.0,-1.0,0.01,3168.2,-0.76
20181221,3055.3258,3057.4007,3007.6096,3029.3951,-110.35,-1,-17.38,-53.62,-90.64,-0.86,-1,-70.0,0,0.0,-15.0,-33.0,0,3.0,0.0,-3.0,-3.0,-0.09,3162.5,-1.01
20181224,3015.4974,3040.3524,3007.3292,3038.1981,-86.49,0,23.86,-3.24,-108.37,-0.53,1,-80.0,-1,-10.0,-21.0,-45.0,-1,2.0,0.0,-2.0,-2.0,-0.03,3157.35,-0.9
20181225,3006.8787,3030.1418,2964.875,3017.2815,-97.54,0,-11.05,-4.57,-64.9,-0.6,0,-81.0,0,-1.0,-11.0,-46.0,0,3.0,0.0,-3.0,-3.0,-0.09,3151.35,-1.02
20181226,3012.869,3029.0608,2996.4829,3002.0327,-99.66,0,-2.12,10.69,-64.2,-0.56,0,-78.0,0,3.0,-8.0,-38.0,0,3.0,0.0,-3.0,-3.0,-0.08,3142.51,-1.07
20181227,3042.9491,3047.2348,2990.5057,2990.5057,-102.1,0,-2.44,-15.61,-45.37,-0.53,0,-76.0,0,2.0,4.0,-21.0,0,3.0,0.0,-3.0,-3.0,-0.07,3135.15,-1.1
20181228,2994.795,3024.3525,2984.8177,3010.6536,-73.79,1,28.31,23.75,9.46,-0.19,1,-70.0,1,6.0,11.0,-11.0,1,2.0,0.0,-2.0,-2.0,-0.01,3127.05,-0.88
20190102,3017.0674,3018.7759,2958.4883,2969.5353,-108.66,0,-34.87,-9.0,-15.69,-0.53,0,-65.0,1,5.0,13.0,5.0,1,3.0,0.0,-3.0,-3.0,-0.05,3112.48,-1.08
20190103,2963.0186,3000.4413,2953.2548,2964.8421,-102.14,0,6.52,-0.04,8.21,-0.42,0,-63.0,0,2.0,13.0,7.0,0,3.0,0.0,-3.0,-3.0,-0.04,3097.33,-1.0
20190104,2940.1916,3036.8147,2935.8295,3035.8741,-27.69,1,74.45,46.1,58.8,0.4,1,-46.0,1,17.0,24.0,34.0,1,1002.0,1.0,-2.0,-1.0,0.07,3086.53,-0.38
20190107,3055.1535,3061.749,3035.9123,3054.303,0.88,1,28.57,109.54,98.42,0.66,1,-39.0,1,7.0,26.0,42.0,1,1001.0,1.0,-1.0,0.0,0.13,3080.16,-0.2
20190108,3049.8747,3055.51,3038.5339,3047.7035,-6.93,0,-7.81,95.21,92.73,0.52,0,-31.0,1,8.0,32.0,47.0,1,1001.0,1.0,-1.0,0.0,0.12,3073.46,-0.2
20190109,3065.2307,3117.9614,3062.8474,3078.4759,12.74,1,19.67,40.43,114.84,0.68,1,-19.0,1,12.0,27.0,57.0,1,1001.0,1.0,-1.0,0.0,0.11,3070.15,0.06
20190110,3077.4817,3092.5411,3062.5721,3072.6864,-1.34,0,-14.08,-2.22,72.45,0.46,-1,-14.0,1,5.0,25.0,56.0,1,1001.0,1.0,-1.0,0.0,0.11,3065.79,0.05
20190111,3082.2615,3102.8333,3071.0264,3094.7782,15.64,1,16.98,22.57,124.3,0.6,0,-1.0,1,13.0,30.0,64.0,1,1.0,0.0,-1.0,-1.0,0.04,3062.0,0.25
20190114,3092.4984,3097.4064,3064.3827,3067.7845,-8.07,-1,-23.71,-20.81,94.07,0.29,-1,6.0,1,7.0,25.0,69.0,1,1.0,0.0,-1.0,-1.0,0.04,3054.41,0.1
20190115,3071.5185,3129.3708,3064.6705,3127.9904,39.06,1,47.13,40.4,66.75,0.76,1,16.0,1,10.0,30.0,62.0,1,1.0,0.0,-1.0,-1.0,0.04,3052.51,0.57
20190116,3126.1347,3135.0117,3117.2926,3128.6517,36.51,0,-2.55,20.87,35.63,0.66,0,32.0,1,16.0,33.0,71.0,1,1.0,0.0,-1.0,-1.0,0.04,3050.88,0.59
20190117,3132.6285,3141.7099,3110.0608,3111.4168,15.69,0,-20.82,23.76,22.62,0.38,0,40.0,1,8.0,34.0,71.0,1,1.0,0.0,-1.0,-1.0,0.03,3050.03,0.47
20190118,3124.5025,3171.6864,3120.3458,3168.1739,62.06,1,46.37,23.0,49.32,0.83,1,51.0,1,11.0,35.0,70.0,1,0.0,0.0,-0.0,0.0,0.08,3053.88,0.87
20190121,3170.8773,3199.2134,3170.8773,3185.6364,70.2,1,8.14,33.69,71.54,0.83,0,53.0,0,2.0,21.0,67.0,0,0.0,0.0,-0.0,0.0,0.08,3059.8,0.95
20190122,3181.9494,3181.9494,3135.3378,3143.3171,23.37,0,-46.83,7.68,7.73,0.26,-1,56.0,0,3.0,16.0,57.0,0,0.0,0.0,-0.0,0.0,0.07,3065.49,0.59
20190123,3136.096,3157.6269,3131.8673,3141.0532,23.72,0,0.35,-38.34,31.79,0.24,0,63.0,1,7.0,12.0,57.0,0,1.0,0.0,-1.0,-1.0,0.01,3070.63,0.53
20190124,3146.6046,3165.6296,3125.3008,3158.7817,35.97,0,12.25,-34.23,-3.09,0.35,0,71.0,1,8.0,18.0,55.0,0,0.0,0.0,-0.0,0.0,0.06,3077.71,0.61
20190125,3165.1814,3203.1747,3164.4082,3184.4696,49.35,1,13.38,25.98,12.84,0.45,1,75.0,1,4.0,19.0,43.0,0,0.0,0.0,-0.0,0.0,0.05,3086.83,0.74
20190128,3203.1189,3228.8678,3174.7243,3183.7777,47.86,0,-1.49,24.14,32.17,0.4,0,88.0,1,13.0,25.0,48.0,1,0.0,0.0,-0.0,0.0,0.04,3096.5,0.66
20190129,3177.261,3200.9898,3148.2345,3193.9698,46.76,0,-1.1,10.79,-15.3,0.35,0,95.0,1,7.0,24.0,44.0,0,1000.0,1.0,-0.0,1.0,0.09,3105.66,0.67
20190130,3181.6551,3202.896,3167.8934,3168.4829,19.61,-1,-27.15,-29.74,-50.59,0.03,-1,100.0,1,5.0,25.0,47.0,0,0.0,0.0,-0.0,0.0,0.03,3115.61,0.4
20190131,3182.6987,3216.0673,3178.0105,3201.6331,31.82,0,12.21,-16.04,8.45,0.15,0,120.0,1,20.0,32.0,64.0,1,1001.0,1.0,-1.0,0.0,0.02,3127.45,0.56
20190201,3225.7335,3247.4956,3207.7168,3247.3971,75.14,1,43.32,28.38,51.42,0.59,1,137.0,1,17.0,42.0,74.0,1,0.0,0.0,-0.0,0.0,0.01,3138.02,0.83
20190211,3239.8079,3307.0638,3239.8079,3306.4725,118.56,1,43.42,98.95,82.59,0.99,1,150.0,1,13.0,50.0,79.0,1,0.0,0.0,-0.0,0.0,0.01,3150.63,1.18
20190212,3306.3523,3335.3606,3298.6337,3330.3353,132.01,1,13.45,100.19,82.66,1.04,0,166.0,1,16.0,46.0,91.0,1,1000.0,1.0,-0.0,1.0,0.07,3164.76,1.26
20190213,3337.7794,3405.5773,3329.1436,3397.0276,178.57,1,46.56,103.43,130.71,1.43,1,177.0,1,11.0,40.0,89.0,1,3000.0,3.0,-0.0,3.0,0.18,3180.69,1.64
20190214,3392.8547,3415.3994,3381.9821,3402.1403,163.19,0,-15.38,44.63,116.43,1.13,0,189.0,1,12.0,39.0,94.0,1,2000.0,2.0,-0.0,2.0,0.11,3197.16,1.55
20190215,3391.242,3395.0294,3335.8705,3338.7047,98.31,-1,-64.88,-33.7,78.7,0.34,-1,201.0,1,12.0,35.0,101.0,1,2000.0,2.0,-0.0,2.0,0.1,3209.36,0.98
20190218,3366.423,3445.7448,3366.423,3445.7448,183.38,0,85.07,4.81,151.56,1.2,0,208.0,1,7.0,31.0,88.0,0,3000.0,3.0,-0.0,3.0,0.15,3228.26,1.65
20190219,3454.7216,3480.7938,3419.0731,3439.6078,159.7,0,-23.68,-3.49,84.56,0.84,0,220.0,1,12.0,31.0,83.0,0,4000.0,4.0,-0.0,4.0,0.19,3243.84,1.48
20190220,3449.9321,3463.7735,3421.505,3451.9273,154.31,0,-5.39,56.0,35.75,0.7,0,221.0,0,1.0,20.0,71.0,0,5000.0,5.0,-0.0,5.0,0.23,3260.0,1.46
20190221,3450.1411,3500.2519,3431.631,3442.7056,134.2,-1,-20.11,-49.18,2.19,0.42,-1,226.0,1,5.0,18.0,60.0,-1,7000.0,7.0,-0.0,7.0,0.32,3276.57,1.26
20190222,3439.3781,3520.1182,3417.9784,3520.1182,190.03,1,55.83,30.33,11.46,0.97,1,230.0,1,4.0,10.0,53.0,-1,21000.0,21.0,-0.0,21.0,1.07,3294.17,1.71
20190225,3575.8528,3729.4831,3574.6885,3729.4831,363.41,1,173.38,209.1,200.22,2.69,1,234.0,1,4.0,13.0,45.0,-1,54000.0,54.0,-0.0,54.0,2.81,3321.36,3.1
20190226,3734.7059,3762.1128,3679.2705,3684.6935,304.64,0,-58.77,170.44,206.33,1.82,0,232.0,0,-2.0,6.0,31.0,0,43000.0,43.0,-0.0,43.0,2.05,3348.43,2.55
20190227,3682.8116,3737.6317,3638.3334,3678.3921,266.63,0,-38.01,76.6,83.25,1.25,0,235.0,0,3.0,5.0,27.0,0,38000.0,38.0,-0.0,38.0,1.65,3375.29,2.3
20190228,3675.2642,3695.4646,3650.0537,3669.3703,224.74,-1,-41.89,-138.67,65.04,0.69,-1,236.0,0,1.0,2.0,16.0,0,21000.0,21.0,-0.0,21.0,0.62,3400.82,2.04
20190301,3699.2157,3749.7143,3668.7653,3749.7143,269.48,0,44.74,-35.16,115.17,1.09,0,237.0,0,1.0,5.0,16.0,0,33000.0,33.0,-0.0,33.0,1.21,3429.08,2.43
20190304,3783.0367,3886.5797,3764.7764,3794.104,294.88,1,25.4,28.25,160.68,1.25,0,237.0,0,0.0,2.0,11.0,0,36000.0,36.0,-0.0,36.0,1.28,3459.6,2.54
20190305,3785.3762,3816.1621,3770.7858,3816.0132,297.29,0,2.41,72.55,107.26,1.16,0,236.0,0,-1.0,0.0,6.0,0,33000.0,33.0,-0.0,33.0,1.02,3490.7,2.47
20190306,3822.8588,3855.1556,3787.5225,3848.0903,316.3,1,19.01,46.82,-47.11,1.25,0,232.0,-1,-4.0,-5.0,-2.0,-1,44000.0,44.0,-0.0,44.0,1.52,3524.68,2.45
20190307,3841.1456,3845.182,3778.8004,3808.8497,274.74,-1,-41.56,-20.14,-29.9,0.7,-1,221.0,-1,-11.0,-16.0,-11.0,-1,34000.0,34.0,-0.0,34.0,0.85,3555.04,1.93
20190308,3721.4016,3774.5431,3656.1917,3657.579,106.43,-1,-168.31,-190.86,-160.2,-1.13,-1,186.0,-1,-35.0,-50.0,-49.0,-1,13000.0,13.0,-0.0,13.0,-0.39,3575.55,0.62
20190311,3663.9772,3731.9091,3650.8125,3729.9546,176.56,0,70.13,-139.74,-48.18,-0.29,0,185.0,0,-1.0,-47.0,-51.0,0,18000.0,18.0,-0.0,18.0,-0.16,3596.73,1.01
20190312,3758.3151,3804.72,3723.6785,3755.3519,199.25,0,22.69,-75.49,-70.23,-0.03,0,186.0,0,1.0,-35.0,-51.0,0,20000.0,20.0,-0.0,20.0,-0.1,3617.98,1.04
20190313,3758.713,3763.0926,3708.8145,3724.1941,120.81,0,-78.44,14.38,-174.07,-0.84,0,170.0,-1,-16.0,-16.0,-67.0,-1,9000.0,9.0,-0.0,9.0,-0.75,3634.34,0.68
20190314,3710.2934,3747.819,3673.8509,3698.4858,69.02,-1,-51.79,-107.54,-228.27,-1.31,-1,157.0,-1,-13.0,-28.0,-79.0,-1,3000.0,3.0,-0.0,3.0,-1.09,3649.15,0.37
20190315,3713.936,3782.2364,3713.936,3745.005,100.83,0,31.81,-98.42,-215.47,-0.85,0,153.0,-1,-4.0,-33.0,-79.0,0,3000.0,3.0,-0.0,3.0,-1.1,3669.47,0.57
20190318,3753.6436,3851.7479,3733.6781,3851.7479,188.42,1,87.59,67.61,-86.32,0.15,1,152.0,0,-1.0,-18.0,-69.0,0,9000.0,9.0,-0.0,9.0,-0.77,3689.77,1.23
20190319,3856.5885,3868.335,3815.2187,3833.9626,160.55,0,-27.87,91.53,54.12,-0.16,0,153.0,0,1.0,-4.0,-33.0,0,8000.0,8.0,-0.0,8.0,-0.84,3709.49,0.94
20190320,3825.3356,3855.1465,3790.5119,3835.4397,135.07,0,-25.48,34.24,-41.49,-0.41,0,152.0,0,-1.0,-1.0,-33.0,0,7000.0,7.0,-0.0,7.0,-0.9,3728.66,0.81
20190321,3840.2783,3864.0696,3823.4661,3836.8913,129.69,-1,-5.38,-58.73,-69.56,-0.43,0,144.0,-1,-8.0,-8.0,-42.0,0,5000.0,5.0,-0.0,5.0,-1.01,3748.37,0.67
20190322,3838.1255,3845.5808,3786.5917,3833.8013,111.53,-1,-18.16,-49.02,-9.28,-0.58,-1,132.0,-1,-12.0,-21.0,-38.0,-1,3000.0,3.0,-0.0,3.0,-1.07,3764.06,0.53
20190325,3776.4426,3807.1793,3741.6062,3742.8252,27.58,-1,-83.95,-107.49,-41.44,-1.4,-1,115.0,-1,-17.0,-37.0,-42.0,-1,2000.0,2.0,-0.0,2.0,-0.98,3764.72,-0.17
20190326,3766.5287,3770.843,3687.5472,3700.4388,-30.34,-1,-57.92,-160.03,-131.17,-1.87,-1,109.0,-1,-6.0,-35.0,-44.0,0,0.0,0.0,-0.0,0.0,-0.97,3765.51,-0.49
20190327,3724.4058,3750.2642,3703.4508,3743.3878,5.62,0,35.96,-105.91,-182.8,-1.32,0,110.0,0,1.0,-22.0,-42.0,0,0.0,0.0,-0.0,0.0,-0.86,3768.76,-0.19
20190328,3731.0612,3755.716,3710.0814,3728.3953,-18.46,0,-24.08,-46.04,-179.01,-1.44,0,107.0,0,-3.0,-8.0,-46.0,0,0.0,0.0,-0.0,0.0,-0.8,3771.71,-0.33
20190329,3739.7739,3876.379,3739.7739,3872.3412,104.4,1,122.86,134.74,-30.67,-0.02,1,111.0,1,4.0,2.0,-41.0,1,4000.0,4.0,-0.0,4.0,-0.49,3777.84,0.72
20190401,3901.1698,3982.9091,3901.1698,3973.928,192.77,1,88.37,187.15,63.08,0.91,1,120.0,1,9.0,10.0,-24.0,1,13000.0,13.0,-0.0,13.0,0.09,3786.83,1.42
20190402,3986.3443,3988.0975,3956.5059,3971.2852,167.27,0,-25.5,185.73,55.74,0.55,0,130.0,1,10.0,23.0,-2.0,1,10000.0,10.0,-0.0,10.0,-0.01,3794.6,1.34
20190403,3947.8697,4026.4972,3939.7837,4022.1566,199.12,0,31.85,94.72,171.54,0.83,0,130.0,0,0.0,19.0,15.0,0,15000.0,15.0,-0.0,15.0,0.36,3803.3,1.66
20190404,4039.7415,4072.1138,4021.7055,4062.2309,223.46,1,24.34,30.69,253.8,1.01,1,131.0,0,1.0,11.0,22.0,0,23000.0,23.0,-0.0,23.0,0.85,3815.97,1.87
20190408,4097.1027,4122.6034,4017.4887,4057.2286,187.55,0,-35.91,20.28,181.93,0.54,0,126.0,-1,-5.0,-4.0,16.0,0,21000.0,21.0,-0.0,21.0,0.71,3835.95,1.68
20190409,4063.8139,4084.243,4038.2825,4075.4301,168.03,-1,-19.52,-31.09,186.49,0.28,-1,117.0,-1,-9.0,-13.0,10.0,-1,18000.0,18.0,-0.0,18.0,0.54,3853.23,1.69
20190410,4062.4425,4115.378,4035.4741,4085.847,155.2,-1,-12.83,-68.26,50.8,0.12,-1,104.0,-1,-13.0,-27.0,-7.0,-1,16000.0,16.0,-0.0,16.0,0.43,3869.75,1.64
20190411,4083.4618,4097.1249,3990.239,3997.5778,72.89,-1,-82.31,-114.66,-119.88,-0.75,-1,92.0,-1,-12.0,-34.0,-28.0,-1,5000.0,5.0,-0.0,5.0,-0.19,3883.42,0.87
20190412,3986.7822,4006.9335,3961.464,3988.6168,67.39,-1,-5.5,-100.64,-99.88,-0.74,0,85.0,-1,-7.0,-32.0,-45.0,-1,5000.0,5.0,-0.0,5.0,-0.19,3897.93,0.69
20190415,4056.4919,4085.3882,3974.2264,3975.5244,43.61,0,-23.78,-111.59,-155.51,-0.92,0,85.0,0,0.0,-19.0,-45.0,0,6000.0,6.0,-0.0,6.0,-0.14,3909.45,0.5
20190416,3958.0963,4085.7891,3943.4879,4085.7891,128.9,1,85.29,56.01,-94.56,0.06,1,82.0,0,-3.0,-10.0,-49.0,0,16000.0,16.0,-0.0,16.0,0.41,3921.15,1.25
20190417,4080.7172,4106.6158,4057.5032,4087.2398,130.05,0,1.15,62.66,-57.5,0.07,0,83.0,0,1.0,-2.0,-43.0,0,15000.0,15.0,-0.0,15.0,0.33,3933.82,1.16
20190418,4085.1148,4094.0533,4056.2356,4072.0753,100.45,0,-29.6,56.84,-67.58,-0.25,0,69.0,-1,-14.0,-16.0,-48.0,-1,13000.0,13.0,-0.0,13.0,0.2,3945.65,0.96
20190419,4076.2953,4120.6356,4046.2042,4120.6078,119.11,0,18.66,-9.79,-36.09,-0.03,0,57.0,-1,-12.0,-25.0,-47.0,-1,9000.0,9.0,-0.0,9.0,-0.04,3959.84,1.22
20190422,4125.9717,4126.0907,4015.4748,4025.6109,37.53,-1,-81.58,-92.52,-35.36,-0.88,-1,47.0,-1,-10.0,-36.0,-45.0,-1,7000.0,7.0,-0.0,7.0,-0.17,3969.43,0.43
20190423,4021.6277,4061.0858,4005.2832,4019.0053,8.73,-1,-28.8,-91.72,-58.66,-1.1,-1,33.0,-1,-14.0,-36.0,-52.0,-1,5000.0,5.0,-0.0,5.0,-0.29,3983.24,0.27
20190424,4033.6292,4044.3375,3967.8058,4030.0887,27.47,0,18.74,-91.64,-16.14,-0.8,0,17.0,-1,-16.0,-40.0,-68.0,-1,3000.0,3.0,-0.0,3.0,-0.41,3999.72,0.23
20190425,4013.6027,4022.5631,3938.3251,3941.816,-58.53,-1,-86.0,-96.06,-187.43,-1.62,-1,7.0,-1,-10.0,-40.0,-75.0,-1,1000.0,1.0,-0.0,1.0,-0.53,4009.64,-0.51
20190426,3921.8909,3943.8331,3887.2525,3889.2748,-101.01,-1,-42.48,-109.74,-231.06,-1.91,-1,-5.0,-1,-12.0,-38.0,-88.0,-1,0.0,0.0,-0.0,0.0,-0.59,4017.68,-0.97
20190429,3896.5824,3953.2288,3875.452,3900.3339,-102.89,0,-1.88,-130.36,-203.34,-1.75,0,-19.0,-1,-14.0,-36.0,-88.0,-1,2001.0,2.0,-1.0,1.0,-0.52,4019.08,-0.9
20190430,3887.1799,3923.1082,3885.147,3913.211,-69.51,0,33.38,-10.98,-188.62,-1.23,1,-28.0,-1,-9.0,-35.0,-85.0,-1,3001.0,3.0,-1.0,2.0,-0.43,4016.05,-0.78
20190506,3775.0765,3791.6119,3647.1405,3684.6168,-278.03,-1,-208.52,-177.02,-315.56,-3.3,-1,-48.0,-1,-20.0,-43.0,-95.0,-1,1043.0,1.0,-43.0,-42.0,-2.81,4001.71,-2.41
20190507,3702.2656,3738.1767,3671.8341,3720.6684,-215.36,0,62.67,-112.47,-224.09,-2.33,0,-67.0,-1,-19.0,-48.0,-100.0,-1,1019.0,1.0,-19.0,-18.0,-1.34,3986.64,-2.02
20190508,3648.5489,3722.9325,3642.4981,3667.4574,-237.0,0,-21.64,-167.49,-264.47,-2.33,0,-79.0,-1,-12.0,-51.0,-96.0,0,18.0,0.0,-18.0,-18.0,-1.22,3966.9,-2.27
20190509,3637.346,3656.8966,3584.8227,3599.7001,-268.61,0,-31.61,9.42,-210.08,-2.44,0,-84.0,-1,-5.0,-36.0,-91.0,0,23.0,0.0,-23.0,-23.0,-1.38,3944.02,-2.61
20190510,3643.0557,3732.9238,3589.2906,3730.4513,-128.27,1,140.34,87.09,-27.26,-0.74,1,-85.0,0,-1.0,-18.0,-80.0,0,2001.0,2.0,-1.0,1.0,0.05,3926.78,-1.49
20190513,3675.7597,3702.9012,3658.0004,3668.7255,-162.25,0,-33.98,74.75,-59.36,-1.02,0,-80.0,0,5.0,-1.0,-61.0,1,1009.0,1.0,-9.0,-8.0,-0.4,3905.92,-1.8
20190514,3630.4388,3683.2619,3630.4388,3645.1503,-166.15,0,-3.9,102.46,-96.64,-0.97,0,-81.0,0,-1.0,3.0,-53.0,0,1009.0,1.0,-9.0,-8.0,-0.36,3888.3,-1.84
20190515,3674.9931,3741.0406,3674.9931,3727.0923,-82.76,1,83.39,45.51,195.27,-0.0,1,-79.0,0,2.0,6.0,-31.0,0,1000.0,1.0,-0.0,1.0,0.16,3875.22,-1.12
20190516,3720.039,3745.1405,3707.9032,3743.9635,-57.43,1,25.33,104.82,157.93,0.26,1,-80.0,0,-1.0,0.0,-13.0,0,1000.0,1.0,-0.0,1.0,0.18,3863.64,-0.91
20190517,3744.8751,3745.3555,3637.5826,3648.7609,-141.17,0,-83.74,24.98,95.83,-0.64,0,-77.0,0,3.0,4.0,2.0,0,3.0,0.0,-3.0,-3.0,0.0,3841.79,-1.46
20190520,3635.7357,3644.5,3583.8324,3617.7924,-145.59,-1,-4.42,-62.83,123.02,-0.62,0,-84.0,-1,-7.0,-5.0,0.0,0,5.0,0.0,-5.0,-5.0,-0.05,3818.32,-1.52
20190521,3619.4369,3690.0884,3610.6817,3666.7762,-86.16,0,59.43,-28.73,42.11,0.06,0,-84.0,0,0.0,-4.0,1.0,0,0.0,0.0,-0.0,0.0,0.27,3798.06,-1.0
20190522,3663.1533,3679.2727,3634.7479,3649.3796,-90.11,0,-3.95,51.06,72.14,0.01,0,-82.0,0,2.0,-5.0,-2.0,0,0.0,0.0,-0.0,0.0,0.3,3774.49,-0.95
20190523,3629.5284,3631.4743,3578.1129,3583.9646,-137.36,0,-47.25,8.23,28.79,-0.49,0,-83.0,0,-1.0,1.0,-2.0,0,4.0,0.0,-4.0,-4.0,0.1,3752.41,-1.28
20190524,3584.9016,3623.3904,3580.7853,3593.9139,-123.86,0,13.5,-37.7,-41.1,-0.3,0,-83.0,0,0.0,1.0,-4.0,0,2.0,0.0,-2.0,-2.0,0.23,3731.16,-1.04
20190527,3592.6027,3648.0267,3556.2567,3637.1971,-59.78,1,64.08,30.33,-2.35,0.4,1,-84.0,0,-1.0,-2.0,-4.0,0,0.0,0.0,-0.0,0.0,0.36,3711.51,-0.56
20190528,3633.0182,3683.2306,3627.7878,3672.2605,-25.89,1,33.89,111.47,115.28,0.72,1,-73.0,1,11.0,10.0,4.0,1,0.0,0.0,-0.0,0.0,0.36,3698.03,-0.2
20190529,3642.5415,3693.2273,3637.3481,3663.909,-35.62,0,-9.73,88.24,109.97,0.55,0,-70.0,0,3.0,13.0,14.0,0,0.0,0.0,-0.0,0.0,0.36,3686.77,-0.17
20190530,3648.8495,3650.9718,3612.6248,3641.1833,-45.94,0,-10.32,13.84,40.22,0.39,0,-67.0,0,3.0,17.0,17.0,0,1000.0,1.0,-0.0,1.0,0.42,3673.81,-0.25
20190531,3640.9963,3668.1796,3627.5448,3629.7893,-44.05,0,1.89,-18.16,46.06,0.37,0,-65.0,0,2.0,8.0,17.0,0,2000.0,2.0,-0.0,2.0,0.47,3659.64,-0.23
20190603,3640.6126,3672.8136,3613.1274,3632.0127,-41.37,0,2.68,-5.75,95.99,0.36,0,-62.0,0,3.0,8.0,21.0,0,1000.0,1.0,-0.0,1.0,0.29,3657.01,-0.19
20190604,3632.5602,3636.128,3584.4612,3598.4666,-69.7,-1,-28.33,-23.76,54.16,0.03,-1,-59.0,0,3.0,8.0,24.0,0,1000.0,1.0,-0.0,1.0,0.24,3650.9,-0.4
20190605,3627.7947,3634.4536,3593.9515,3597.105,-65.85,0,3.85,-21.8,-6.07,0.07,0,-57.0,0,2.0,8.0,27.0,0,3.0,0.0,-3.0,-3.0,-0.03,3647.38,-0.38
20190606,3601.0356,3601.0356,3557.0167,3564.6778,-96.58,-1,-30.73,-55.21,-70.69,-0.26,-1,-51.0,1,6.0,11.0,22.0,1,2.0,0.0,-2.0,-2.0,-0.04,3645.63,-0.61
20190610,3578.0084,3623.7301,3568.2787,3610.7435,-52.34,1,44.24,17.36,-16.72,0.23,1,-41.0,1,10.0,18.0,29.0,1,1.0,0.0,-1.0,-1.0,0.03,3639.64,-0.22
20190611,3617.5239,3723.1419,3617.5239,3719.2759,52.5,1,104.84,118.35,98.44,1.3,1,-35.0,1,6.0,22.0,32.0,1,1001.0,1.0,-1.0,0.0,0.06,3642.17,0.58
20190612,3706.8635,3711.8793,3683.9394,3691.0957,26.72,0,-25.78,123.3,70.77,0.91,0,-27.0,1,8.0,24.0,38.0,1,1.0,0.0,-1.0,-1.0,-0.02,3644.47,0.35
20190613,3689.5834,3697.5917,3654.2742,3685.3933,18.07,0,-8.65,70.41,59.44,0.73,0,-16.0,1,11.0,25.0,46.0,1,2.0,0.0,-2.0,-2.0,-0.07,3642.38,0.33
20190614,3690.4763,3709.6521,3650.9096,3654.8799,-12.24,-1,-30.31,-64.74,57.46,0.35,-1,-7.0,1,9.0,28.0,52.0,1,1002.0,1.0,-2.0,-1.0,-0.0,3637.93,0.13
20190617,3654.4433,3683.7743,3645.4982,3654.8248,-11.11,0,1.13,-37.83,54.74,0.32,0,1.0,1,8.0,28.0,58.0,1,1.0,0.0,-1.0,-1.0,-0.01,3638.23,0.13
20190618,3661.1299,3675.6452,3638.78,3667.6185,-3.69,0,7.42,-21.76,92.89,0.37,0,7.0,1,6.0,23.0,58.0,1,1.0,0.0,-1.0,-1.0,-0.02,3640.72,0.2
20190619,3761.3381,3771.347,3715.1331,3715.9381,42.73,1,46.42,54.97,95.07,0.82,1,15.0,1,8.0,22.0,56.0,1,1000.0,1.0,-0.0,1.0,0.09,3643.18,0.55
20190620,3718.9416,3845.7912,3717.1857,3828.5183,122.57,1,79.84,133.68,70.07,1.58,1,28.0,1,13.0,27.0,63.0,1,8000.0,8.0,-0.0,8.0,0.47,3652.14,1.34
20190621,3832.7321,3856.0856,3817.3068,3833.9383,129.44,1,6.87,133.13,102.72,1.5,0,39.0,1,11.0,32.0,66.0,1,10000.0,10.0,-0.0,10.0,0.55,3664.64,1.28
20190624,3836.3051,3853.5452,3819.7692,3841.2659,121.51,0,-7.93,78.78,103.44,1.27,0,47.0,1,8.0,32.0,63.0,1,5000.0,5.0,-0.0,5.0,0.24,3677.0,1.25
20190625,3837.4259,3838.0578,3755.0099,3801.3098,80.33,-1,-41.18,-42.24,92.57,0.72,-1,53.0,1,6.0,25.0,60.0,0,5000.0,5.0,-0.0,5.0,0.22,3685.21,0.88
20190626,3779.5125,3809.758,3771.7164,3794.331,74.48,-1,-5.85,-54.96,85.59,0.59,-1,64.0,1,11.0,25.0,63.0,1,2000.0,2.0,-0.0,2.0,0.05,3691.31,0.78
20190627,3807.5376,3854.0801,3805.8328,3834.8172,103.03,0,28.55,-18.48,106.72,0.83,0,69.0,1,5.0,22.0,62.0,0,3000.0,3.0,-0.0,3.0,0.09,3699.86,1.02
20190628,3832.0599,3835.2326,3803.0546,3825.5873,81.57,0,-21.46,1.24,38.84,0.53,-1,69.0,0,0.0,16.0,54.0,0,4000.0,4.0,-0.0,4.0,0.14,3709.08,0.88
20190701,3899.3313,3936.668,3886.909,3935.8116,162.12,1,80.55,87.64,39.55,1.32,1,75.0,1,6.0,11.0,47.0,0,6000.0,6.0,-0.0,6.0,0.25,3724.38,1.6
20190702,3931.0486,3942.4257,3918.9378,3937.1691,150.95,0,-11.17,47.92,21.51,1.08,0,76.0,0,1.0,7.0,37.0,0,6000.0,6.0,-0.0,6.0,0.23,3739.64,1.5
20190703,3927.4365,3927.4365,3878.8405,3893.5341,108.07,0,-42.88,26.5,-13.44,0.53,0,75.0,0,-1.0,6.0,28.0,0,5000.0,5.0,-0.0,5.0,0.16,3754.39,1.06
20190704,3895.1978,3906.8894,3854.693,3873.1019,80.97,-1,-27.1,-81.15,0.64,0.19,-1,65.0,-1,-10.0,-10.0,12.0,-1,2000.0,2.0,-0.0,2.0,-0.02,3768.19,0.8
20190705,3875.3736,3900.3095,3857.928,3893.2025,89.01,0,8.04,-61.94,14.53,0.26,0,59.0,-1,-6.0,-17.0,-5.0,-1,0.0,0.0,-0.0,0.0,-0.14,3784.62,0.82
20190708,3875.7547,3875.7547,3775.0259,3802.7897,-5.29,-1,-94.3,-113.36,-108.32,-0.75,-1,59.0,0,0.0,-16.0,-10.0,0,0.0,0.0,-0.0,0.0,-0.15,3794.22,0.06
20190709,3798.0954,3811.0993,3774.7641,3793.1297,-6.33,0,-1.04,-87.3,-87.9,-0.69,0,51.0,-1,-8.0,-14.0,-18.0,-1,0.0,0.0,-0.0,0.0,-0.15,3797.91,-0.04
20190710,3807.9497,3810.396,3774.2304,3786.739,-20.44,0,-14.11,-109.45,-182.56,-0.77,0,49.0,0,-2.0,-10.0,-26.0,0,0.0,0.0,-0.0,0.0,-0.15,3802.7,-0.12
20190711,3806.1855,3830.7387,3774.4137,3785.221,-16.02,0,4.42,-10.73,-166.97,-0.65,1,37.0,-1,-12.0,-22.0,-39.0,-1,0.0,0.0,-0.0,0.0,-0.16,3807.69,-0.17
20190712,3783.0733,3820.2354,3774.5224,3808.7311,8.0,1,24.02,14.33,-100.07,-0.34,1,35.0,0,-2.0,-16.0,-40.0,0,0.0,0.0,-0.0,0.0,-0.16,3815.38,-0.05
20190715,3792.6409,3844.8683,3745.8549,3824.1878,35.4,1,27.4,55.84,-45.57,-0.02,1,31.0,-1,-4.0,-18.0,-34.0,0,1000.0,1.0,-0.0,1.0,-0.11,3823.85,0.0
20190716,3819.2474,3828.3256,3799.8665,3806.8449,24.68,0,-10.72,40.7,-64.33,-0.13,0,32.0,0,1.0,-5.0,-27.0,0,0.0,0.0,-0.0,0.0,-0.17,3830.81,-0.18
20190717,3800.1064,3820.2713,3787.8973,3804.6384,22.76,0,-1.92,14.76,28.05,-0.14,0,38.0,1,6.0,3.0,-21.0,1,1000.0,1.0,-0.0,1.0,-0.11,3835.24,-0.23
20190718,3793.1893,3793.3916,3767.9958,3768.4019,-15.44,-1,-38.2,-50.84,-9.11,-0.52,-1,37.0,0,-1.0,6.0,-14.0,0,0.0,0.0,-0.0,0.0,-0.14,3832.24,-0.48
20190719,3787.5079,3828.1514,3787.5079,3807.9551,17.2,0,32.64,-7.48,37.64,-0.13,0,34.0,0,-3.0,2.0,-15.0,0,0.0,0.0,-0.0,0.0,-0.11,3830.94,-0.17
20190722,3813.5022,3816.5387,3765.4428,3781.6832,-17.15,-1,-34.35,-39.91,-1.13,-0.48,0,33.0,0,-1.0,-5.0,-4.0,0,1.0,0.0,-1.0,-1.0,-0.16,3827.96,-0.35
20190723,3783.5411,3792.9647,3768.7614,3789.9135,9.48,0,26.63,24.92,1.48,-0.16,0,32.0,0,-1.0,-5.0,-3.0,0,0.0,0.0,-0.0,0.0,-0.08,3827.39,-0.28
20190724,3803.5867,3840.0579,3803.5738,3819.8325,37.85,1,28.37,20.65,2.45,0.16,1,34.0,0,2.0,0.0,3.0,0,0.0,0.0,-0.0,0.0,-0.08,3828.66,-0.07
20190725,3821.3898,3851.0665,3812.9532,3851.0665,62.84,1,24.99,79.99,38.16,0.4,1,30.0,-1,-4.0,-3.0,-2.0,-1,2000.0,2.0,-0.0,2.0,0.04,3829.48,0.16
20190726,3835.2281,3863.5878,3832.5223,3858.5688,67.98,1,5.14,58.5,45.22,0.42,0,24.0,-1,-6.0,-8.0,-14.0,-1,2000.0,2.0,-0.0,2.0,0.05,3831.13,0.21
20190729,3857.9394,3862.7467,3842.426,3854.2704,64.35,0,-3.63,26.5,79.79,0.34,0,20.0,-1,-4.0,-14.0,-17.0,-1,3000.0,3.0,-0.0,3.0,0.11,3827.05,0.21
20190730,3861.5698,3890.7298,3861.5698,3870.3176,70.74,1,6.39,7.9,53.54,0.37,0,11.0,-1,-9.0,-19.0,-23.0,-1,1000.0,1.0,-0.0,1.0,0.01,3823.71,0.35
20190731,3856.745,3856.745,3830.0914,3835.3589,44.46,-1,-26.28,-23.52,61.61,0.06,-1,-4.0,-1,-15.0,-28.0,-37.0,-1,1000.0,1.0,-0.0,1.0,0.02,3820.8,0.11
20190801,3819.3242,3831.2641,3791.546,3803.4694,16.23,-1,-28.23,-48.12,6.75,-0.24,-1,-12.0,-1,-8.0,-32.0,-44.0,-1,2000.0,2.0,-0.0,2.0,0.08,3817.32,-0.11
20190802,3729.1309,3754.5326,3720.0584,3747.4379,-33.29,-1,-49.52,-104.03,-71.14,-0.73,-1,-18.0,-1,-6.0,-29.0,-52.0,0,2001.0,2.0,-1.0,1.0,0.02,3810.03,-0.47
20190805,3724.4097,3739.5031,3675.6884,3675.6884,-92.87,-1,-59.58,-137.33,-155.71,-1.29,-1,-28.0,-1,-10.0,-24.0,-58.0,-1,4003.0,4.0,-3.0,1.0,0.02,3803.67,-0.97
20190806,3609.1118,3649.8953,3575.8626,3636.3289,-128.82,-1,-35.95,-145.05,-196.8,-1.54,-1,-33.0,-1,-5.0,-21.0,-57.0,-1,2004.0,2.0,-4.0,-2.0,-0.15,3795.83,-1.21
20190807,3654.6323,3659.0778,3621.431,3621.431,-128.1,0,0.72,-94.81,-192.45,-1.39,0,-43.0,-1,-10.0,-25.0,-63.0,-1,2005.0,2.0,-5.0,-3.0,-0.2,3787.57,-1.26
20190808,3651.3571,3675.4603,3646.9386,3669.2936,-75.45,1,52.65,17.42,-146.19,-0.7,1,-45.0,0,-2.0,-17.0,-56.0,0,1003.0,1.0,-3.0,-2.0,-0.13,3781.77,-0.85
20190809,3686.7493,3689.1774,3628.1163,3633.5296,-99.98,0,-24.53,28.84,-144.44,-0.89,0,-38.0,0,7.0,-5.0,-34.0,1,1003.0,1.0,-3.0,-2.0,-0.13,3773.01,-1.06
20190812,3647.8661,3699.1047,3643.3161,3699.1047,-36.27,1,63.71,91.83,-52.5,-0.14,1,-27.0,1,11.0,16.0,-15.0,1,2002.0,2.0,-2.0,0.0,-0.01,3766.76,-0.51
20190813,3675.5868,3686.4302,3658.0126,3665.7515,-57.79,0,-21.52,17.66,-24.5,-0.35,0,-18.0,1,9.0,27.0,0.0,1,2001.0,2.0,-1.0,1.0,0.04,3759.7,-0.71
20190814,3712.0657,3717.5579,3680.6086,3682.4015,-39.09,0,18.7,60.89,53.78,-0.12,0,-8.0,1,10.0,30.0,20.0,1,2001.0,2.0,-1.0,1.0,0.04,3753.59,-0.54
20190815,3618.0092,3694.2985,3612.1108,3694.0006,-21.57,1,17.52,14.7,107.25,0.07,1,-3.0,1,5.0,24.0,30.0,1,2001.0,2.0,-1.0,1.0,0.04,3749.87,-0.42
20190816,3697.9407,3738.0964,3687.0751,3710.5386,-9.43,1,12.14,48.36,118.67,0.19,1,-1.0,0,2.0,17.0,42.0,0,1001.0,1.0,-1.0,0.0,-0.02,3745.0,-0.26
20190819,3736.0344,3791.0946,3720.6894,3791.0946,79.89,1,89.32,118.98,155.34,1.11,1,7.0,1,8.0,15.0,52.0,1,5000.0,5.0,-0.0,5.0,0.25,3745.47,0.35
20190820,3786.026,3799.8977,3778.7306,3787.7324,66.91,0,-12.98,88.48,166.89,0.87,0,22.0,1,15.0,25.0,60.0,1,2000.0,2.0,-0.0,2.0,0.07,3745.36,0.32
20190821,3778.3091,3792.5955,3775.4474,3781.7579,57.42,0,-9.49,66.85,93.69,0.68,0,27.0,1,5.0,28.0,54.0,1,2001.0,2.0,-1.0,1.0,0.01,3743.46,0.29
20190822,3793.8552,3797.329,3771.2048,3793.5061,57.34,0,-0.08,-22.55,115.13,0.62,0,38.0,1,11.0,31.0,56.0,1,2001.0,2.0,-1.0,1.0,0.02,3740.58,0.4
20190823,3796.8821,3829.3607,3788.0345,3820.8638,62.5,0,5.16,-4.41,101.59,0.61,0,43.0,1,5.0,21.0,51.0,1,3001.0,3.0,-1.0,2.0,0.07,3738.69,0.62
20190826,3756.3618,3778.8665,3753.1646,3765.9105,25.93,-1,-36.57,-31.49,47.5,0.17,-1,46.0,0,3.0,19.0,49.0,0,4001.0,4.0,-1.0,3.0,0.13,3734.28,0.24
20190827,3791.4587,3848.2358,3790.873,3816.9459,78.25,1,52.32,20.91,87.68,0.7,0,49.0,0,3.0,11.0,50.0,0,6001.0,6.0,-1.0,5.0,0.24,3731.61,0.65
20190828,3818.8125,3822.5883,3790.1384,3802.5844,60.04,0,-18.21,-2.46,-19.85,0.45,0,56.0,1,7.0,13.0,49.0,1,5001.0,5.0,-1.0,4.0,0.17,3729.97,0.55
20190829,3805.494,3808.5954,3774.3968,3790.1867,49.34,0,-10.7,23.41,-17.57,0.29,0,63.0,1,7.0,17.0,41.0,1,5001.0,5.0,-1.0,4.0,0.16,3729.3,0.46
20190830,3816.678,3828.9698,3778.9189,3799.5863,39.01,-1,-10.33,-39.24,-18.41,0.16,-1,80.0,1,17.0,31.0,53.0,1,3001.0,3.0,-1.0,2.0,0.05,3731.91,0.51
20190902,3803.689,3855.7768,3799.8166,3848.3198,95.67,1,56.66,35.63,38.33,0.73,1,88.0,1,8.0,32.0,50.0,1,7001.0,7.0,-1.0,6.0,0.26,3740.54,0.82
20190903,3852.5794,3856.6813,3833.7571,3853.6106,102.71,1,7.04,53.37,40.21,0.74,1,92.0,1,4.0,29.0,49.0,0,6000.0,6.0,-0.0,6.0,0.24,3751.41,0.78
20190904,3848.6483,3886.0012,3846.4215,3886.0012,125.14,1,22.43,86.13,99.21,0.9,0,99.0,1,7.0,19.0,53.0,0,9000.0,9.0,-0.0,9.0,0.38,3764.64,0.92
20190905,3909.2087,3970.0038,3909.2087,3925.323,149.27,1,24.13,53.6,71.02,1.07,1,107.0,1,8.0,19.0,58.0,1,8000.0,8.0,-0.0,8.0,0.29,3777.44,1.12
20190906,3946.6854,3948.5397,3922.3361,3948.5075,147.01,0,-2.26,44.3,86.97,0.94,0,111.0,1,4.0,19.0,55.0,0,6000.0,6.0,-0.0,6.0,0.15,3793.19,1.18
20190909,3980.9577,3985.239,3954.8755,3972.9484,172.43,1,25.42,47.29,123.09,1.12,1,107.0,0,-4.0,8.0,44.0,-1,13000.0,13.0,-0.0,13.0,0.52,3806.88,1.26
20190910,3976.8697,3976.9225,3938.7441,3959.265,144.85,0,-27.58,-4.42,105.84,0.72,-1,103.0,-1,-4.0,-4.0,23.0,-1,9000.0,9.0,-0.0,9.0,0.26,3821.55,1.04
20190911,3969.6757,3971.2237,3922.9531,3930.0999,117.07,-1,-27.78,-29.94,21.4,0.36,-1,99.0,-1,-4.0,-12.0,11.0,-1,6000.0,6.0,-0.0,6.0,0.08,3833.94,0.73
20190912,3944.6917,3975.9311,3933.4366,3972.3799,128.29,0,11.22,-44.14,25.58,0.45,0,92.0,-1,-7.0,-15.0,0.0,-1,6000.0,6.0,-0.0,6.0,0.06,3847.86,0.94
20190916,3981.3616,3982.204,3943.3734,3957.7154,111.85,-1,-16.44,-33.0,-13.29,0.23,-1,89.0,0,-3.0,-14.0,-10.0,0,5000.0,5.0,-0.0,5.0,-0.01,3860.22,0.74
20190917,3947.1577,3947.1577,3879.4852,3891.2208,32.39,-1,-79.46,-84.68,-116.88,-0.62,-1,77.0,-1,-12.0,-22.0,-30.0,-1,2001.0,2.0,-1.0,1.0,-0.23,3865.22,0.2
20190918,3902.9947,3923.1462,3902.5109,3910.0837,34.36,0,1.97,-93.93,-112.65,-0.54,0,74.0,0,-3.0,-18.0,-37.0,0,1001.0,1.0,-1.0,0.0,-0.28,3871.34,0.29
20190919,3923.9631,3924.3823,3897.0666,3924.3823,52.17,0,17.81,-59.68,-120.26,-0.3,0,63.0,-1,-11.0,-26.0,-44.0,-1,2000.0,2.0,-0.0,2.0,-0.17,3878.47,0.35
20190920,3933.4594,3942.224,3921.4124,3935.6511,65.08,1,12.91,32.69,-79.77,-0.14,1,50.0,-1,-13.0,-27.0,-53.0,-1,2000.0,2.0,-0.0,2.0,-0.17,3885.58,0.38
20190923,3925.1858,3925.1858,3868.214,3890.6616,18.98,-1,-46.1,-15.38,-98.09,-0.61,-1,49.0,0,-1.0,-25.0,-50.0,0,5001.0,5.0,-1.0,4.0,-0.06,3889.07,0.01
20190924,3895.8661,3927.0115,3886.1404,3901.0758,25.32,0,6.34,-26.85,-102.97,-0.48,0,45.0,0,-4.0,-18.0,-47.0,0,2000.0,2.0,-0.0,2.0,-0.17,3895.83,0.04
20190925,3887.5548,3889.839,3867.2277,3870.9837,-16.53,-1,-41.85,-81.61,-128.38,-0.88,-1,39.0,-1,-6.0,-11.0,-50.0,-1,1000.0,1.0,-0.0,1.0,-0.22,3898.53,-0.21
20190926,3884.7022,3890.7452,3840.2472,3841.1388,-63.23,-1,-46.7,-82.21,-95.62,-1.28,-1,31.0,-1,-8.0,-18.0,-46.0,-1,5.0,0.0,-5.0,-5.0,-0.54,3900.46,-0.45
20190927,3843.4584,3859.5003,3832.2466,3852.6534,-50.1,0,13.13,-75.42,-84.46,-1.02,0,25.0,-1,-6.0,-20.0,-49.0,-1,2.0,0.0,-2.0,-2.0,-0.35,3903.58,-0.39
20190930,3842.0741,3857.2319,3813.5491,3814.5282,-81.22,-1,-31.12,-64.69,-133.39,-1.25,0,18.0,-1,-7.0,-21.0,-45.0,-1,3.0,0.0,-3.0,-3.0,-0.39,3904.33,-0.68
20191008,3818.5894,3861.6429,3818.5894,3837.6791,-66.73,0,14.49,-3.5,-131.81,-0.98,1,18.0,0,0.0,-13.0,-32.0,0,3.0,0.0,-3.0,-3.0,-0.36,3903.8,-0.5
20191009,3822.6068,3845.3403,3805.0671,3843.2392,-43.47,1,23.26,6.63,-62.45,-0.64,1,19.0,0,1.0,-6.0,-30.0,0,2002.0,2.0,-2.0,0.0,-0.18,3903.28,-0.46
20191010,3838.4865,3877.142,3829.4328,3874.6391,2.5,1,45.97,83.72,-22.82,-0.1,1,16.0,0,-3.0,-2.0,-29.0,0,2001.0,2.0,-1.0,1.0,-0.09,3902.71,-0.21
20191011,3885.5198,3922.3694,3868.8417,3911.7253,33.64,1,31.14,100.37,50.17,0.23,1,12.0,-1,-4.0,-6.0,-27.0,0,5001.0,5.0,-1.0,4.0,0.09,3902.03,0.07
20191014,3944.8593,3983.8117,3934.7325,3953.2411,79.87,1,46.23,123.34,143.1,0.7,1,11.0,0,-1.0,-8.0,-20.0,0,6001.0,6.0,-1.0,5.0,0.15,3902.27,0.39
20191015,3953.1645,3953.1645,3928.151,3936.2498,40.55,0,-39.32,38.05,90.65,0.22,0,11.0,0,0.0,-5.0,-14.0,0,7001.0,7.0,-1.0,6.0,0.23,3900.43,0.27
20191016,3939.276,3964.0456,3919.0169,3922.6854,24.2,0,-16.35,-9.44,105.42,0.03,-1,9.0,0,-2.0,-3.0,-9.0,0,3001.0,3.0,-1.0,2.0,0.02,3898.6,0.18
20191017,3929.386,3935.8123,3913.9173,3925.2216,18.32,0,-5.88,-61.55,85.05,-0.04,0,5.0,-1,-4.0,-6.0,-13.0,0,2001.0,2.0,-1.0,1.0,-0.03,3898.36,0.2
20191018,3935.4199,3940.5409,3864.9652,3869.3777,-33.79,-1,-52.11,-74.34,9.68,-0.58,-1,-1.0,-1,-6.0,-12.0,-20.0,-1,1.0,0.0,-1.0,-1.0,-0.12,3893.21,-0.18
20191021,3865.3436,3884.7447,3856.0374,3880.8398,-27.95,0,5.84,-52.15,-30.45,-0.46,0,0.0,0,1.0,-9.0,-16.0,0,1003.0,1.0,-3.0,-2.0,-0.16,3889.36,-0.06
20191022,3896.3149,3897.4352,3870.5486,3895.8809,-6.53,0,21.42,-24.85,-40.17,-0.19,0,-4.0,-1,-4.0,-9.0,-16.0,0,1.0,0.0,-1.0,-1.0,-0.09,3889.6,0.05
20191023,3892.6766,3901.4243,3862.1965,3871.0848,-26.17,0,-19.64,7.62,-106.04,-0.38,0,-1.0,0,3.0,0.0,-12.0,0,0.0,0.0,-0.0,0.0,-0.04,3887.65,-0.13
20191024,3877.9239,3890.1955,3852.5828,3870.6678,-26.94,0,-0.77,1.01,-67.49,-0.35,0,-3.0,0,-2.0,-3.0,-14.0,0,1001.0,1.0,-1.0,0.0,-0.03,3884.96,-0.11
20191025,3871.7687,3899.7223,3849.0337,3896.7923,3.83,1,30.77,10.36,-20.37,0.0,1,-4.0,0,-1.0,0.0,-13.0,0,5000.0,5.0,-0.0,5.0,0.25,3883.02,0.1
20191028,3904.9824,3927.7959,3897.8175,3926.585,37.37,1,33.54,63.54,19.05,0.35,1,-11.0,-1,-7.0,-10.0,-16.0,-1,4000.0,4.0,-0.0,4.0,0.19,3884.81,0.32
20191029,3929.7077,3932.3745,3910.226,3910.226,5.11,0,-32.26,32.05,38.9,-0.02,0,-5.0,0,6.0,-2.0,-4.0,1,5001.0,5.0,-1.0,4.0,0.18,3885.27,0.19
20191030,3904.7172,3908.0999,3883.4468,3891.2255,-8.31,-1,-13.42,-12.14,19.64,-0.16,-1,-2.0,0,3.0,2.0,-2.0,0,5001.0,5.0,-1.0,4.0,0.18,3886.28,0.04
20191031,3906.8593,3907.1505,3878.8757,3886.7519,-21.67,-1,-13.36,-59.04,-15.14,-0.28,-1,6.0,1,8.0,17.0,10.0,1,3002.0,3.0,-2.0,1.0,-0.01,3888.56,-0.01
20191101,3883.8084,3956.0797,3876.4164,3952.3872,29.35,1,51.02,24.24,55.52,0.28,1,11.0,1,5.0,16.0,12.0,1,5001.0,5.0,-1.0,4.0,0.14,3893.55,0.45
20191104,3964.0052,3985.3573,3964.0052,3978.1216,59.19,1,29.84,67.5,86.13,0.56,1,13.0,0,2.0,15.0,16.0,0,4000.0,4.0,-0.0,4.0,0.12,3901.73,0.58
20191105,3982.1155,4030.6381,3970.8664,4002.8128,81.16,1,21.97,102.83,77.33,0.74,1,11.0,0,-2.0,5.0,15.0,0,6000.0,6.0,-0.0,6.0,0.21,3909.99,0.7
20191106,4006.327,4007.5012,3973.7762,3984.8816,51.71,0,-29.45,22.36,14.34,0.36,0,13.0,0,2.0,2.0,24.0,0,2000.0,2.0,-0.0,2.0,-0.03,3917.07,0.51
20191107,3984.5529,4005.3829,3975.5475,3991.8749,55.52,0,3.81,-3.67,50.41,0.37,0,7.0,-1,-6.0,-6.0,12.0,-1,1000.0,1.0,-0.0,1.0,-0.08,3922.93,0.52
20191108,4017.6742,4022.0362,3971.5726,3973.0107,32.66,-1,-22.86,-48.5,40.97,0.09,-1,3.0,-1,-4.0,-8.0,5.0,-1,1000.0,1.0,-0.0,1.0,-0.07,3926.0,0.36
20191111,3948.6186,3948.6186,3897.5504,3902.9783,-44.93,-1,-77.59,-96.64,-23.26,-0.73,-1,-1.0,-1,-4.0,-14.0,-7.0,-1,1002.0,1.0,-2.0,-1.0,-0.17,3923.48,-0.16
20191112,3905.9584,3914.8821,3877.7397,3903.6888,-35.65,0,9.28,-91.17,-65.0,-0.56,0,-5.0,-1,-4.0,-12.0,-16.0,-1,1003.0,1.0,-3.0,-2.0,-0.21,3921.85,-0.14
20191113,3905.2831,3908.4196,3882.4314,3899.9815,-33.89,0,1.76,-66.55,-93.08,-0.49,0,-11.0,-1,-6.0,-14.0,-24.0,-1,1002.0,1.0,-2.0,-1.0,-0.14,3920.72,-0.16
20191114,3905.9284,3916.9459,3895.1415,3905.857,-19.91,1,13.98,25.02,-101.07,-0.3,1,-16.0,-1,-5.0,-15.0,-27.0,-1,1002.0,1.0,-2.0,-1.0,-0.13,3919.75,-0.11
20191115,3908.4891,3915.1049,3877.0892,3877.0892,-47.79,-1,-27.88,-12.14,-99.5,-0.56,0,-14.0,0,2.0,-9.0,-27.0,0,2.0,0.0,-2.0,-2.0,-0.19,3920.14,-0.33
20191118,3874.4405,3913.1029,3868.3166,3907.9291,-19.54,0,28.25,14.35,-75.06,-0.21,1,-11.0,0,3.0,0.0,-18.0,0,3.0,0.0,-3.0,-3.0,-0.24,3921.49,-0.1
20191119,3904.0996,3947.0392,3902.3776,3947.0392,26.26,1,45.8,46.17,-6.4,0.29,1,-12.0,0,-1.0,4.0,-15.0,0,2.0,0.0,-2.0,-2.0,-0.18,3924.05,0.17
20191120,3940.1344,3943.2273,3901.9865,3907.8641,-9.59,0,-35.85,38.2,35.34,-0.11,0,-11.0,0,1.0,3.0,-10.0,0,2.0,0.0,-2.0,-2.0,-0.18,3925.89,-0.14
20191121,3894.539,3901.8262,3875.9682,3889.598,-16.84,0,-7.25,2.7,18.81,-0.18,0,-16.0,-1,-5.0,-5.0,-11.0,-1,1002.0,1.0,-2.0,-1.0,-0.12,3926.83,-0.28
20191122,3894.1742,3918.8385,3833.5033,3849.9948,-42.51,-1,-25.67,-68.77,-8.62,-0.43,-1,-13.0,0,3.0,-1.0,-2.0,0,2002.0,2.0,-2.0,0.0,-0.05,3924.49,-0.57
20191125,3850.966,3878.2507,3839.4201,3878.2061,-18.24,0,24.27,-8.65,1.67,-0.14,0,-9.0,1,4.0,2.0,7.0,1,2002.0,2.0,-2.0,0.0,-0.03,3922.08,-0.33
20191126,3893.4349,3899.1097,3869.5948,3891.6533,4.55,1,22.79,21.39,52.34,0.12,1,-11.0,0,-2.0,5.0,3.0,0,1002.0,1.0,-2.0,-1.0,-0.08,3921.15,-0.22
20191127,3883.429,3889.9783,3862.7011,3875.6186,-10.81,0,-15.36,31.7,8.73,-0.06,0,-15.0,-1,-4.0,-2.0,-4.0,0,1002.0,1.0,-2.0,-1.0,-0.06,3920.37,-0.34
20191128,3877.9012,3887.6903,3852.0105,3862.3029,-21.29,0,-10.48,-3.05,-47.55,-0.16,0,-16.0,0,-1.0,-7.0,-4.0,0,1001.0,1.0,-1.0,0.0,-0.0,3919.14,-0.43
20191129,3857.1883,3861.6584,3804.8291,3828.6706,-38.01,-1,-16.72,-42.56,-28.42,-0.32,-1,-13.0,0,3.0,-2.0,-2.0,0,1.0,0.0,-1.0,-1.0,-0.05,3912.96,-0.64
20191202,3835.5128,3854.7509,3829.3126,3836.0589,-22.41,0,15.6,-11.6,-5.57,-0.13,0,-5.0,1,8.0,10.0,11.0,1,2001.0,2.0,-1.0,1.0,0.08,3905.86,-0.53
20191203,3829.212,3851.1205,3811.6281,3851.0873,-6.77,1,15.64,14.52,35.74,0.05,1,5.0,1,10.0,21.0,18.0,1,3000.0,3.0,-0.0,3.0,0.2,3898.27,-0.36
20191204,3841.6627,3852.9922,3831.0747,3849.819,-10.56,0,-3.79,27.45,7.68,0.0,0,10.0,1,5.0,23.0,19.0,1,2000.0,2.0,-0.0,2.0,0.14,3891.52,-0.32
20191205,3863.6086,3883.4031,3859.8223,3879.3638,23.75,1,34.31,46.16,19.2,0.36,1,20.0,1,10.0,25.0,31.0,1,0.0,0.0,-0.0,0.0,0.03,3885.89,-0.05
20191206,3885.0582,3902.3853,3878.7002,3902.3853,41.98,1,18.23,48.75,52.79,0.52,1,26.0,1,6.0,21.0,41.0,1,1000.0,1.0,-0.0,1.0,0.09,3882.36,0.15
20191209,3909.5297,3911.9682,3885.2507,3895.4468,36.65,0,-5.33,47.21,57.94,0.41,0,33.0,1,7.0,23.0,49.0,1,1000.0,1.0,-0.0,1.0,0.08,3881.98,0.1
20191210,3886.444,3900.959,3882.0877,3900.3843,40.11,0,3.46,16.36,78.12,0.41,0,46.0,1,13.0,26.0,59.0,1,2001.0,2.0,-1.0,1.0,0.07,3881.82,0.14
20191211,3907.1592,3909.3854,3890.341,3902.7492,41.0,0,0.89,-0.98,63.41,0.38,0,59.0,1,13.0,33.0,64.0,1,2001.0,2.0,-1.0,1.0,0.07,3881.96,0.16
20191212,3908.4537,3908.4537,3886.1188,3891.0242,31.06,-1,-9.94,-5.59,37.83,0.24,-1,70.0,1,11.0,37.0,65.0,1,2000.0,2.0,-0.0,2.0,0.12,3881.21,0.07
20191213,3928.0044,3969.4568,3925.2757,3968.2211,96.04,1,64.98,55.93,106.6,0.9,1,81.0,1,11.0,35.0,71.0,1,2000.0,2.0,-0.0,2.0,0.11,3885.77,0.63
20191216,3970.7092,3987.5866,3953.5126,3987.5464,120.58,1,24.54,79.58,96.83,1.07,1,89.0,1,8.0,30.0,69.0,1,4000.0,4.0,-0.0,4.0,0.2,3889.75,0.74
20191217,3987.7426,4067.1355,3984.5193,4041.7996,155.65,1,35.07,124.59,113.67,1.33,1,100.0,1,11.0,30.0,74.0,1,6000.0,6.0,-0.0,6.0,0.29,3894.49,1.12
20191218,4039.724,4057.64,4025.3433,4032.7826,132.65,0,-23.0,36.61,96.0,0.97,0,102.0,0,2.0,21.0,69.0,0,5000.0,5.0,-0.0,5.0,0.22,3900.74,1.0
20191219,4034.6159,4038.5435,4014.8951,4027.1495,113.37,-1,-19.28,-7.21,73.26,0.67,-1,103.0,0,1.0,14.0,57.0,0,4000.0,4.0,-0.0,4.0,0.14,3907.61,0.91
20191220,4032.1519,4046.7261,4014.9296,4017.2527,89.32,-1,-24.05,-66.33,48.32,0.36,-1,107.0,1,4.0,7.0,48.0,-1,3000.0,3.0,-0.0,3.0,0.08,3915.98,0.77
20191223,4014.6929,4032.1721,3964.3798,3967.0962,25.06,-1,-64.26,-107.59,-6.0,-0.35,-1,112.0,1,5.0,10.0,42.0,0,1002.0,1.0,-2.0,-1.0,-0.15,3920.42,0.35
20191224,3971.56,3994.5092,3963.6653,3992.9581,59.17,0,34.11,-54.2,-36.87,0.04,0,117.0,1,5.0,14.0,36.0,-1,1000.0,1.0,-0.0,1.0,-0.04,3925.49,0.51
20191225,3988.6574,4000.5556,3976.3559,3990.8671,66.64,0,7.47,-22.68,-53.94,0.12,0,117.0,0,0.0,10.0,28.0,0,2000.0,2.0,-0.0,2.0,0.01,3931.25,0.45
20191226,3993.6686,4025.9879,3993.5413,4025.9879,94.71,1,28.07,69.65,-60.94,0.4,1,128.0,1,11.0,16.0,28.0,0,7000.0,7.0,-0.0,7.0,0.28,3939.43,0.66
20191227,4029.2454,4066.7964,4019.7223,4022.0278,68.39,0,-26.32,9.22,-64.26,0.08,0,142.0,1,14.0,25.0,40.0,1,1000.0,1.0,-0.0,1.0,-0.07,3949.1,0.55
20191230,4015.5195,4083.6901,4001.4951,4081.6334,116.82,1,48.43,50.18,3.45,0.58,1,151.0,1,9.0,34.0,48.0,1,6000.0,6.0,-0.0,6.0,0.2,3961.38,0.91
20191231,4077.7519,4098.1444,4069.0086,4096.5821,125.93,1,9.11,31.22,36.61,0.62,0,151.0,0,0.0,23.0,44.0,0,4000.0,4.0,-0.0,4.0,0.08,3973.65,0.93
20200102,4121.3487,4172.6555,4121.3487,4152.2408,177.28,1,51.35,108.89,152.22,1.1,1,155.0,1,4.0,13.0,43.0,-1,12000.0,12.0,-0.0,12.0,0.51,3988.77,1.24
20200103,4161.2185,4164.2989,4131.864,4144.9649,155.74,0,-21.54,38.92,96.57,0.77,0,157.0,0,2.0,6.0,40.0,0,8000.0,8.0,-0.0,8.0,0.26,4002.06,1.08
20200106,4120.5211,4170.6384,4102.3796,4129.2954,134.24,0,-21.5,8.31,67.6,0.47,-1,156.0,0,-1.0,5.0,39.0,0,6000.0,6.0,-0.0,6.0,0.13,4013.4,0.88
20200107,4137.4019,4161.2504,4135.0972,4160.2274,150.33,0,16.09,-26.95,55.62,0.6,0,161.0,1,5.0,6.0,33.0,0,6000.0,6.0,-0.0,6.0,0.11,4026.64,1.01
20200108,4139.6315,4149.813,4101.9801,4112.3172,86.79,-1,-63.54,-68.95,18.4,-0.13,-1,162.0,0,1.0,5.0,20.0,0,5000.0,5.0,-0.0,5.0,0.05,4037.24,0.57
20200109,4145.5345,4165.6574,4143.592,4164.3697,131.9,0,45.11,-2.34,15.08,0.36,0,162.0,0,0.0,6.0,11.0,0,3000.0,3.0,-0.0,3.0,-0.07,4050.32,0.87
20200110,4177.5777,4180.9771,4148.4817,4163.1849,117.22,0,-14.68,-33.11,-8.71,0.17,0,154.0,-1,-8.0,-7.0,3.0,-1,5000.0,5.0,-0.0,5.0,0.03,4063.93,0.75
20200113,4166.9254,4203.9883,4148.6007,4203.9883,150.21,1,32.99,63.42,-27.07,0.5,1,142.0,-1,-12.0,-20.0,-13.0,-1,4000.0,4.0,-0.0,4.0,-0.03,4075.71,0.97
20200114,4215.1578,4223.5078,4188.0809,4189.8862,120.73,0,-29.48,-11.17,-35.01,0.14,-1,135.0,-1,-7.0,-27.0,-22.0,-1,3000.0,3.0,-0.0,3.0,-0.09,4085.83,0.79
20200115,4186.881,4193.8686,4150.8799,4166.7344,89.55,-1,-31.18,-27.67,-44.69,-0.2,-1,127.0,-1,-8.0,-27.0,-29.0,-1,5000.0,5.0,-0.0,5.0,0.03,4092.08,0.57
20200116,4174.8172,4175.2938,4142.1795,4149.0434,69.3,-1,-20.25,-80.91,-81.03,-0.39,-1,111.0,-1,-16.0,-31.0,-50.0,-1,3000.0,3.0,-0.0,3.0,-0.08,4097.89,0.39
20200117,4162.1939,4177.0282,4141.6448,4154.853,67.97,0,-1.33,-52.76,-18.82,-0.37,0,96.0,-1,-15.0,-39.0,-66.0,-1,3001.0,3.0,-1.0,2.0,-0.13,4104.28,0.38
20200120,4170.7365,4185.9629,4149.4879,4185.8304,113.06,1,45.09,23.51,-18.84,0.14,1,81.0,-1,-15.0,-46.0,-81.0,-1,11000.0,11.0,-0.0,11.0,0.36,4112.7,0.55
20200121,4165.0203,4165.0203,4113.3251,4114.3085,49.49,-1,-63.57,-19.81,-67.73,-0.54,0,48.0,-1,-33.0,-63.0,-106.0,-1,12001.0,12.0,-1.0,11.0,0.33,4120.07,-0.04
20200122,4093.8009,4141.1772,4046.4866,4131.9311,75.38,0,25.89,7.41,-74.83,-0.22,0,20.0,-1,-28.0,-76.0,-122.0,-1,17000.0,17.0,-0.0,17.0,0.63,4127.01,0.04
20200123,4093.3229,4103.5244,3972.3933,4003.9013,-56.0,-1,-131.38,-169.06,-176.73,-1.57,-1,-13.0,-1,-33.0,-94.0,-148.0,-1,9007.0,9.0,-7.0,2.0,-0.23,4127.67,-0.94
20200203,3639.9089,3732.1572,3639.9089,3688.3578,-382.48,-1,-326.48,-431.97,-472.03,-4.84,-1,-56.0,-1,-43.0,-104.0,-183.0,-1,3088.0,3.0,-88.0,-85.0,-4.96,4110.78,-3.2
20200204,3652.0035,3786.8629,3652.0035,3785.6376,-242.38,0,140.1,-317.76,-311.68,-2.91,0,-52.0,0,4.0,-72.0,-163.0,0,8058.0,8.0,-58.0,-50.0,-2.81,4098.96,-2.38
20200205,3801.099,3866.0108,3781.613,3828.5272,-165.62,0,76.76,-109.62,-233.59,-1.83,0,-43.0,0,9.0,-30.0,-139.0,1,10031.0,10.0,-31.0,-21.0,-1.07,4086.31,-1.96
20200206,3841.7537,3914.915,3806.9601,3899.7751,-66.7,1,98.92,315.78,-179.76,-0.62,1,-33.0,1,10.0,23.0,-114.0,1,22010.0,22.0,-10.0,12.0,0.81,4076.47,-1.34
20200207,3879.5531,3899.8837,3849.7127,3899.8693,-47.85,1,18.85,194.53,-97.34,-0.36,1,-27.0,1,6.0,25.0,-75.0,1,20009.0,20.0,-9.0,11.0,0.75,4063.85,-1.24
20200210,3872.3738,3920.1667,3861.0066,3916.0052,-14.47,1,33.38,151.15,-89.85,0.02,1,-16.0,1,11.0,27.0,-36.0,1,16006.0,16.0,-6.0,10.0,0.69,4052.4,-1.03
20200211,3926.4204,3970.5221,3915.7077,3952.4643,5.64,1,20.11,72.34,61.64,0.23,1,0.0,1,16.0,33.0,13.0,1,10003.0,10.0,-3.0,7.0,0.51,4043.56,-0.69
20200212,3945.6663,3984.4325,3940.6667,3984.4325,59.06,1,53.42,106.91,441.54,0.77,1,15.0,1,15.0,42.0,71.0,1,14000.0,14.0,-0.0,14.0,0.89,4034.77,-0.38
20200213,3985.8757,3999.5495,3950.1422,3959.9188,37.06,0,-22.0,51.53,279.44,0.46,0,31.0,1,16.0,47.0,83.0,1,18001.0,18.0,-1.0,17.0,1.03,4027.15,-0.51
20200214,3954.234,4001.5627,3954.0233,3987.7342,55.96,0,18.9,50.32,221.58,0.62,0,46.0,1,15.0,46.0,89.0,1,18000.0,18.0,-0.0,18.0,1.05,4018.32,-0.23
20200217,3999.6511,4077.4464,3999.6511,4077.4241,154.6,1,98.64,95.54,221.3,1.59,1,53.0,1,7.0,38.0,86.0,1,23000.0,23.0,-0.0,23.0,1.28,4014.03,0.48
20200218,4069.8315,4076.388,4027.7859,4057.5108,136.68,0,-17.92,99.62,184.53,1.25,0,58.0,1,5.0,27.0,85.0,0,21000.0,21.0,-0.0,21.0,1.12,4006.71,0.39
20200219,4049.5862,4085.1704,4042.8451,4051.3107,106.15,0,-30.53,50.19,120.62,0.81,0,58.0,0,0.0,12.0,74.0,0,16000.0,16.0,-0.0,16.0,0.79,3999.78,0.39
20200220,4062.8968,4148.5287,4055.8105,4144.6561,181.87,1,75.72,27.27,176.23,1.53,0,58.0,0,0.0,5.0,58.0,0,20000.0,20.0,-0.0,20.0,0.98,3998.67,1.11
20200221,4134.8747,4184.4379,4130.1677,4149.4903,186.18,1,4.31,49.5,127.12,1.43,0,53.0,-1,-5.0,-5.0,38.0,-1,25000.0,25.0,-0.0,25.0,1.2,3998.7,1.14
20200224,4131.8364,4149.0102,4097.1753,4132.8388,171.23,0,-14.95,65.08,134.17,1.13,0,51.0,0,-2.0,-7.0,20.0,0,33000.0,33.0,-0.0,33.0,1.57,3997.6,1.03
20200225,4066.302,4126.7075,4020.9075,4123.8543,146.34,-1,-24.89,-35.53,90.38,0.77,-1,44.0,-1,-7.0,-14.0,-2.0,-1,32000.0,32.0,-0.0,32.0,1.46,3994.5,0.98
20200226,4070.0994,4132.7817,4061.125,4073.0152,52.87,-1,-93.47,-133.31,-101.73,-0.29,-1,24.0,-1,-20.0,-29.0,-29.0,-1,15000.0,15.0,-0.0,15.0,0.47,3992.43,0.61
20200227,4084.0782,4110.5275,4067.4408,4084.8759,55.54,0,2.67,-115.69,-81.14,-0.23,0,4.0,-1,-20.0,-47.0,-54.0,-1,12001.0,12.0,-1.0,11.0,0.26,3990.08,0.72
20200228,3988.7274,4031.1453,3928.0663,3940.0488,-114.48,-1,-170.02,-260.82,-220.63,-1.99,-1,-4.0,-1,-8.0,-48.0,-62.0,-1,3006.0,3.0,-6.0,-3.0,-0.53,3986.89,-0.36
20200302,3968.8435,4092.5394,3968.8435,4069.6662,39.94,0,154.42,-12.93,-141.93,-0.18,0,6.0,0,10.0,-18.0,-52.0,0,13001.0,13.0,-1.0,12.0,0.05,4005.95,0.48
20200303,4125.1356,4147.6525,4067.9094,4091.3615,60.77,0,20.83,5.23,-125.41,0.05,0,11.0,1,5.0,7.0,-42.0,1,12000.0,12.0,-0.0,12.0,-0.13,4021.24,0.53
20200304,4078.4998,4115.2618,4060.729,4115.0524,64.51,0,3.74,178.99,-106.72,0.09,0,17.0,1,6.0,21.0,-34.0,1,12003.0,12.0,-3.0,9.0,-0.39,4035.57,0.6
20200305,4150.21,4215.8513,4127.0386,4206.7251,131.42,1,66.91,91.48,-14.92,0.78,1,10.0,0,-7.0,4.0,-34.0,0,14000.0,14.0,-0.0,14.0,-0.11,4050.91,1.18
20200306,4158.2021,4181.3102,4135.3901,4138.5072,52.24,0,-79.18,-8.53,-0.63,-0.12,0,-2.0,-1,-12.0,-13.0,-26.0,-1,6000.0,6.0,-0.0,6.0,-0.55,4062.84,0.57
20200309,4063.076,4063.076,3995.1313,3997.1325,-102.17,-1,-154.41,-166.68,-157.71,-1.73,-1,-14.0,-1,-12.0,-31.0,-18.0,-1,3010.0,3.0,-10.0,-7.0,-1.25,4066.9,-0.53
20200310,3975.2288,4093.0024,3954.7506,4082.7315,-1.87,0,100.3,-133.29,112.61,-0.51,0,-25.0,-1,-11.0,-35.0,-21.0,-1,6001.0,6.0,-1.0,5.0,-0.55,4073.41,0.07
20200311,4090.9348,4091.2704,4028.3964,4028.4289,-61.46,0,-59.59,-113.7,-101.4,-1.09,0,-35.0,-1,-10.0,-33.0,-41.0,-1,5004.0,5.0,-4.0,1.0,-0.75,4075.61,-0.36
20200312,3976.1139,3987.4336,3926.2704,3950.9111,-129.28,-1,-67.82,-27.11,-190.05,-1.69,0,-56.0,-1,-21.0,-42.0,-67.0,-1,4004.0,4.0,-4.0,0.0,-0.76,4075.16,-0.94
20200313,3771.0139,3937.1806,3765.1479,3895.3128,-160.8,-1,-31.52,-158.93,-225.31,-1.86,-1,-77.0,-1,-21.0,-52.0,-94.0,-1,3009.0,3.0,-9.0,-6.0,-1.03,4070.54,-1.33
20200316,3899.8598,3899.8598,3720.5127,3727.8398,-312.76,-1,-151.96,-251.3,-444.18,-3.28,-1,-93.0,-1,-16.0,-58.0,-103.0,-1,30.0,0.0,-30.0,-30.0,-2.26,4053.06,-2.47
20200317,3739.7833,3786.8908,3618.307,3709.6822,-290.83,0,21.93,-161.55,-343.07,-2.73,0,-107.0,-1,-14.0,-51.0,-105.0,-1,1036.0,1.0,-36.0,-35.0,-2.38,4035.67,-2.47
20200318,3729.6853,3775.8506,3636.2565,3636.2565,-326.12,0,-35.29,-165.32,-223.95,-2.84,0,-117.0,-1,-10.0,-40.0,-103.0,0,1042.0,1.0,-42.0,-41.0,-2.56,4014.92,-2.87
20200319,3623.789,3647.9874,3503.1866,3589.0926,-334.54,-1,-8.42,-21.78,-332.67,-2.66,0,-127.0,-1,-10.0,-34.0,-102.0,0,1048.0,1.0,-48.0,-47.0,-2.72,3987.14,-3.02
20200320,3629.5126,3663.9517,3588.7766,3653.2239,-252.53,1,82.01,38.3,-191.07,-1.55,1,-133.0,-1,-6.0,-26.0,-98.0,1,24.0,0.0,-24.0,-24.0,-1.25,3962.33,-2.34
20200323,3542.6837,3585.8014,3523.7877,3530.3058,-373.12,-1,-120.59,-47.0,-243.84,-2.66,0,-132.0,0,1.0,-15.0,-76.0,0,64.0,0.0,-64.0,-64.0,-3.27,3932.2,-3.05
20200324,3598.6548,3627.7592,3545.4524,3625.1146,-250.06,0,123.06,84.48,-89.26,-1.12,1,-125.0,1,7.0,2.0,-48.0,1,25.0,0.0,-25.0,-25.0,-0.87,3907.26,-2.14
20200325,3711.4753,3732.6536,3685.9942,3722.5181,-128.02,1,122.04,124.51,184.74,0.26,1,-100.0,1,25.0,33.0,-7.0,1,5.0,0.0,-5.0,-5.0,0.34,3889.74,-1.27
20200326,3692.6083,3736.2536,3681.2668,3698.0472,-142.94,0,-14.92,230.18,147.89,0.08,0,-91.0,1,9.0,41.0,16.0,1,3008.0,3.0,-8.0,-5.0,0.38,3870.4,-1.31
20200327,3746.3914,3758.7827,3709.9213,3710.0605,-126.48,0,16.46,123.58,199.64,0.25,0,-86.0,0,5.0,39.0,31.0,1,2007.0,2.0,-7.0,-5.0,0.39,3858.9,-1.13
20200330,3657.4624,3690.6388,3637.5853,3674.1108,-157.03,-1,-30.55,-29.01,177.51,-0.1,-1,-80.0,1,6.0,20.0,47.0,1,15.0,0.0,-15.0,-15.0,-0.11,3839.12,-1.25
20200331,3708.1404,3716.0707,3676.2024,3686.1551,-130.85,0,26.18,12.09,121.68,0.19,0,-68.0,1,12.0,23.0,65.0,1,4011.0,4.0,-11.0,-7.0,0.4,3818.86,-1.01
20200401,3682.2966,3731.7799,3670.9653,3675.0758,-133.76,0,-2.91,-7.28,239.36,0.14,0,-61.0,1,7.0,25.0,71.0,1,3008.0,3.0,-8.0,-5.0,0.56,3796.86,-0.92
20200402,3656.3225,3734.5306,3652.3167,3734.5306,-47.44,1,86.32,109.59,202.62,1.03,1,-50.0,1,11.0,30.0,75.0,1,3000.0,3.0,-0.0,3.0,1.05,3773.25,-0.29
20200403,3721.4815,3738.8323,3698.9822,3713.2183,-66.01,0,-18.57,64.84,62.01,0.74,0,-41.0,1,9.0,27.0,59.0,1,3002.0,3.0,-2.0,1.0,0.95,3751.99,-0.29
20200407,3779.9076,3803.6286,3772.2054,3798.0214,36.37,1,102.38,170.13,179.31,1.74,1,-29.0,1,12.0,32.0,62.0,1,8000.0,8.0,-0.0,8.0,1.31,3742.03,0.42
20200408,3776.4171,3793.0023,3767.2924,3780.3445,22.97,0,-13.4,70.41,149.45,1.43,0,-27.0,0,2.0,23.0,59.0,0,5000.0,5.0,-0.0,5.0,1.14,3726.91,0.41
20200409,3798.4879,3801.7245,3785.3116,3792.8105,35.78,0,12.81,101.79,192.81,1.43,0,-25.0,0,2.0,16.0,55.0,0,5000.0,5.0,-0.0,5.0,1.13,3715.13,0.59
20200410,3794.8429,3824.7441,3758.9599,3769.1782,-13.67,-1,-49.45,-50.04,117.18,0.78,-1,-25.0,0,0.0,4.0,43.0,0,3001.0,3.0,-1.0,2.0,0.95,3706.04,0.48
20200413,3751.7093,3769.8764,3740.1936,3753.2566,-35.15,-1,-21.48,-58.12,98.61,0.48,-1,-21.0,1,4.0,6.0,40.0,0,5003.0,5.0,-3.0,2.0,0.92,3698.94,0.41
20200414,3777.8343,3825.7599,3764.9838,3825.6991,47.72,1,82.87,11.94,95.16,1.3,0,-18.0,0,3.0,7.0,32.0,0,7001.0,7.0,-1.0,6.0,1.05,3703.84,0.92
20200415,3820.8506,3829.8009,3793.4402,3797.3623,23.74,0,-23.98,37.41,89.75,0.92,0,-17.0,0,1.0,8.0,24.0,0,2001.0,2.0,-1.0,1.0,0.66,3708.22,0.68
20200416,3777.7986,3807.3569,3774.5585,3802.3806,37.04,0,13.3,72.19,0.67,0.98,0,-16.0,0,1.0,5.0,13.0,0,3000.0,3.0,-0.0,3.0,0.65,3716.53,0.65
20200417,3831.9232,3863.4521,3821.4201,3839.4871,56.32,1,19.28,8.6,33.35,1.08,0,-16.0,0,0.0,2.0,11.0,0,1000.0,1.0,-0.0,1.0,0.4,3729.05,0.84
20200420,3845.4598,3853.7984,3831.553,3853.4551,75.14,1,18.82,51.4,39.36,1.18,1,-12.0,1,4.0,5.0,13.0,0,1000.0,1.0,-0.0,1.0,0.32,3739.06,0.87
20200421,3838.2314,3838.2314,3779.9967,3808.0474,25.53,-1,-49.61,-11.51,39.2,0.55,-1,-10.0,0,2.0,6.0,15.0,0,5000.0,5.0,-0.0,5.0,0.36,3752.94,0.42
20200422,3789.1297,3839.3834,3782.2149,3839.3834,47.34,0,21.81,-8.98,82.49,0.72,0,-9.0,0,1.0,7.0,12.0,0,5000.0,5.0,-0.0,5.0,0.27,3763.66,0.57
20200423,3851.9132,3857.4709,3826.5565,3829.7525,30.19,0,-17.15,-44.95,-17.53,0.47,0,-16.0,-1,-7.0,-4.0,2.0,-1,3000.0,3.0,-0.0,3.0,0.13,3769.02,0.46
20200424,3826.3116,3827.212,3787.0714,3796.9721,-8.01,-1,-38.2,-33.54,-31.75,0.03,-1,-12.0,0,4.0,-2.0,5.0,0,1.0,0.0,-1.0,-1.0,-0.11,3773.97,0.17
20200427,3808.0171,3842.8706,3793.7655,3822.769,10.1,0,18.11,-37.24,-26.94,0.22,0,-9.0,0,3.0,0.0,7.0,0,2000.0,2.0,-0.0,2.0,0.04,3779.6,0.33
20200428,3835.348,3859.6754,3768.2,3849.1465,24.09,0,13.99,-6.1,-32.23,0.34,0,1.0,1,10.0,17.0,17.0,1,3000.0,3.0,-0.0,3.0,0.05,3788.35,0.46
20200429,3837.5135,3880.7444,3833.7164,3867.032,41.85,1,17.76,49.86,-33.29,0.5,1,9.0,1,8.0,21.0,21.0,1,0.0,0.0,-0.0,0.0,-0.14,3797.4,0.53
20200430,3880.4094,3921.7004,3880.4094,3912.5772,112.7,1,70.85,102.6,87.17,1.19,1,20.0,1,11.0,29.0,30.0,1,4000.0,4.0,-0.0,4.0,0.06,3809.27,0.78
20200506,3867.2587,3937.6909,3865.9875,3936.2539,138.91,1,26.21,114.82,91.57,1.35,1,25.0,1,5.0,24.0,34.0,1,12000.0,12.0,-0.0,12.0,0.49,3819.36,0.89
20200507,3937.5918,3941.4833,3915.9048,3924.8946,113.32,0,-25.59,71.47,83.13,0.95,0,28.0,0,3.0,19.0,44.0,0,10000.0,10.0,-0.0,10.0,0.35,3829.94,0.72
20200508,3942.9972,3979.6627,3935.9805,3963.6217,140.27,1,26.95,27.57,148.28,1.15,0,33.0,1,5.0,13.0,45.0,0,7000.0,7.0,-0.0,7.0,0.18,3838.22,0.95
20200511,3974.7605,3998.0972,3944.5037,3960.1803,117.95,0,-22.32,-20.96,107.85,0.8,-1,33.0,0,0.0,8.0,42.0,0,7000.0,7.0,-0.0,7.0,0.18,3847.21,0.86
20200512,3961.3427,3970.1115,3930.2108,3960.2378,108.14,0,-9.81,-5.18,84.05,0.62,-1,39.0,1,6.0,11.0,38.0,0,6000.0,6.0,-0.0,6.0,0.12,3855.58,0.79
20200513,3946.6428,3972.5254,3932.5711,3968.2529,109.04,0,0.9,-31.23,67.19,0.57,0,44.0,1,5.0,11.0,35.0,0,3000.0,3.0,-0.0,3.0,-0.06,3865.54,0.78
20200514,3952.1986,3952.1986,3924.0452,3925.2177,54.69,-1,-54.35,-63.26,-58.01,-0.05,-1,42.0,0,-2.0,9.0,22.0,0,2000.0,2.0,-0.0,2.0,-0.11,3874.14,0.39
20200515,3941.125,3945.1956,3907.4021,3912.8159,51.59,0,-3.1,-56.55,-87.32,-0.08,0,43.0,0,1.0,4.0,18.0,0,6000.0,6.0,-0.0,6.0,0.11,3878.49,0.26
20200518,3914.6602,3946.4312,3898.4041,3922.9117,42.79,0,-8.8,-66.25,-70.53,-0.16,0,41.0,0,-2.0,-3.0,13.0,0,6000.0,6.0,-0.0,6.0,0.1,3884.77,0.29
20200519,3963.7754,3966.8518,3944.0715,3956.2495,93.24,1,50.45,38.55,-47.03,0.38,1,37.0,-1,-4.0,-5.0,4.0,-1,8000.0,8.0,-0.0,8.0,0.2,3892.46,0.48
20200520,3955.7145,3955.7145,3923.9213,3935.222,53.45,0,-39.79,1.86,-64.5,-0.07,0,29.0,-1,-8.0,-14.0,-4.0,-1,3001.0,3.0,-1.0,2.0,-0.15,3897.25,0.29
20200521,3950.5981,3951.743,3907.5788,3913.7949,8.13,-1,-45.32,-34.66,-100.01,-0.54,-1,27.0,0,-2.0,-14.0,-12.0,0,2002.0,2.0,-2.0,0.0,-0.26,3900.27,0.1
20200522,3907.5761,3907.5761,3818.1488,3824.064,-72.19,-1,-80.32,-165.43,-181.23,-1.33,-1,23.0,-1,-4.0,-14.0,-21.0,-1,2003.0,2.0,-3.0,-1.0,-0.3,3901.07,-0.58
20200525,3828.3206,3835.6333,3800.1796,3829.3245,-70.08,0,2.11,-123.53,-124.77,-1.18,0,26.0,0,3.0,-3.0,-16.0,0,1002.0,1.0,-2.0,-1.0,-0.28,3900.56,-0.54
20200526,3850.0009,3874.7484,3844.4776,3872.7701,-1.23,0,68.85,-9.36,-52.82,-0.35,1,28.0,0,2.0,1.0,-15.0,0,2001.0,2.0,-1.0,1.0,-0.16,3902.72,-0.23
20200527,3873.6984,3873.6984,3838.4247,3845.6135,-34.34,0,-33.11,37.85,-77.13,-0.66,0,28.0,0,0.0,5.0,-13.0,0,2003.0,2.0,-3.0,-1.0,-0.28,3905.15,-0.45
20200528,3848.4892,3885.4211,3818.4318,3856.6324,-24.58,0,9.76,45.5,-117.82,-0.5,0,30.0,0,2.0,4.0,-7.0,0,1001.0,1.0,-1.0,0.0,-0.21,3906.84,-0.38
20200529,3838.3769,3872.3031,3830.4185,3867.0232,3.38,1,27.96,4.61,-50.07,-0.16,1,40.0,1,10.0,12.0,11.0,1,5000.0,5.0,-0.0,5.0,0.07,3907.73,-0.31
20200601,3901.7263,3976.3151,3901.7263,3971.3402,109.17,1,105.79,143.51,101.04,0.97,1,54.0,1,14.0,26.0,27.0,1,7000.0,7.0,-0.0,7.0,0.16,3912.95,0.44
20200602,3969.9521,3991.7761,3958.9774,3983.5677,102.4,0,-6.77,126.98,174.59,0.8,0,64.0,1,10.0,34.0,41.0,1,7000.0,7.0,-0.0,7.0,0.16,3916.5,0.51
20200603,4001.1708,4018.6759,3982.9299,3983.6477,94.72,0,-7.68,91.34,164.8,0.65,0,66.0,0,2.0,26.0,40.0,0,6000.0,6.0,-0.0,6.0,0.11,3918.87,0.49
20200604,3998.1636,3999.8051,3968.5723,3982.1851,80.64,-1,-14.08,-28.53,81.87,0.44,-1,78.0,1,12.0,24.0,50.0,1,7000.0,7.0,-0.0,7.0,0.18,3921.73,0.46
20200605,3988.2239,4001.2509,3967.926,4001.2509,93.88,0,13.24,-8.52,128.22,0.53,0,80.0,0,2.0,16.0,52.0,0,7000.0,7.0,-0.0,7.0,0.18,3923.62,0.59
20200608,4023.606,4050.2213,4016.1015,4021.9549,103.35,1,9.47,8.63,127.93,0.58,0,81.0,0,1.0,15.0,51.0,0,8000.0,8.0,-0.0,8.0,0.24,3926.7,0.72
20200609,4027.5613,4052.1557,4016.3387,4047.0293,126.44,1,23.09,45.8,123.06,0.77,1,79.0,0,-2.0,1.0,39.0,0,8000.0,8.0,-0.0,8.0,0.23,3931.04,0.88
20200610,4046.2317,4046.2317,4024.4185,4039.7051,111.33,0,-15.11,17.45,2.16,0.54,0,79.0,0,0.0,-1.0,25.0,0,8000.0,8.0,-0.0,8.0,0.22,3934.62,0.8
20200611,4031.7396,4043.0123,3979.7522,3995.8846,70.16,-1,-41.17,-33.19,-32.24,0.06,-1,72.0,-1,-7.0,-9.0,8.0,-1,7000.0,7.0,-0.0,7.0,0.14,3938.15,0.44
20200612,3931.6236,4011.0591,3927.2491,4003.0829,63.46,-1,-6.7,-62.98,-31.26,-0.02,-1,76.0,0,4.0,-3.0,10.0,0,9000.0,9.0,-0.0,9.0,0.25,3942.66,0.46
20200615,3982.9672,4007.1396,3954.9883,3954.9883,15.56,-1,-47.9,-95.77,-65.08,-0.52,-1,75.0,0,-1.0,-4.0,-3.0,0,6000.0,6.0,-0.0,6.0,0.08,3944.27,0.08
20200616,3995.5786,4014.5702,3987.8637,4014.5702,80.7,0,65.14,10.54,-13.18,0.21,1,82.0,1,7.0,10.0,2.0,1,12000.0,12.0,-0.0,12.0,0.41,3947.18,0.51
20200617,4018.6094,4018.6094,3992.1339,4017.5941,82.53,0,1.83,19.07,-20.82,0.21,0,86.0,1,4.0,10.0,5.0,1,15000.0,15.0,-0.0,15.0,0.55,3951.3,0.5
20200618,4009.7831,4047.5566,4000.9008,4044.3842,97.32,0,14.79,81.76,-29.12,0.35,0,94.0,1,8.0,19.0,15.0,1,12000.0,12.0,-0.0,12.0,0.34,3957.83,0.66
20200619,4047.0483,4109.3602,4043.4925,4098.7095,144.62,1,47.3,63.92,33.29,0.81,1,108.0,1,14.0,26.0,29.0,1,16000.0,16.0,-0.0,16.0,0.52,3971.56,0.96
20200622,4097.5071,4126.9421,4088.7822,4102.0459,149.01,1,4.39,66.48,78.85,0.78,0,118.0,1,10.0,32.0,46.0,1,17000.0,17.0,-0.0,17.0,0.53,3985.2,0.89
20200623,4098.0373,4124.725,4080.7533,4121.7944,156.71,0,7.7,59.39,93.25,0.78,0,121.0,0,3.0,27.0,45.0,0,24000.0,24.0,-0.0,24.0,0.86,3997.65,0.94
20200624,4128.1003,4144.6782,4123.3582,4138.9895,165.75,1,9.04,21.13,150.19,0.8,0,133.0,1,12.0,25.0,58.0,1,22000.0,22.0,-0.0,22.0,0.68,4012.32,0.96
20200629,4127.9348,4137.3696,4092.5352,4109.7164,123.73,-1,-42.02,-25.28,43.03,0.29,-1,149.0,1,16.0,31.0,67.0,1,16000.0,16.0,-0.0,16.0,0.29,4024.97,0.64
20200630,4130.0028,4174.4236,4129.7754,4163.9637,178.95,1,55.22,22.24,96.42,0.84,0,156.0,1,7.0,35.0,70.0,0,25000.0,25.0,-0.0,25.0,0.75,4039.82,0.94
20200701,4172.6425,4247.7835,4163.4954,4247.7835,225.39,1,46.44,59.64,128.07,1.24,1,177.0,1,21.0,44.0,83.0,1,25000.0,25.0,-0.0,25.0,0.7,4053.64,1.47
20200702,4239.408,4340.1039,4238.1164,4335.8445,287.64,1,62.25,163.91,143.02,1.78,1,199.0,1,22.0,50.0,91.0,1,36000.0,36.0,-0.0,36.0,1.25,4071.26,2.01
20200703,4353.1937,4419.5955,4348.4535,4419.5955,347.66,1,60.02,168.71,198.65,2.24,1,212.0,1,13.0,56.0,94.0,1,48000.0,48.0,-0.0,48.0,1.81,4093.05,2.48
20200706,4465.8081,4678.1121,4465.8081,4670.0949,577.81,1,230.15,352.42,421.1,4.43,1,228.0,1,16.0,51.0,107.0,1,99000.0,99.0,-0.0,99.0,4.48,4127.45,4.12
20200707,4739.6104,4796.3155,4688.0574,4698.1264,559.12,0,-18.69,271.48,393.37,3.81,0,236.0,1,8.0,37.0,103.0,0,111000.0,111.0,-0.0,111.0,4.87,4162.29,4.06
20200708,4692.8621,4803.3643,4670.6501,4774.0042,605.66,0,46.54,258.0,481.93,3.94,0,245.0,1,9.0,33.0,96.0,0,122000.0,122.0,-0.0,122.0,5.17,4199.9,4.35
20200709,4770.0769,4854.1201,4757.2943,4840.7712,640.44,1,34.78,62.63,461.49,3.93,0,243.0,0,-2.0,15.0,87.0,0,136000.0,136.0,-0.0,136.0,5.61,4239.58,4.56
20200710,4796.0873,4821.3745,4734.4725,4753.1333,501.68,-1,-138.76,-57.44,276.29,2.1,-1,228.0,-1,-15.0,-8.0,51.0,-1,97000.0,97.0,-0.0,97.0,3.12,4275.25,3.62
20200713,4742.3738,4878.0773,4741.8743,4852.9612,580.1,0,78.42,-25.56,292.46,2.72,0,212.0,-1,-16.0,-33.0,13.0,-1,121000.0,121.0,-0.0,121.0,4.17,4318.11,4.06
20200714,4836.1655,4860.4404,4729.9258,4806.6902,484.77,-1,-95.33,-155.67,137.11,1.46,-1,194.0,-1,-18.0,-49.0,-18.0,-1,91000.0,91.0,-0.0,91.0,2.21,4358.29,3.4
20200715,4821.5155,4837.4757,4723.3608,4744.4687,354.76,-1,-130.01,-146.92,-223.05,-0.04,-1,155.0,-1,-39.0,-73.0,-73.0,-1,66000.0,66.0,-0.0,66.0,0.6,4397.76,2.63
20200716,4741.5295,4772.5638,4513.6537,4516.2532,76.11,-1,-278.65,-503.99,-483.01,-2.95,-1,105.0,-1,-50.0,-107.0,-131.0,-1,12000.0,12.0,-0.0,12.0,-2.5,4422.85,0.71
20200717,4524.7717,4601.3733,4485.8214,4544.7007,94.6,0,18.49,-390.17,-511.06,-2.47,0,93.0,-1,-12.0,-101.0,-152.0,0,18003.0,18.0,-3.0,15.0,-2.33,4449.2,0.72
20200720,4597.2038,4681.9431,4534.2305,4680.3046,243.45,0,148.85,-111.31,-396.99,-0.68,0,97.0,0,4.0,-58.0,-146.0,0,38002.0,38.0,-2.0,36.0,-1.19,4481.0,1.51
20200721,4697.5026,4714.2925,4661.444,4691.0425,233.25,0,-10.2,157.14,-268.43,-0.72,0,100.0,0,3.0,-5.0,-128.0,0,33000.0,33.0,-0.0,33.0,-1.41,4510.61,1.37
20200722,4682.6575,4790.4491,4675.3488,4714.4454,232.24,0,-1.01,137.64,-347.86,-0.66,0,99.0,0,-1.0,6.0,-113.0,0,32000.0,32.0,-0.0,32.0,-1.51,4541.23,1.31
20200723,4668.7401,4731.4004,4607.6585,4712.4357,204.19,-1,-28.05,-39.26,-280.58,-0.89,-1,92.0,-1,-7.0,-5.0,-102.0,0,34002.0,34.0,-2.0,32.0,-1.54,4570.77,1.07
20200724,4679.0273,4691.698,4479.3928,4505.5906,-50.64,-1,-254.83,-283.89,-405.4,-3.48,-1,74.0,-1,-18.0,-26.0,-81.0,-1,6009.0,6.0,-9.0,-3.0,-3.47,4589.1,-0.63
20200727,4535.0053,4558.1189,4482.4408,4528.45,-17.11,0,33.53,-249.35,-93.22,-2.79,0,70.0,-1,-4.0,-29.0,-35.0,0,11006.0,11.0,-6.0,5.0,-2.98,4610.03,-0.62
20200728,4567.6691,4590.2496,4537.6849,4568.2576,21.0,0,38.11,-183.19,-73.6,-2.13,0,73.0,0,3.0,-19.0,-20.0,0,15004.0,15.0,-4.0,11.0,-2.6,4630.25,-0.47
20200729,4559.1634,4680.558,4548.8535,4679.008,153.22,1,132.22,203.86,-90.23,-0.54,1,74.0,0,1.0,0.0,-23.0,0,24000.0,24.0,-0.0,24.0,-1.85,4651.81,0.21
20200730,4689.7632,4704.6305,4649.7677,4656.1506,116.91,0,-36.31,134.02,-116.34,-0.87,0,76.0,0,2.0,6.0,-24.0,0,24000.0,24.0,-0.0,24.0,-1.81,4667.82,-0.09
20200731,4652.1824,4741.8084,4621.9635,4695.0462,150.63,0,33.72,129.63,-81.61,-0.44,0,81.0,1,5.0,8.0,-18.0,1,28000.0,28.0,-0.0,28.0,-1.53,4681.6,0.1
20200803,4735.8985,4771.3694,4720.025,4771.3108,234.59,1,83.96,81.37,30.4,0.48,1,85.0,1,4.0,11.0,-7.0,1,39000.0,39.0,-0.0,39.0,-0.72,4686.66,0.64
20200804,4778.4866,4807.0782,4747.7748,4775.8024,197.85,0,-36.74,80.94,248.49,0.05,0,83.0,0,-2.0,7.0,9.0,0,24000.0,24.0,-0.0,24.0,-1.34,4690.54,0.65
20200805,4761.7637,4786.7031,4711.2723,4777.1089,197.57,0,-0.28,46.94,214.68,0.05,0,82.0,0,-1.0,1.0,12.0,0,26000.0,26.0,-0.0,26.0,-0.94,4690.7,0.66
20200806,4779.2377,4791.8565,4691.1569,4762.7642,174.93,-1,-22.64,-59.66,153.93,-0.2,-1,76.0,-1,-6.0,-9.0,3.0,-1,27000.0,27.0,-0.0,27.0,-0.57,4686.8,0.58
20200807,4742.2939,4749.0217,4637.8427,4707.9262,93.15,-1,-81.78,-104.7,-60.07,-1.03,-1,72.0,-1,-4.0,-11.0,-2.0,-1,20000.0,20.0,-0.0,20.0,-0.76,4684.54,0.18
20200810,4681.7553,4757.6634,4646.2885,4724.8697,115.84,0,22.69,-81.73,-1.07,-0.7,0,67.0,-1,-5.0,-15.0,-9.0,-1,22000.0,22.0,-0.0,22.0,-0.36,4678.13,0.35
20200811,4730.3748,4791.5337,4674.8642,4681.7837,44.18,-1,-71.66,-130.75,-106.45,-1.38,-1,53.0,-1,-14.0,-23.0,-28.0,-1,15000.0,15.0,-0.0,15.0,-0.54,4671.89,0.08
20200812,4668.8899,4681.6206,4566.2736,4647.6446,-10.23,-1,-54.41,-103.38,-244.82,-1.82,-1,52.0,0,-1.0,-20.0,-33.0,0,5003.0,5.0,-3.0,2.0,-1.1,4667.04,-0.15
20200813,4666.4901,4671.7689,4626.1033,4635.7126,-15.21,0,-4.98,-131.05,-213.06,-1.7,0,53.0,0,1.0,-14.0,-30.0,0,5002.0,5.0,-2.0,3.0,-1.02,4673.02,-0.28
20200814,4627.61,4708.0709,4617.632,4704.6288,58.65,1,73.86,14.47,-138.92,-0.76,1,58.0,1,5.0,5.0,-24.0,1,15001.0,15.0,-1.0,14.0,-0.38,4681.01,0.18
20200817,4727.1204,4838.0864,4721.3589,4815.2261,167.78,1,109.13,178.01,-7.15,0.45,1,54.0,0,-4.0,2.0,-22.0,0,21000.0,21.0,-0.0,21.0,0.06,4687.76,0.97
20200818,4816.5703,4825.3861,4788.8293,4812.7564,154.15,0,-13.63,169.36,61.0,0.27,0,54.0,0,0.0,1.0,-18.0,0,18000.0,18.0,-0.0,18.0,-0.07,4693.85,0.9
20200819,4804.6655,4809.0499,4738.0086,4740.6784,67.56,0,-86.59,8.91,-48.28,-0.67,0,51.0,0,-3.0,-7.0,-16.0,0,20004.0,20.0,-4.0,16.0,-0.14,4695.16,0.35
20200820,4708.1253,4721.4357,4662.8032,4679.1544,-10.28,-1,-77.84,-178.06,-54.46,-1.42,-1,45.0,-1,-6.0,-9.0,-8.0,-1,7002.0,7.0,-2.0,5.0,-0.69,4693.49,-0.11
20200821,4717.7874,4739.4836,4684.8101,4718.8431,28.91,0,39.19,-125.24,39.14,-0.87,0,40.0,-1,-5.0,-14.0,-12.0,-1,9003.0,9.0,-3.0,6.0,-0.66,4704.16,0.11
20200824,4746.4035,4769.4673,4716.6054,4755.8491,60.67,0,31.76,-6.89,75.88,-0.46,1,46.0,0,6.0,-5.0,-7.0,1,13002.0,13.0,-2.0,11.0,-0.39,4715.53,0.31
20200825,4769.2107,4802.4122,4746.313,4761.9507,36.11,0,-24.56,46.39,-22.54,-0.67,0,41.0,0,-5.0,-4.0,-17.0,0,12001.0,12.0,-1.0,11.0,-0.39,4725.21,0.28
20200826,4761.7186,4786.4249,4689.881,4706.1302,-37.59,-1,-73.7,-66.5,-205.37,-1.38,-1,38.0,0,-3.0,-2.0,-16.0,0,9009.0,9.0,-9.0,0.0,-0.95,4726.57,-0.16
20200827,4718.062,4731.9351,4679.3623,4731.3451,17.16,0,54.75,-43.51,-136.99,-0.67,0,40.0,0,2.0,-6.0,-14.0,0,10002.0,10.0,-2.0,8.0,-0.45,4730.33,0.01
20200828,4727.292,4850.4884,4719.3526,4844.2652,123.7,1,106.54,87.59,56.14,0.51,1,51.0,1,11.0,10.0,0.0,1,23000.0,23.0,-0.0,23.0,0.43,4737.79,0.81
20200831,4870.9337,4901.2115,4816.2123,4816.2153,75.0,0,-48.7,112.59,85.28,-0.05,0,45.0,0,-6.0,7.0,0.0,0,14000.0,14.0,-0.0,14.0,-0.02,4740.03,0.58
20200901,4803.3922,4842.135,4791.7829,4842.1223,102.3,0,27.3,85.14,73.39,0.24,0,46.0,0,1.0,6.0,6.0,0,19000.0,19.0,-0.0,19.0,0.28,4743.35,0.75
20200902,4859.0754,4863.5509,4797.5204,4843.887,89.44,0,-12.86,-34.26,28.77,0.08,0,45.0,0,-1.0,-6.0,-1.0,0,21002.0,21.0,-2.0,19.0,0.3,4746.69,0.74
20200903,4841.502,4877.0117,4800.0577,4817.0952,51.49,-1,-37.95,-23.51,15.38,-0.32,-1,35.0,-1,-10.0,-10.0,-6.0,-1,15001.0,15.0,-1.0,14.0,0.05,4749.4,0.51
20200904,4737.2368,4778.203,4726.5559,4770.219,2.71,-1,-48.78,-99.59,40.3,-0.8,-1,18.0,-1,-17.0,-28.0,-20.0,-1,8001.0,8.0,-1.0,7.0,-0.31,4752.52,0.13
20200907,4759.5213,4789.3031,4655.56,4669.3677,-119.94,-1,-122.65,-209.38,-137.1,-2.01,-1,5.0,-1,-13.0,-40.0,-35.0,-1,1009.0,1.0,-9.0,-8.0,-1.09,4749.74,-0.61
20200908,4683.8256,4707.8966,4639.0531,4694.3894,-86.7,0,33.24,-138.19,-210.4,-1.47,0,-1.0,-1,-6.0,-36.0,-52.0,0,1010.0,1.0,-10.0,-9.0,-1.07,4750.37,-0.42
20200909,4634.247,4645.1972,4558.0304,4584.5887,-202.76,-1,-116.06,-205.47,-277.76,-2.54,-1,-12.0,-1,-11.0,-30.0,-57.0,-1,26.0,0.0,-26.0,-26.0,-1.97,4747.22,-1.23
20200910,4632.0994,4647.7505,4572.2058,4581.9775,-202.57,0,0.19,-82.63,-304.87,-2.3,0,-17.0,-1,-5.0,-22.0,-63.0,0,25.0,0.0,-25.0,-25.0,-1.83,4744.53,-1.23
20200911,4572.2572,4630.8842,4563.1061,4627.2826,-129.21,0,73.36,-42.51,-218.65,-1.31,1,-12.0,0,5.0,-11.0,-57.0,1,3014.0,3.0,-14.0,-11.0,-0.96,4740.67,-0.86
20200914,4652.0539,4666.9862,4625.9877,4651.0507,-88.37,1,40.84,114.39,-139.86,-0.76,1,-15.0,0,-3.0,-3.0,-50.0,0,5010.0,5.0,-10.0,-5.0,-0.54,4732.46,-0.62
20200915,4649.4472,4691.4997,4630.5374,4688.4826,-40.75,1,47.62,161.82,-43.46,-0.19,1,-15.0,0,0.0,2.0,-33.0,0,5006.0,5.0,-6.0,-1.0,-0.25,4726.24,-0.29
20200916,4683.006,4690.6815,4638.4586,4657.3584,-54.37,0,-13.62,74.84,65.57,-0.31,0,-15.0,0,0.0,-3.0,-20.0,0,5008.0,5.0,-8.0,-3.0,-0.31,4722.08,-0.49
20200917,4642.0542,4664.9491,4601.639,4632.7142,-56.36,0,-1.99,32.01,30.34,-0.31,0,-12.0,0,3.0,3.0,-11.0,0,8008.0,8.0,-8.0,0.0,-0.13,4719.76,-0.66
20200918,4636.6422,4737.8039,4631.7045,4737.0887,47.88,1,104.24,88.63,250.64,0.81,1,-9.0,0,3.0,6.0,3.0,0,10006.0,10.0,-6.0,4.0,0.11,4720.67,0.12
20200921,4750.7481,4752.9799,4688.7199,4691.4281,6.23,0,-41.65,60.6,208.8,0.3,0,-18.0,-1,-9.0,-3.0,-1.0,0,3006.0,3.0,-6.0,-3.0,-0.25,4717.45,-0.2
20200922,4654.2179,4706.2096,4622.1111,4635.7608,-60.37,0,-66.6,-4.01,68.84,-0.42,-1,-20.0,0,-2.0,-8.0,-8.0,0,1007.0,1.0,-7.0,-6.0,-0.38,4711.14,-0.57
20200923,4639.6592,4665.96,4623.5528,4652.3273,-30.42,0,29.95,-78.3,57.95,-0.07,0,-25.0,-1,-5.0,-16.0,-10.0,0,2003.0,2.0,-3.0,-1.0,-0.09,4708.45,-0.43
20200924,4623.9535,4631.9482,4562.2086,4563.0657,-128.37,-1,-97.95,-134.6,-87.62,-1.09,-1,-30.0,-1,-5.0,-12.0,-15.0,-1,7.0,0.0,-7.0,-7.0,-0.39,4700.03,-1.04
20200925,4582.482,4599.5387,4554.7199,4570.0216,-115.8,0,12.57,-55.43,-61.43,-0.85,0,-35.0,-1,-5.0,-15.0,-20.0,-1,1005.0,1.0,-5.0,-4.0,-0.14,4686.32,-0.88
20200928,4582.6471,4613.6324,4571.1507,4581.9085,-110.6,0,5.2,-80.18,-54.24,-0.72,0,-35.0,0,0.0,-10.0,-23.0,0,6.0,0.0,-6.0,-6.0,-0.2,4674.61,-0.7
20200929,4608.2926,4616.6767,4586.3537,4591.7993,-73.85,1,36.75,54.52,-121.73,-0.27,1,-26.0,1,9.0,4.0,-17.0,1,2002.0,2.0,-2.0,0.0,0.2,4662.09,-0.53
20200930,4607.5753,4634.7239,4563.4108,4587.3953,-69.81,1,4.04,45.99,-76.04,-0.2,1,-17.0,1,9.0,18.0,1.0,1,4004.0,4.0,-4.0,0.0,0.26,4649.27,-0.47
20201009,4663.61,4695.4041,4655.0851,4681.1412,46.9,1,116.71,157.5,107.27,1.04,1,-2.0,1,15.0,33.0,18.0,1,12001.0,12.0,-1.0,11.0,0.9,4642.47,0.29
20201012,4705.1883,4823.2666,4704.1554,4823.1578,191.84,1,144.94,265.69,222.26,2.46,1,6.0,1,8.0,32.0,31.0,1,26001.0,26.0,-1.0,25.0,1.65,4645.12,1.35
20201013,4812.8989,4845.9191,4795.373,4839.201,191.0,0,-0.84,260.81,319.37,2.22,0,20.0,1,14.0,37.0,50.0,1,31001.0,31.0,-1.0,30.0,1.83,4653.61,1.41
20201014,4830.4575,4830.4575,4795.9069,4807.1021,129.84,0,-61.16,82.94,245.64,1.37,0,23.0,0,3.0,25.0,58.0,0,23001.0,23.0,-1.0,22.0,1.28,4659.24,1.12
20201015,4810.7821,4833.8925,4796.2647,4798.7361,101.45,-1,-28.39,-90.39,212.05,0.94,-1,22.0,0,-1.0,16.0,57.0,0,17001.0,17.0,-1.0,16.0,0.82,4669.95,0.98
20201016,4798.9162,4825.5518,4765.967,4791.676,90.34,0,-11.11,-100.66,164.19,0.73,-1,13.0,-1,-9.0,-7.0,39.0,-1,18001.0,18.0,-1.0,17.0,0.75,4680.43,0.84
20201019,4823.4944,4849.605,4747.3356,4755.4879,31.17,-1,-59.17,-98.67,100.98,0.04,-1,10.0,0,-3.0,-13.0,27.0,0,8004.0,8.0,-4.0,4.0,-0.04,4686.85,0.52
20201020,4751.3694,4793.4672,4739.4583,4793.4672,65.34,0,34.17,-36.11,18.44,0.4,0,9.0,0,-1.0,-13.0,11.0,0,13002.0,13.0,-2.0,11.0,0.32,4693.97,0.75
20201021,4801.6313,4801.6313,4758.8552,4792.8284,39.63,0,-25.71,-50.71,-152.21,0.09,0,10.0,0,1.0,-3.0,4.0,0,15004.0,15.0,-4.0,11.0,0.28,4699.18,0.71
20201022,4780.5954,4791.8078,4725.4993,4777.9845,6.48,-1,-33.15,-24.69,-184.52,-0.27,-1,4.0,-1,-6.0,-6.0,-16.0,-1,9006.0,9.0,-6.0,3.0,-0.19,4705.21,0.55
20201023,4775.4665,4802.456,4717.0984,4718.4881,-68.69,-1,-75.17,-134.03,-198.53,-1.03,-1,-3.0,-1,-7.0,-12.0,-26.0,-1,5011.0,5.0,-11.0,-6.0,-0.69,4709.5,0.07
20201026,4684.0465,4713.3945,4639.3019,4691.2359,-73.24,-1,-4.55,-112.87,-174.69,-0.98,0,-3.0,0,0.0,-13.0,-25.0,0,3013.0,3.0,-13.0,-10.0,-0.88,4707.21,-0.12
20201027,4680.1371,4708.4623,4671.8536,4699.2792,-42.64,0,30.6,-49.12,-132.98,-0.56,0,-6.0,0,-3.0,-10.0,-19.0,0,5004.0,5.0,-4.0,1.0,-0.26,4707.6,-0.06
20201028,4703.0036,4753.3125,4685.6012,4737.2718,-0.95,1,41.69,67.74,-32.12,-0.07,1,3.0,1,9.0,6.0,-7.0,1,9006.0,9.0,-6.0,3.0,-0.17,4712.68,0.19
20201029,4683.607,4803.0317,4679.2529,4772.9198,28.33,1,29.28,101.57,-37.01,0.24,1,3.0,0,0.0,6.0,-6.0,0,23005.0,23.0,-5.0,18.0,0.63,4718.71,0.41
20201030,4776.4726,4778.5089,4683.4719,4695.3338,-51.54,-1,-79.87,-8.9,-91.17,-0.62,-1,8.0,1,5.0,14.0,-2.0,1,11007.0,11.0,-7.0,4.0,-0.2,4725.32,-0.23
20201102,4702.7457,4738.0239,4695.4436,4720.8313,-16.65,0,34.89,-15.7,-23.13,-0.19,0,17.0,1,9.0,14.0,13.0,1,23014.0,23.0,-14.0,9.0,0.05,4732.86,-0.09
20201103,4743.1742,4793.3963,4734.1748,4777.5608,49.82,1,66.47,21.49,118.51,0.52,1,25.0,1,8.0,22.0,28.0,1,24004.0,24.0,-4.0,20.0,0.61,4742.64,0.26
20201104,4781.448,4825.4638,4770.5582,4813.6564,71.76,1,21.94,123.3,145.0,0.7,1,40.0,1,15.0,32.0,43.0,1,28006.0,28.0,-6.0,22.0,0.66,4753.74,0.45
20201105,4861.3377,4885.1118,4837.9996,4885.1118,147.22,1,75.46,163.87,189.86,1.42,1,53.0,1,13.0,36.0,59.0,1,30004.0,30.0,-4.0,26.0,0.81,4768.62,0.88
20201106,4897.6295,4897.6295,4845.4293,4885.7178,124.43,0,-22.79,74.61,125.38,1.05,0,63.0,1,10.0,38.0,60.0,1,27004.0,27.0,-4.0,23.0,0.61,4778.85,0.81
20201109,4918.8609,4997.8017,4918.8609,4981.3497,228.33,1,103.9,156.57,200.0,2.04,1,72.0,1,9.0,32.0,69.0,1,38003.0,38.0,-3.0,35.0,1.27,4786.76,1.48
20201110,4995.4126,4995.4126,4928.9319,4953.8756,171.65,0,-56.68,24.43,223.19,1.25,0,67.0,0,-5.0,14.0,59.0,0,37001.0,37.0,-1.0,36.0,1.31,4792.5,1.22
20201111,4937.7582,4957.5846,4901.7067,4904.8981,96.29,-1,-75.36,-28.14,112.94,0.34,-1,60.0,-1,-7.0,-3.0,43.0,-1,24004.0,24.0,-4.0,20.0,0.39,4797.39,0.82
20201112,4916.7736,4926.3422,4891.51,4908.463,100.3,0,4.01,-128.03,50.48,0.35,0,63.0,0,3.0,-9.0,38.0,0,27003.0,27.0,-3.0,24.0,0.6,4802.87,0.8
20201113,4886.9778,4886.9778,4825.7578,4856.8513,59.34,-1,-40.96,-112.31,-12.42,-0.11,-1,72.0,1,9.0,5.0,32.0,0,21004.0,21.0,-4.0,17.0,0.2,4806.13,0.38
20201116,4880.958,4904.1716,4848.6239,4904.1716,107.9,0,48.56,11.61,-39.32,0.41,0,70.0,0,-2.0,10.0,17.0,0,28004.0,28.0,-4.0,24.0,0.54,4813.56,0.69
20201117,4903.12,4909.2902,4865.3942,4894.786,83.3,0,-24.6,-17.0,-41.13,0.11,0,68.0,0,-2.0,5.0,5.0,0,25004.0,25.0,-4.0,21.0,0.34,4818.63,0.58
20201118,4889.6749,4911.0876,4870.7162,4891.6716,70.22,0,-13.08,10.88,-158.11,-0.04,0,66.0,0,-2.0,-6.0,-6.0,0,17006.0,17.0,-6.0,11.0,-0.23,4823.57,0.52
20201119,4880.9224,4939.7911,4870.2005,4927.9891,98.33,0,28.11,-9.57,-73.32,0.26,0,68.0,0,2.0,-2.0,1.0,0,17003.0,17.0,-3.0,14.0,-0.09,4831.07,0.74
20201120,4928.2223,4947.4297,4922.5895,4943.2882,117.55,1,19.22,34.25,21.26,0.44,1,69.0,0,1.0,1.0,9.0,0,19002.0,19.0,-2.0,17.0,0.01,4842.31,0.77
20201123,4954.5987,5029.6515,4940.4494,5005.0273,164.23,1,46.68,94.01,63.93,0.88,1,78.0,1,9.0,12.0,15.0,1,31003.0,31.0,-3.0,28.0,0.54,4858.0,1.12
20201124,4997.0485,5001.0614,4960.9817,4974.2855,129.65,0,-34.58,31.32,70.31,0.44,0,79.0,0,1.0,11.0,7.0,0,29003.0,29.0,-3.0,26.0,0.35,4871.75,0.78
20201125,4992.7466,5004.7732,4910.7,4910.7,36.13,-1,-93.52,-81.42,-71.77,-0.58,-1,68.0,-1,-11.0,-1.0,-2.0,-1,9006.0,9.0,-6.0,3.0,-0.97,4880.42,0.23
20201126,4908.3208,4925.2857,4867.8153,4919.5912,35.07,0,-1.06,-129.16,-48.23,-0.54,0,64.0,-1,-4.0,-14.0,-4.0,-1,11005.0,11.0,-5.0,6.0,-0.76,4887.76,0.24
20201127,4930.5928,4980.765,4917.3479,4980.765,95.94,0,60.87,-33.71,25.72,0.15,0,62.0,0,-2.0,-17.0,-4.0,0,15001.0,15.0,-1.0,14.0,-0.33,4902.03,0.6
20201130,4994.1063,5055.192,4960.2519,4960.2519,83.04,0,-12.9,46.91,-15.29,0.0,0,71.0,1,9.0,3.0,3.0,1,16002.0,16.0,-2.0,14.0,-0.35,4914.0,0.35
20201201,4963.1302,5072.5494,4963.1302,5067.0983,177.84,1,94.8,142.77,60.29,0.99,1,72.0,0,1.0,8.0,3.0,0,25000.0,25.0,-0.0,25.0,0.27,4928.48,1.05
20201202,5072.9755,5090.6084,5043.3091,5067.1447,159.45,0,-18.39,63.51,-4.78,0.71,0,68.0,0,-4.0,6.0,-10.0,0,20000.0,20.0,-0.0,20.0,-0.01,4941.15,0.96
20201203,5065.4531,5072.3046,5033.7887,5057.0603,130.77,0,-28.68,47.73,1.12,0.34,0,59.0,-1,-9.0,-12.0,-20.0,-1,14000.0,14.0,-0.0,14.0,-0.32,4949.75,0.81
20201204,5049.5231,5072.3865,5017.8506,5065.9163,127.28,0,-3.49,-50.56,91.15,0.27,0,46.0,-1,-13.0,-26.0,-22.0,-1,12000.0,12.0,-0.0,12.0,-0.4,4958.76,0.81
20201207,5065.7285,5067.8698,5014.609,5022.2351,76.82,-1,-50.46,-82.63,41.75,-0.28,-1,32.0,-1,-14.0,-36.0,-32.0,-1,13001.0,13.0,-1.0,12.0,-0.34,4960.8,0.47
20201208,5029.1063,5043.0605,4998.9218,5009.8786,58.5,-1,-18.32,-72.27,-37.44,-0.45,-1,20.0,-1,-12.0,-39.0,-42.0,-1,8001.0,8.0,-1.0,7.0,-0.54,4963.6,0.35
20201209,5022.3846,5033.6417,4942.5195,4942.6986,-27.06,-1,-85.56,-154.34,-110.1,-1.3,-1,13.0,-1,-7.0,-33.0,-58.0,-1,4002.0,4.0,-2.0,2.0,-0.78,4965.49,-0.17
20201210,4931.2933,4962.7433,4919.7696,4940.5249,-16.04,0,11.02,-92.86,-193.88,-1.06,0,10.0,0,-3.0,-22.0,-62.0,0,7001.0,7.0,-1.0,6.0,-0.5,4967.1,-0.2
20201211,4957.8236,4957.8236,4849.3547,4889.6292,-51.13,-1,-35.09,-109.63,-210.58,-1.33,0,9.0,0,-1.0,-11.0,-59.0,0,8003.0,8.0,-3.0,5.0,-0.52,4968.74,-0.6
20201214,4903.627,4937.2601,4887.6599,4934.8352,0.46,1,51.59,27.52,-130.31,-0.66,1,7.0,0,-2.0,-6.0,-52.0,0,12002.0,12.0,-2.0,10.0,-0.19,4970.27,-0.27
20201215,4931.6019,4954.1885,4904.7926,4945.1,11.11,1,10.65,27.15,-116.17,-0.49,1,10.0,0,3.0,0.0,-36.0,0,9003.0,9.0,-3.0,6.0,-0.38,4972.78,-0.21
20201216,4957.2971,4968.8558,4938.1932,4953.867,2.24,0,-8.87,53.37,-74.58,-0.53,0,7.0,0,-3.0,-2.0,-25.0,0,11002.0,11.0,-2.0,9.0,-0.2,4975.89,-0.17
20201217,4960.729,5021.6171,4950.3713,5017.4784,61.64,1,59.4,61.18,3.14,0.14,1,17.0,1,10.0,10.0,-3.0,1,14001.0,14.0,-1.0,13.0,0.03,4980.37,0.28
20201218,5014.3211,5027.4446,4979.0051,4999.9678,52.36,0,-9.28,41.25,79.42,0.03,0,11.0,0,-6.0,1.0,-2.0,0,11001.0,11.0,-1.0,10.0,-0.12,4983.2,0.13
20201221,4995.7622,5048.5074,4969.999,5046.8396,112.1,1,59.74,109.86,128.14,0.65,1,14.0,0,3.0,7.0,4.0,0,30000.0,30.0,-0.0,30.0,1.02,4985.29,0.47
20201222,5034.9831,5055.1348,4960.9457,4964.7727,-9.78,-1,-121.88,-71.42,41.35,-0.69,-1,14.0,0,0.0,-3.0,5.0,0,16003.0,16.0,-3.0,13.0,0.08,4984.82,-0.15
20201223,4977.2994,5028.4506,4968.1509,5007.1235,52.24,0,62.02,-0.12,51.78,0.03,0,13.0,0,-1.0,2.0,6.0,0,25001.0,25.0,-1.0,24.0,0.65,4989.64,0.13
20201224,5006.0051,5033.038,4979.2371,5000.0154,28.67,0,-23.57,-83.43,17.56,-0.22,0,14.0,0,1.0,0.0,4.0,0,22004.0,22.0,-4.0,18.0,0.28,4993.66,0.05
20201225,4985.7695,5042.0978,4973.6812,5042.0137,81.78,1,53.11,91.56,79.54,0.36,1,18.0,1,4.0,4.0,11.0,1,33001.0,33.0,-1.0,32.0,1.03,4996.72,0.34
20201228,5042.9432,5089.3447,5037.8582,5064.4147,81.58,0,-0.2,29.34,19.94,0.32,0,24.0,1,6.0,11.0,7.0,1,31000.0,31.0,-0.0,31.0,0.92,5001.93,0.47
20201229,5071.449,5077.4167,5034.3078,5042.9361,36.98,0,-44.6,8.31,-15.38,-0.18,0,24.0,0,0.0,10.0,13.0,0,16000.0,16.0,-0.0,16.0,0.09,5000.72,0.32
20201230,5037.9848,5113.7105,5036.6288,5113.7105,105.78,1,68.8,24.0,-6.32,0.56,1,42.0,1,18.0,24.0,28.0,1,29000.0,29.0,-0.0,29.0,0.81,5003.05,0.84
20201231,5122.4799,5215.6178,5122.4799,5211.2885,197.32,1,91.54,115.74,207.1,1.46,1,58.0,1,16.0,34.0,44.0,1,41000.0,41.0,-0.0,41.0,1.42,5010.76,1.52
20210104,5212.9313,5284.4343,5190.9372,5267.7181,273.06,1,75.74,236.08,220.82,2.12,1,66.0,1,8.0,42.0,53.0,1,70000.0,70.0,-0.0,70.0,2.92,5020.85,1.87
20210105,5245.8355,5368.5049,5234.3775,5368.5049,339.33,1,66.27,233.55,310.66,2.61,1,75.0,1,9.0,33.0,61.0,1,87003.0,87.0,-3.0,84.0,3.51,5038.17,2.51
20210106,5386.5144,5433.4694,5341.4304,5417.6677,341.48,0,2.15,144.16,259.7,2.38,0,81.0,1,6.0,23.0,63.0,1,84000.0,84.0,-0.0,84.0,3.29,5058.56,2.72
20210107,5428.3944,5513.6568,5413.3526,5513.6568,393.9,1,52.42,120.84,312.32,2.7,1,87.0,1,6.0,21.0,63.0,1,85000.0,85.0,-0.0,85.0,3.11,5087.1,3.24
20210108,5526.2876,5547.4733,5442.6939,5495.4306,348.57,0,-45.33,9.24,311.59,1.97,-1,86.0,0,-1.0,11.0,62.0,0,79000.0,79.0,-0.0,79.0,2.56,5114.85,2.89
20210111,5504.2358,5555.6916,5412.5046,5441.1583,250.08,-1,-98.49,-91.4,144.3,0.75,-1,69.0,-1,-17.0,-12.0,27.0,-1,66000.0,66.0,-0.0,66.0,1.64,5142.42,2.27
20210112,5419.4996,5596.3525,5417.6272,5596.3525,368.51,0,118.43,-25.39,171.19,1.92,0,74.0,0,5.0,-13.0,16.0,0,83000.0,83.0,-0.0,83.0,2.4,5175.5,3.19
20210113,5609.2637,5644.7195,5535.1435,5577.9711,316.34,0,-52.17,-32.23,43.28,1.19,0,73.0,0,-1.0,-13.0,7.0,0,68000.0,68.0,-0.0,68.0,1.36,5207.14,2.81
20210114,5556.2125,5568.0179,5458.6818,5470.4563,198.26,-1,-118.08,-51.82,-141.07,-0.16,-1,59.0,-1,-14.0,-10.0,-16.0,-1,42003.0,42.0,-3.0,39.0,-0.39,5232.97,1.8
20210115,5471.391,5500.6348,5390.2737,5458.0812,166.88,-1,-31.38,-201.63,-174.6,-0.47,-1,49.0,-1,-10.0,-25.0,-32.0,-1,34004.0,34.0,-4.0,30.0,-0.95,5255.0,1.54
20210118,5438.1618,5541.4613,5410.775,5518.5205,233.3,0,66.42,-83.04,-160.6,0.27,0,49.0,0,0.0,-24.0,-38.0,0,49003.0,49.0,-3.0,46.0,-0.14,5280.93,1.8
20210119,5525.969,5532.4793,5415.7166,5437.5234,129.84,-1,-103.46,-68.42,-218.73,-0.84,-1,44.0,-1,-5.0,-15.0,-42.0,-1,35003.0,35.0,-3.0,32.0,-0.95,5300.47,1.04
20210120,5439.9111,5496.0493,5426.5357,5476.4336,177.74,0,47.9,10.86,-72.34,-0.26,0,44.0,0,0.0,-5.0,-25.0,0,45003.0,45.0,-3.0,42.0,-0.46,5326.05,1.14
20210121,5492.9587,5593.1058,5490.5626,5564.9693,249.28,1,71.54,15.98,-119.23,0.52,1,44.0,0,0.0,-5.0,-30.0,0,55002.0,55.0,-2.0,53.0,0.09,5353.94,1.6
20210122,5562.379,5573.6594,5513.8769,5569.776,231.07,0,-18.21,101.23,-85.27,0.28,0,41.0,0,-3.0,-3.0,-32.0,0,66002.0,66.0,-2.0,64.0,0.59,5382.43,1.42
20210125,5564.1237,5655.4795,5543.2663,5625.9232,239.38,0,8.31,61.64,41.12,0.34,0,40.0,0,-1.0,-4.0,-19.0,0,76004.0,76.0,-4.0,72.0,0.94,5411.62,1.63
20210126,5600.9017,5600.9017,5505.9962,5512.9678,110.02,-1,-129.36,-139.26,-56.86,-1.05,-1,15.0,-1,-25.0,-29.0,-34.0,-1,44004.0,44.0,-4.0,40.0,-0.93,5434.05,0.6
20210127,5505.7708,5534.9928,5449.6385,5528.0034,122.49,0,12.47,-108.58,-110.81,-0.82,0,7.0,-1,-8.0,-34.0,-42.0,-1,49001.0,49.0,-1.0,48.0,-0.56,5458.31,0.53
20210128,5450.3695,5462.2352,5360.3766,5377.1427,-59.1,-1,-181.59,-298.48,-188.94,-2.64,-1,-11.0,-1,-18.0,-51.0,-55.0,-1,16011.0,16.0,-11.0,5.0,-2.96,5471.48,-0.72
20210129,5413.9684,5430.2015,5288.0955,5351.9646,-76.83,-1,-17.73,-186.85,-254.57,-2.57,0,-18.0,-1,-7.0,-33.0,-62.0,-1,15016.0,15.0,-16.0,-1.0,-3.18,5478.51,-0.96
20210201,5356.8535,5422.299,5342.0458,5417.6484,-2.15,0,74.68,-124.64,-251.43,-1.55,0,-21.0,0,-3.0,-28.0,-65.0,0,27011.0,27.0,-11.0,16.0,-2.05,5486.01,-0.52
20210202,5429.7032,5503.2145,5411.5173,5501.0915,87.3,1,89.45,146.4,-143.77,-0.46,1,-17.0,0,4.0,-6.0,-58.0,1,37008.0,37.0,-8.0,29.0,-1.15,5492.64,0.06
20210203,5499.2961,5532.8864,5473.1237,5485.2008,46.24,0,-41.06,123.07,-193.14,-0.85,0,-14.0,0,3.0,4.0,-54.0,0,38019.0,38.0,-19.0,19.0,-1.54,5496.01,-0.08
20210204,5453.9764,5510.0535,5411.5749,5473.9475,-0.4,0,-46.64,1.75,-110.42,-1.26,0,-21.0,0,-7.0,0.0,-36.0,0,35019.0,35.0,-19.0,16.0,-1.51,5494.03,-0.15
20210205,5494.7011,5550.7714,5477.6517,5483.414,-19.72,-1,-19.32,-107.02,-142.21,-1.34,-1,-22.0,0,-1.0,-5.0,-29.0,0,33020.0,33.0,-20.0,13.0,-1.49,5493.43,-0.08
20210208,5506.1423,5576.4908,5479.8529,5564.5618,86.94,1,106.66,40.7,146.04,-0.1,1,-5.0,1,17.0,9.0,6.0,1,47013.0,47.0,-13.0,34.0,-0.2,5499.6,0.49
20210209,5584.165,5686.2502,5555.0537,5686.2502,214.07,1,127.13,214.47,290.9,1.24,1,5.0,1,10.0,26.0,23.0,1,54003.0,54.0,-3.0,51.0,0.87,5504.09,1.38
20210210,5709.684,5823.4219,5707.3295,5807.7191,282.55,1,68.48,302.27,284.7,1.84,1,19.0,1,14.0,41.0,40.0,1,65001.0,65.0,-1.0,64.0,1.63,5515.58,2.22
20210218,5922.0714,5930.9122,5747.6631,5768.3814,244.75,0,-37.8,157.81,157.45,1.27,0,24.0,1,5.0,29.0,41.0,1,59003.0,59.0,-3.0,56.0,1.12,5530.48,1.8
20210219,5734.0193,5787.8871,5667.3209,5778.842,211.4,0,-33.35,-2.67,165.16,0.8,-1,27.0,0,3.0,22.0,41.0,0,47003.0,47.0,-3.0,44.0,0.39,5546.51,1.76
20210222,5785.5097,5785.5097,5597.3327,5597.3327,60.26,-1,-151.14,-222.29,60.66,-0.86,-1,28.0,0,1.0,9.0,49.0,0,34017.0,34.0,-17.0,17.0,-1.07,5550.45,0.36
20210223,5542.6841,5644.7551,5541.1092,5579.6681,21.58,-1,-38.68,-223.17,41.3,-1.18,-1,26.0,0,-2.0,2.0,48.0,0,29023.0,29.0,-23.0,6.0,-1.63,5557.56,0.17
20210224,5591.4795,5598.8284,5379.7278,5437.5683,-126.59,-1,-148.17,-337.99,-213.53,-2.62,-1,13.0,-1,-13.0,-14.0,18.0,-1,9043.0,9.0,-43.0,-34.0,-3.71,5555.62,-0.9
20210225,5494.4706,5527.6296,5444.1646,5469.5584,-93.11,0,33.48,-153.37,-307.18,-2.02,0,7.0,-1,-6.0,-21.0,2.0,-1,23042.0,23.0,-42.0,-19.0,-2.64,5550.85,-0.62
20210226,5343.9041,5416.3197,5318.8579,5336.7609,-223.02,-1,-129.91,-244.6,-505.57,-3.19,-1,1.0,-1,-6.0,-25.0,-18.0,-1,9059.0,9.0,-59.0,-50.0,-4.09,5539.2,-1.54
20210301,5389.2499,5421.555,5345.9449,5418.7837,-108.44,0,114.58,18.15,-353.19,-1.68,1,4.0,0,3.0,-9.0,-20.0,0,12036.0,12.0,-36.0,-24.0,-2.33,5528.84,-0.83
20210302,5453.2847,5454.9687,5305.0545,5349.6301,-154.64,0,-46.2,-61.53,-366.04,-2.01,0,3.0,0,-1.0,-4.0,-24.0,0,10044.0,10.0,-44.0,-34.0,-2.69,5520.67,-1.3
20210303,5327.3467,5452.396,5316.4809,5452.2125,-44.14,1,110.5,178.88,-104.4,-0.66,1,-3.0,-1,-6.0,-4.0,-31.0,-1,16026.0,16.0,-26.0,-10.0,-1.14,5516.88,-0.49
20210304,5388.4785,5392.3725,5254.7771,5280.7058,-208.15,-1,-164.01,-99.71,-229.73,-2.31,-1,-13.0,-1,-10.0,-17.0,-39.0,-1,8063.0,8.0,-63.0,-55.0,-3.55,5512.06,-1.75
20210305,5191.9699,5307.8203,5174.2458,5262.7958,-203.07,0,5.08,-48.43,-76.48,-2.04,0,-18.0,-1,-5.0,-21.0,-31.0,-1,6053.0,6.0,-53.0,-47.0,-2.96,5507.6,-1.86
20210308,5299.7907,5326.2602,5079.7984,5080.0246,-361.66,-1,-158.59,-317.52,-268.55,-3.5,-1,-31.0,-1,-13.0,-28.0,-38.0,-1,2090.0,2.0,-90.0,-88.0,-5.02,5490.72,-3.12
20210309,5066.1546,5094.311,4917.909,4970.9994,-454.32,-1,-92.66,-246.17,-231.3,-4.14,-1,-44.0,-1,-13.0,-31.0,-45.0,-1,2111.0,2.0,-111.0,-109.0,-5.83,5464.22,-3.74
20210310,5047.0589,5055.2785,4981.6161,5003.6121,-385.88,0,68.44,-182.81,-277.44,-3.03,0,-40.0,0,4.0,-22.0,-44.0,0,91.0,0.0,-91.0,-91.0,-4.48,5440.14,-3.31
20210311,5024.5586,5138.4146,5020.5784,5128.2156,-208.62,1,177.26,153.04,-53.98,-0.89,1,-29.0,1,11.0,2.0,-32.0,1,5048.0,5.0,-48.0,-43.0,-1.55,5422.85,-2.23
20210312,5153.674,5153.674,5086.8234,5146.3786,-154.49,1,54.13,299.83,-110.35,-0.24,1,-31.0,0,-2.0,13.0,-28.0,0,9041.0,9.0,-41.0,-32.0,-0.79,5406.0,-1.97
20210315,5116.1228,5120.8757,4992.3989,5035.5441,-247.74,0,-93.25,138.14,-39.59,-1.19,0,-36.0,0,-5.0,4.0,-23.0,0,10076.0,10.0,-76.0,-66.0,-2.46,5379.55,-2.61
20210316,5054.4089,5084.3085,5009.951,5079.3624,-190.62,0,57.12,18.0,12.45,-0.48,0,-32.0,0,4.0,-3.0,-14.0,1,10056.0,10.0,-56.0,-46.0,-1.03,5349.2,-2.05
20210317,5062.7706,5123.5452,5020.1255,5100.8581,-144.0,0,46.62,10.49,217.66,0.06,1,-28.0,1,4.0,3.0,3.0,1,5034.0,5.0,-34.0,-29.0,0.21,5313.86,-1.62
20210318,5114.5872,5160.4566,5111.1294,5141.7681,-81.44,1,62.56,166.3,372.88,0.7,1,-31.0,0,-3.0,5.0,13.0,0,6019.0,6.0,-19.0,-13.0,1.33,5282.53,-1.07
20210319,5068.5319,5089.9175,4980.7609,5007.0907,-197.38,0,-115.94,-6.76,188.5,-0.58,0,-34.0,0,-3.0,-2.0,6.0,0,4038.0,4.0,-38.0,-34.0,0.35,5243.94,-1.8
20210322,5008.3953,5071.3378,4996.541,5057.152,-108.74,0,88.64,35.26,99.88,0.41,0,-36.0,0,-2.0,-8.0,-7.0,0,11026.0,11.0,-26.0,-15.0,1.53,5216.93,-1.21
20210323,5057.0632,5064.02,4966.534,5009.2459,-171.51,0,-62.77,-90.07,-17.02,-0.29,0,-34.0,0,2.0,-3.0,-3.0,0,3035.0,3.0,-35.0,-32.0,0.66,5188.41,-1.36
20210324,4985.4013,5024.3274,4919.8932,4928.6853,-250.86,-1,-79.35,-53.48,-3.12,-1.09,-1,-37.0,0,-3.0,-3.0,-1.0,0,45.0,0.0,-45.0,-45.0,-0.05,5162.97,-1.78
20210325,4904.0683,4950.7608,4883.6615,4926.3469,-215.55,0,35.31,-106.81,-24.93,-0.62,0,-33.0,1,4.0,3.0,-1.0,1,37.0,0.0,-37.0,-37.0,0.46,5135.81,-1.59
20210326,4953.9453,5050.8292,4953.9453,5037.9899,-77.11,1,138.44,94.4,66.89,0.89,1,-29.0,1,4.0,5.0,-1.0,1,4012.0,4.0,-12.0,-8.0,2.0,5120.87,-0.63
20210329,5052.2634,5086.6543,5010.3902,5046.8773,-43.79,1,33.32,207.07,37.65,1.15,1,-23.0,1,6.0,14.0,8.0,1,5009.0,5.0,-9.0,-4.0,2.18,5102.27,-0.42
20210330,5043.0952,5106.0365,5032.795,5094.7291,18.8,1,62.59,234.35,216.18,1.7,1,-14.0,1,9.0,19.0,20.0,1,8004.0,8.0,-4.0,4.0,2.53,5089.53,0.04
20210331,5085.9497,5085.9497,5015.607,5048.3607,-19.96,0,-38.76,57.15,88.78,1.13,0,-17.0,0,-3.0,12.0,19.0,0,4006.0,4.0,-6.0,-2.0,2.16,5069.34,-0.16
20210401,5059.9359,5115.4286,5056.8718,5110.7768,41.52,1,61.48,85.31,213.03,1.67,0,-17.0,0,0.0,6.0,17.0,0,7003.0,7.0,-3.0,4.0,2.33,5060.84,0.38
20210402,5129.8545,5169.8312,5116.3472,5161.5569,66.86,1,25.34,48.06,317.72,1.77,0,-14.0,0,3.0,0.0,23.0,0,16000.0,16.0,-0.0,16.0,2.84,5055.78,0.8
20210406,5178.6401,5181.149,5125.3301,5140.3418,61.08,0,-5.78,81.04,276.63,1.54,0,-17.0,0,-3.0,0.0,16.0,0,10000.0,10.0,-0.0,10.0,2.22,5058.79,0.62
20210407,5141.6556,5141.6556,5065.1932,5103.7428,42.3,0,-18.78,0.78,119.41,1.2,-1,-19.0,0,-2.0,-2.0,10.0,0,8003.0,8.0,-3.0,5.0,1.6,5065.43,0.29
20210408,5078.2627,5129.1318,5062.0725,5112.2086,49.42,0,7.12,-17.44,93.21,1.16,-1,-25.0,-1,-6.0,-11.0,-2.0,-1,12000.0,12.0,-0.0,12.0,1.71,5070.86,0.31
20210409,5100.0422,5100.0422,5022.0926,5035.3374,-21.62,-1,-71.04,-82.7,-40.42,0.31,-1,-24.0,0,1.0,-7.0,-10.0,0,7005.0,7.0,-5.0,2.0,1.0,5066.22,-0.23
20210412,5026.9791,5045.6018,4933.0126,4947.7459,-122.96,-1,-101.34,-165.26,-103.0,-0.78,-1,-28.0,-1,-4.0,-9.0,-11.0,-1,3017.0,3.0,-17.0,-14.0,0.03,5056.29,-0.82
20210413,4949.8074,4994.5404,4924.1979,4939.6438,-118.74,0,4.22,-168.16,-160.26,-0.66,0,-32.0,-1,-4.0,-7.0,-15.0,-1,4015.0,4.0,-15.0,-11.0,0.05,5051.49,-0.85
20210414,4945.6857,4987.1191,4940.2686,4980.6279,-52.1,0,66.64,-30.48,-118.96,0.1,0,-33.0,0,-1.0,-9.0,-19.0,0,6007.0,6.0,-7.0,-1.0,0.49,5046.55,-0.5
20210415,4969.9099,4969.9099,4900.3033,4948.9741,-64.53,0,-12.43,58.43,-125.61,-0.04,0,-28.0,0,5.0,0.0,-11.0,1,5009.0,5.0,-9.0,-4.0,0.25,5038.96,-0.68
20210416,4966.8999,4979.1731,4917.9596,4966.1811,-38.35,0,26.18,80.39,-80.65,0.24,0,-28.0,0,0.0,4.0,-9.0,0,4005.0,4.0,-5.0,-1.0,0.39,5030.18,-0.49
20210419,4966.409,5088.2106,4940.7473,5087.0165,91.68,1,130.03,143.78,42.26,1.57,1,-20.0,1,8.0,13.0,5.0,1,13003.0,13.0,-3.0,10.0,0.89,5034.18,0.4
20210420,5065.7757,5119.8586,5058.9247,5083.3654,83.94,0,-7.74,148.47,105.56,1.34,0,-12.0,1,8.0,16.0,12.0,1,11003.0,11.0,-3.0,8.0,0.71,5035.49,0.36
20210421,5055.2398,5110.5623,5047.9916,5098.7449,94.21,0,10.27,132.56,217.17,1.32,0,-7.0,1,5.0,21.0,21.0,1,22002.0,22.0,-2.0,20.0,1.25,5039.96,0.45
20210422,5114.2799,5119.2246,5067.1382,5089.2435,83.36,-1,-10.85,-8.32,202.1,1.08,-1,-7.0,0,0.0,13.0,25.0,0,17003.0,17.0,-3.0,14.0,0.74,5047.99,0.31
20210423,5088.8263,5149.9825,5086.4914,5135.4534,101.73,1,18.37,17.79,153.83,1.17,0,-8.0,0,-1.0,4.0,25.0,0,19002.0,19.0,-2.0,17.0,0.76,5058.45,0.58
20210426,5156.5941,5181.1066,5072.9585,5077.2372,37.29,-1,-64.44,-56.92,101.82,0.39,-1,-10.0,0,-2.0,-3.0,18.0,0,17002.0,17.0,-2.0,15.0,0.57,5060.41,0.13
20210427,5076.6415,5095.9842,5042.6099,5090.5195,42.12,0,4.83,-41.24,80.47,0.4,0,-15.0,-1,-5.0,-8.0,13.0,-1,21004.0,21.0,-4.0,17.0,0.63,5062.59,0.21
20210428,5073.9728,5119.4455,5059.2628,5119.2421,83.97,0,41.85,-17.76,-7.71,0.8,0,-3.0,1,12.0,5.0,17.0,1,28003.0,28.0,-3.0,25.0,1.03,5063.82,0.42
20210429,5128.2795,5170.5852,5113.6484,5164.1692,120.33,1,36.36,83.04,36.39,1.1,1,1.0,1,4.0,11.0,13.0,1,26002.0,26.0,-2.0,24.0,0.9,5069.61,0.72
20210430,5156.3557,5163.2517,5094.9285,5123.489,74.69,0,-45.64,32.57,-19.52,0.52,0,-7.0,0,-8.0,8.0,0.0,0,23008.0,23.0,-8.0,15.0,0.35,5070.24,0.4
20210506,5098.8006,5132.8986,5037.4083,5061.1244,22.24,-1,-52.45,-61.73,-61.12,-0.08,-1,-16.0,-1,-9.0,-13.0,-9.0,-1,13010.0,13.0,-10.0,3.0,-0.3,5065.22,-0.03
20210507,5073.4554,5093.7471,4996.037,4996.0527,-44.89,-1,-67.13,-165.22,-146.62,-0.77,-1,-18.0,0,-2.0,-19.0,-10.0,0,15021.0,15.0,-21.0,-6.0,-0.78,5058.01,-0.47
20210510,5001.4371,5019.3927,4953.6965,4992.422,-33.25,0,11.64,-107.94,-70.54,-0.58,0,-20.0,0,-2.0,-13.0,-10.0,0,20020.0,20.0,-20.0,0.0,-0.42,5052.44,-0.46
20210511,4956.0794,5033.4938,4925.9152,5023.0595,-27.91,0,5.34,-50.15,-70.03,-0.47,0,-16.0,0,4.0,0.0,-1.0,1,11015.0,11.0,-15.0,-4.0,-0.6,5047.98,-0.19
20210512,5003.8171,5051.1682,4995.4048,5044.5481,9.05,1,36.96,53.94,-74.92,-0.04,1,-10.0,1,6.0,8.0,-7.0,1,20011.0,20.0,-11.0,9.0,0.13,5048.44,-0.03
20210513,4992.3519,5022.0836,4975.4462,4992.9738,-49.98,-1,-59.03,-16.73,-170.31,-0.65,0,0.0,1,10.0,20.0,-1.0,1,13015.0,13.0,-15.0,-2.0,-0.54,5050.7,-0.44
20210514,5007.6286,5112.9838,4981.2948,5110.5901,70.57,1,120.55,98.48,-4.12,0.67,1,10.0,1,10.0,26.0,17.0,1,14004.0,14.0,-4.0,10.0,0.09,5059.25,0.39
20210517,5115.3063,5206.6947,5115.3063,5184.9853,162.91,1,92.34,153.86,140.67,1.58,1,27.0,1,17.0,37.0,43.0,1,28000.0,28.0,-0.0,28.0,1.04,5069.47,0.88
20210518,5190.9345,5201.6721,5156.7924,5187.6013,154.26,0,-8.65,204.24,199.15,1.34,0,27.0,0,0.0,27.0,45.0,0,25000.0,25.0,-0.0,25.0,0.78,5081.4,0.81
20210519,5173.1666,5193.5574,5151.6392,5172.272,125.8,0,-28.46,55.23,159.05,0.91,0,24.0,0,-3.0,14.0,44.0,0,28000.0,28.0,-0.0,28.0,0.87,5091.71,0.61
20210520,5167.0546,5201.5935,5152.0358,5186.412,120.65,-1,-5.15,-42.26,148.56,0.77,-1,28.0,0,4.0,1.0,44.0,0,23000.0,23.0,-0.0,23.0,0.55,5096.68,0.68
20210521,5199.1285,5216.1615,5123.1171,5134.1483,63.53,-1,-57.12,-90.73,54.48,0.1,-1,32.0,1,4.0,5.0,42.0,0,18002.0,18.0,-2.0,16.0,0.12,5099.21,0.26
20210524,5138.8149,5155.5875,5092.3894,5155.5875,79.35,0,15.82,-46.45,129.33,0.25,0,35.0,0,3.0,11.0,35.0,0,23002.0,23.0,-2.0,21.0,0.41,5102.06,0.41
20210525,5165.0361,5324.3609,5161.5238,5318.478,222.91,1,143.56,102.26,152.34,1.73,1,48.0,1,13.0,20.0,38.0,1,42002.0,42.0,-2.0,40.0,1.42,5113.52,1.55
20210526,5326.1169,5344.2837,5308.7389,5320.5927,198.69,0,-24.22,135.16,35.78,1.31,0,55.0,1,7.0,23.0,28.0,1,34002.0,34.0,-2.0,32.0,0.92,5122.78,1.5
20210527,5311.3726,5378.4764,5286.05,5338.2329,212.86,0,14.17,133.51,58.6,1.34,0,53.0,0,-2.0,18.0,26.0,0,34002.0,34.0,-2.0,32.0,0.87,5135.83,1.54
20210528,5338.7278,5360.2774,5288.6515,5321.0886,173.46,-1,-39.4,-49.45,47.66,0.8,-1,55.0,0,2.0,7.0,31.0,0,26003.0,26.0,-3.0,23.0,0.34,5147.35,1.32
20210531,5318.0825,5331.6294,5281.6851,5331.5696,196.86,0,23.4,-1.83,76.21,0.97,0,62.0,1,7.0,7.0,34.0,0,34003.0,34.0,-3.0,31.0,0.78,5157.97,1.32
20210601,5320.4745,5343.7529,5269.259,5341.6798,187.61,0,-9.25,-25.25,124.08,0.78,0,56.0,0,-6.0,3.0,24.0,-1,30001.0,30.0,-1.0,29.0,0.65,5166.85,1.33
20210602,5348.344,5352.6404,5266.7852,5289.9736,108.11,-1,-79.5,-65.35,28.76,-0.13,-1,43.0,-1,-13.0,-12.0,8.0,-1,19001.0,19.0,-1.0,18.0,0.01,5175.17,0.87
20210603,5285.7098,5314.3691,5255.0719,5255.2855,58.68,-1,-49.43,-138.18,-164.23,-0.63,-1,34.0,-1,-9.0,-28.0,-14.0,-1,15001.0,15.0,-1.0,14.0,-0.25,5184.88,0.53
20210604,5228.2761,5334.4899,5221.2291,5282.2772,82.03,0,23.35,-105.58,-116.66,-0.33,0,34.0,0,0.0,-22.0,-21.0,0,26003.0,26.0,-3.0,23.0,0.18,5199.19,0.63
20210607,5284.8907,5286.8424,5242.9481,5277.6271,88.4,0,6.37,-19.71,-124.46,-0.23,0,28.0,-1,-6.0,-15.0,-25.0,-1,20000.0,20.0,-0.0,20.0,-0.05,5213.45,0.49
20210608,5276.9711,5319.0406,5201.1404,5232.1165,38.92,-1,-49.48,-19.76,-134.54,-0.73,-1,21.0,-1,-7.0,-13.0,-34.0,-1,11004.0,11.0,-4.0,7.0,-0.82,5223.9,0.06
20210609,5224.9496,5253.3555,5215.3506,5236.4493,56.84,0,17.92,-25.19,-140.02,-0.47,0,23.0,0,2.0,-11.0,-39.0,0,16004.0,16.0,-4.0,12.0,-0.55,5233.5,0.02
20210610,5236.4691,5299.5299,5229.5182,5271.4661,98.79,1,41.95,10.39,-88.82,0.01,1,18.0,-1,-5.0,-10.0,-38.0,-1,28002.0,28.0,-2.0,26.0,0.18,5247.42,0.18
20210611,5275.7456,5276.1039,5213.5991,5224.703,57.46,0,-41.33,18.54,-50.65,-0.42,0,15.0,0,-3.0,-6.0,-28.0,0,18004.0,18.0,-4.0,14.0,-0.52,5253.13,-0.22
20210615,5218.5648,5225.5021,5137.409,5166.5597,-5.22,-1,-62.68,-62.06,-63.9,-1.04,-1,6.0,-1,-9.0,-17.0,-28.0,-1,16008.0,16.0,-8.0,8.0,-0.81,5252.21,-0.65
20210616,5163.2493,5164.5192,5076.0222,5080.4909,-109.03,-1,-103.81,-207.82,-191.06,-2.02,-1,-8.0,-1,-14.0,-26.0,-42.0,-1,3016.0,3.0,-16.0,-13.0,-1.91,5246.85,-1.26
20210617,5074.3839,5123.3651,5073.8211,5101.8924,-47.91,0,61.12,-105.37,-136.31,-1.19,0,-8.0,0,0.0,-23.0,-36.0,0,12016.0,12.0,-16.0,-4.0,-1.3,5243.33,-1.07
20210618,5104.9297,5128.0309,5064.9208,5102.4657,-20.15,0,27.76,-14.93,-59.07,-0.79,1,-6.0,0,2.0,-12.0,-27.0,0,18014.0,18.0,-14.0,4.0,-0.78,5239.13,-1.04
20210621,5088.0893,5123.7827,5058.5699,5090.3854,-10.58,0,9.57,98.45,-67.42,-0.61,0,-10.0,-1,-4.0,-2.0,-33.0,0,27021.0,27.0,-21.0,6.0,-0.64,5236.95,-1.11
20210622,5106.0743,5125.8186,5086.2776,5122.1583,33.77,1,44.35,81.68,-65.02,-0.09,1,-4.0,1,6.0,4.0,-22.0,1,24010.0,24.0,-10.0,14.0,-0.16,5235.27,-0.86
20210623,5127.191,5171.033,5109.7571,5147.3938,77.65,1,43.88,97.8,20.19,0.38,1,0.0,1,4.0,6.0,-15.0,1,30006.0,30.0,-6.0,24.0,0.46,5226.72,-0.6
20210624,5156.5638,5160.4346,5120.5844,5155.9738,68.03,0,-9.62,78.61,73.25,0.24,0,-2.0,0,-2.0,8.0,-8.0,0,30004.0,30.0,-4.0,26.0,0.59,5218.49,-0.47
20210625,5159.8017,5251.6076,5157.4758,5239.9684,155.35,1,87.32,121.58,264.38,1.13,1,8.0,1,10.0,12.0,16.0,1,34000.0,34.0,-0.0,34.0,1.05,5213.58,0.2
20210628,5253.6081,5260.6372,5226.2201,5251.7604,164.9,1,9.55,87.25,212.81,1.12,0,9.0,0,1.0,9.0,17.0,0,43001.0,43.0,-1.0,42.0,1.45,5210.11,0.32
20210629,5248.5249,5248.5249,5182.6771,5190.5445,101.44,0,-63.46,33.41,121.59,0.35,0,3.0,0,-6.0,5.0,9.0,0,38003.0,38.0,-3.0,35.0,1.04,5203.06,-0.09
20210630,5189.3797,5231.4262,5186.625,5224.041,140.75,0,39.31,-14.6,151.33,0.73,0,4.0,0,1.0,-4.0,14.0,0,46002.0,46.0,-2.0,44.0,1.51,5197.18,0.2
20210701,5241.2039,5252.2642,5190.8762,5229.6642,111.44,0,-29.31,-53.46,77.67,0.35,0,-8.0,-1,-12.0,-17.0,-4.0,-1,37001.0,37.0,-1.0,36.0,1.0,5194.16,0.27
20210702,5186.6613,5186.6613,5074.3621,5081.1172,-27.12,-1,-138.56,-128.56,-104.77,-1.13,-1,-23.0,-1,-15.0,-26.0,-23.0,-1,17008.0,17.0,-8.0,9.0,-0.54,5185.45,-0.79
20210705,5073.7787,5098.2305,5048.004,5085.7924,5.42,0,32.54,-135.33,-62.61,-0.68,0,-30.0,-1,-7.0,-34.0,-28.0,-1,30016.0,30.0,-16.0,14.0,-0.22,5175.63,-0.68
20210706,5089.778,5092.2066,5028.5058,5083.1043,-7.5,0,-12.92,-118.94,-162.85,-0.75,0,-25.0,0,5.0,-17.0,-33.0,0,18012.0,18.0,-12.0,6.0,-0.64,5165.9,-0.63
20210707,5052.4204,5152.7711,5045.4056,5140.4899,82.36,1,89.86,109.48,-82.54,0.26,1,-26.0,0,-1.0,-3.0,-35.0,0,34005.0,34.0,-5.0,29.0,0.61,5161.32,-0.16
20210708,5149.3095,5151.2171,5078.9295,5088.2566,36.87,0,-45.49,31.45,-64.57,-0.24,0,-26.0,0,0.0,4.0,-29.0,0,38016.0,38.0,-16.0,22.0,0.18,5153.91,-0.5
20210709,5063.148,5081.4086,5006.4115,5069.4361,28.09,0,-8.78,35.59,-112.66,-0.31,0,-24.0,0,2.0,1.0,-28.0,0,35018.0,35.0,-18.0,17.0,-0.08,5143.81,-0.56
20210712,5108.3783,5159.4115,5070.3188,5132.7088,108.02,1,79.93,25.66,-3.42,0.56,1,-28.0,-1,-4.0,-2.0,-20.0,0,42010.0,42.0,-10.0,32.0,0.73,5139.21,-0.05
20210713,5128.6138,5154.0508,5114.943,5142.0991,117.21,1,9.19,80.34,144.33,0.6,1,-30.0,0,-2.0,-4.0,-7.0,0,35004.0,35.0,-4.0,31.0,0.61,5137.99,0.03
20210714,5130.7522,5130.7522,5075.1252,5083.0849,46.57,0,-70.64,18.48,41.15,-0.2,0,-32.0,0,-2.0,-8.0,-2.0,0,26011.0,26.0,-11.0,15.0,-0.39,5138.12,-0.42
20210715,5073.2634,5153.8056,5067.6767,5151.4626,111.76,0,65.19,3.74,119.26,0.5,0,-29.0,0,3.0,-1.0,-4.0,0,37004.0,37.0,-4.0,33.0,0.54,5140.6,0.08
20210716,5140.904,5140.904,5090.6321,5094.7727,55.34,0,-56.42,-61.87,-27.02,-0.13,0,-34.0,-1,-5.0,-4.0,-8.0,0,30004.0,30.0,-4.0,26.0,0.07,5140.21,-0.34
20210719,5083.7276,5120.8235,5047.6234,5113.4945,51.05,0,-4.29,4.48,14.18,-0.17,0,-30.0,0,4.0,2.0,-4.0,1,26005.0,26.0,-5.0,21.0,-0.26,5141.37,-0.21
20210720,5080.2158,5114.0033,5067.8619,5108.9941,42.81,0,-8.24,-68.95,14.72,-0.24,0,-35.0,-1,-5.0,-6.0,-11.0,0,24004.0,24.0,-4.0,20.0,-0.33,5140.71,-0.24
20210721,5122.7843,5160.5447,5122.3046,5144.0428,107.2,1,64.39,51.86,-0.82,0.46,1,-34.0,0,1.0,0.0,-6.0,0,42006.0,42.0,-6.0,36.0,0.55,5140.54,0.03
20210722,5150.3859,5171.2096,5137.8795,5151.7517,136.72,1,29.52,85.67,19.51,0.72,1,-47.0,-1,-13.0,-17.0,-17.0,-1,45005.0,45.0,-5.0,40.0,0.74,5140.33,0.09
20210723,5145.4308,5145.4308,5079.9973,5089.2282,65.09,0,-71.63,22.28,18.52,-0.09,0,-50.0,0,-3.0,-15.0,-18.0,0,42013.0,42.0,-13.0,29.0,0.12,5132.79,-0.33
20210726,5067.3072,5067.3072,4859.6031,4925.299,-85.02,-1,-150.11,-192.22,-196.78,-1.66,-1,-58.0,-1,-8.0,-24.0,-29.0,-1,33050.0,33.0,-50.0,-17.0,-2.35,5116.47,-1.45
20210727,4924.2816,4940.86,4749.0327,4751.313,-251.02,-1,-166.0,-387.74,-306.36,-3.23,-1,-79.0,-1,-21.0,-32.0,-45.0,-1,22070.0,22.0,-70.0,-48.0,-3.89,5094.51,-2.6
20210728,4714.2948,4785.6567,4663.9009,4760.4826,-244.5,0,6.52,-309.59,-295.55,-2.86,0,-77.0,0,2.0,-27.0,-47.0,0,12067.0,12.0,-67.0,-55.0,-4.01,5071.33,-2.36
20210729,4845.7603,4857.9709,4800.0125,4850.2746,-88.7,0,155.8,-3.68,-131.51,-0.96,1,-66.0,0,11.0,-8.0,-31.0,1,31046.0,31.0,-46.0,-15.0,-1.56,5052.36,-1.53
20210730,4825.7002,4825.7002,4761.0376,4811.1695,-88.89,0,-0.19,162.13,-196.09,-0.87,0,-59.0,1,7.0,20.0,-25.0,1,35044.0,35.0,-44.0,-9.0,-1.17,5038.86,-1.73
20210802,4794.8192,4938.8154,4761.4593,4933.736,49.48,1,138.37,293.98,-87.24,0.66,1,-49.0,1,10.0,28.0,-2.0,1,46030.0,46.0,-30.0,16.0,0.26,5031.26,-0.74
20210803,4909.2325,4957.0291,4890.8495,4934.4583,8.88,0,-40.6,97.58,-56.21,0.18,0,-55.0,0,-6.0,11.0,-5.0,0,29017.0,29.0,-17.0,12.0,0.01,5023.83,-0.68
20210804,4927.7358,4979.2911,4919.6569,4978.8479,95.17,1,86.29,184.06,180.19,1.06,1,-44.0,1,11.0,15.0,14.0,1,48021.0,48.0,-21.0,27.0,0.88,5015.75,-0.28
20210805,4946.1668,4997.1397,4921.9382,4948.6703,68.48,0,-26.69,19.0,319.5,0.68,0,-41.0,0,3.0,8.0,38.0,0,47018.0,47.0,-18.0,29.0,0.98,5008.77,-0.46
20210806,4943.0427,4944.3486,4891.7968,4921.5647,41.94,0,-26.54,33.06,286.44,0.34,0,-30.0,1,11.0,25.0,47.0,1,42023.0,42.0,-23.0,19.0,0.4,5001.37,-0.61
20210809,4890.2573,5002.8944,4884.0392,4985.5627,98.79,0,56.85,3.62,187.49,0.9,0,-25.0,1,5.0,19.0,41.0,1,40011.0,40.0,-11.0,29.0,0.98,4994.02,-0.06
20210810,4977.8164,5043.7608,4941.2399,5043.148,142.28,1,43.49,73.8,231.17,1.27,1,-15.0,1,10.0,26.0,44.0,1,32002.0,32.0,-2.0,30.0,1.04,4989.07,0.41
20210811,5037.0819,5059.7887,5009.9782,5015.3406,119.28,0,-23.0,77.34,69.8,0.91,0,-9.0,1,6.0,21.0,40.0,1,33004.0,33.0,-4.0,29.0,0.94,4985.68,0.22
20210812,4998.0733,5016.2628,4962.985,4973.3509,82.09,-1,-37.19,-16.7,73.21,0.43,-1,-11.0,0,-2.0,14.0,44.0,0,28007.0,28.0,-7.0,21.0,0.52,4976.78,-0.03
20210813,4958.7577,4993.7432,4921.2812,4945.9829,39.28,-1,-42.81,-103.0,-55.89,-0.06,-1,-9.0,0,2.0,6.0,35.0,0,20010.0,20.0,-10.0,10.0,-0.07,4969.34,-0.18
20210816,4935.9229,4973.3761,4931.3691,4941.0676,20.23,-1,-19.05,-99.05,-48.25,-0.25,-1,-8.0,0,1.0,1.0,33.0,0,17013.0,17.0,-13.0,4.0,-0.36,4960.71,-0.15
20210817,4935.0044,4967.5648,4823.3923,4837.4034,-105.29,-1,-125.52,-187.38,-147.23,-1.54,-1,-11.0,0,-3.0,0.0,19.0,0,8026.0,8.0,-26.0,-18.0,-1.52,4947.13,-0.83
20210818,4838.4706,4909.5409,4818.9013,4894.2384,-28.19,0,77.1,-67.47,-126.98,-0.59,0,-9.0,0,2.0,0.0,16.0,0,14027.0,14.0,-27.0,-13.0,-1.09,4934.64,-0.31
20210819,4886.564,4893.467,4839.5681,4862.1394,-32.41,0,-4.22,-52.64,-174.69,-0.57,0,-14.0,-1,-5.0,-6.0,1.0,-1,12019.0,12.0,-19.0,-7.0,-0.61,4920.16,-0.44
20210820,4817.4937,4835.153,4720.8257,4769.2678,-96.48,0,-64.07,8.81,-215.76,-1.19,0,-3.0,1,11.0,8.0,6.0,1,14036.0,14.0,-36.0,-22.0,-1.33,4904.17,-1.02
20210823,4777.7347,4843.8193,4764.0089,4835.8782,17.28,1,113.76,45.47,-64.81,0.11,1,5.0,1,8.0,14.0,16.0,1,27021.0,27.0,-21.0,6.0,0.22,4899.69,-0.48
20210824,4844.5925,4906.2036,4842.7476,4888.3902,82.19,1,64.91,114.6,42.91,0.78,1,14.0,1,9.0,28.0,23.0,1,33010.0,33.0,-10.0,23.0,0.99,4906.55,-0.14
20210825,4890.5211,4899.7651,4865.7646,4898.1572,102.18,0,19.99,198.66,81.95,0.92,0,18.0,1,4.0,21.0,26.0,0,36008.0,36.0,-8.0,28.0,1.04,4913.43,-0.12
20210826,4892.2044,4892.2044,4798.6954,4801.6094,8.62,-1,-93.56,-8.66,113.91,-0.15,-1,13.0,0,-5.0,8.0,24.0,-1,29021.0,29.0,-21.0,8.0,-0.18,4911.0,-0.83
20210827,4794.974,4863.4692,4793.5908,4827.0433,52.98,0,44.36,-29.21,81.17,0.33,0,19.0,1,6.0,5.0,28.0,0,35019.0,35.0,-19.0,16.0,0.21,4911.79,-0.64
20210830,4847.0348,4849.1598,4787.1999,4813.2703,65.43,0,12.45,-36.75,97.84,0.43,0,21.0,0,2.0,3.0,35.0,0,44026.0,44.0,-26.0,18.0,0.32,4905.77,-0.7
20210831,4803.0854,4821.7564,4740.7524,4805.6099,92.24,1,26.81,83.62,188.72,0.67,1,20.0,0,-1.0,7.0,23.0,0,44031.0,44.0,-31.0,13.0,0.03,4899.33,-0.71
20210901,4804.6863,4906.4024,4763.2992,4869.4587,101.76,1,9.52,48.78,84.48,0.7,1,19.0,0,-1.0,0.0,14.0,0,42019.0,42.0,-19.0,23.0,0.61,4893.86,-0.19
20210902,4865.8218,4892.7049,4845.6246,4869.4113,137.59,1,35.83,72.16,55.4,1.01,1,25.0,1,6.0,4.0,11.0,0,50033.0,50.0,-33.0,17.0,0.3,4889.89,-0.16
20210903,4875.0656,4886.5477,4828.6991,4843.0624,57.85,-1,-79.74,-34.39,-44.33,0.08,-1,22.0,0,-3.0,2.0,4.0,0,36033.0,36.0,-33.0,3.0,-0.45,4885.97,-0.33
20210906,4841.0623,4944.4497,4837.7859,4933.7262,163.78,1,105.93,62.02,155.16,1.18,1,35.0,1,13.0,16.0,22.0,1,43007.0,43.0,-7.0,36.0,1.42,4883.38,0.38
20210907,4932.9759,5005.9606,4915.6119,4992.8294,239.27,1,75.49,101.68,186.29,1.86,1,41.0,1,6.0,16.0,22.0,1,52003.0,52.0,-3.0,49.0,2.11,4880.86,0.85
20210908,4986.7953,5013.9764,4955.8876,4972.1324,208.67,0,-30.6,150.82,143.24,1.36,0,49.0,1,8.0,27.0,28.0,1,52007.0,52.0,-7.0,45.0,1.84,4878.7,0.71
20210909,4952.4924,4970.147,4929.9501,4970.0133,220.02,0,11.35,56.24,127.78,1.35,0,46.0,0,-3.0,11.0,26.0,0,49008.0,49.0,-8.0,41.0,1.55,4878.53,0.69
20210910,4967.9759,5042.7994,4962.3707,5013.5219,223.67,0,3.65,-15.6,121.91,1.26,0,44.0,0,-2.0,3.0,25.0,0,51005.0,51.0,-5.0,46.0,1.73,4881.91,1.0
20210913,5006.7748,5029.7237,4964.9599,4991.6598,199.24,-1,-24.43,-9.43,61.65,0.88,-1,30.0,-1,-14.0,-19.0,5.0,-1,55010.0,55.0,-10.0,45.0,1.56,4884.44,0.81
20210914,4989.8348,5000.9772,4907.3159,4917.1617,84.36,-1,-114.88,-135.66,26.51,-0.4,-1,12.0,-1,-18.0,-34.0,-10.0,-1,36006.0,36.0,-6.0,30.0,0.56,4888.43,0.22
20210915,4903.8471,4903.8471,4843.1158,4867.3187,35.11,-1,-49.25,-188.56,-128.67,-0.88,-1,6.0,-1,-6.0,-38.0,-29.0,-1,32015.0,32.0,-15.0,17.0,-0.27,4887.08,-0.15
20210916,4866.7936,4879.5306,4806.1442,4807.6978,-79.94,-1,-115.05,-279.18,-319.21,-2.0,-1,-2.0,-1,-8.0,-32.0,-43.0,-1,20030.0,20.0,-30.0,-10.0,-1.81,4884.36,-0.58
20210917,4797.1129,4857.958,4786.0876,4855.9402,-41.11,0,38.83,-125.47,-249.78,-1.4,0,-5.0,0,-3.0,-17.0,-54.0,0,20019.0,20.0,-19.0,1.0,-1.25,4888.69,-0.25
20210922,4770.7323,4830.8496,4765.2301,4821.7675,-19.65,0,21.46,-54.76,-239.67,-1.04,0,-3.0,0,2.0,-9.0,-49.0,0,37026.0,37.0,-26.0,11.0,-0.69,4887.99,-0.5
20210923,4848.2223,4877.3359,4837.5571,4853.1957,12.66,1,32.31,92.6,-211.01,-0.61,1,-5.0,0,-2.0,-3.0,-49.0,0,32013.0,32.0,-13.0,19.0,-0.22,4886.23,-0.25
20210924,4845.638,4897.0596,4838.5352,4849.4277,-38.8,0,-51.46,2.31,-238.04,-1.09,0,-5.0,0,0.0,0.0,-35.0,0,23019.0,23.0,-19.0,4.0,-1.01,4883.79,-0.26
20210927,4870.8482,4922.5626,4852.1997,4877.3698,-93.41,-1,-54.61,-73.76,-177.77,-1.56,-1,-9.0,-1,-4.0,-6.0,-21.0,-1,20029.0,20.0,-29.0,-9.0,-1.71,4887.58,-0.08
20210928,4869.0845,4901.3114,4846.6306,4883.828,-57.05,0,36.36,-69.71,-92.16,-1.03,0,0.0,1,9.0,5.0,-6.0,1,21029.0,21.0,-29.0,-8.0,-1.58,4890.42,-0.05
20210929,4846.0212,4868.0678,4799.877,4833.9281,-161.15,-1,-104.1,-122.35,-81.21,-2.02,-1,-3.0,0,-3.0,2.0,-1.0,0,14045.0,14.0,-45.0,-31.0,-2.76,4891.45,-0.44
20210930,4843.9531,4876.0728,4843.9531,4866.3826,-73.71,0,87.44,19.7,-32.6,-0.91,1,-5.0,0,-2.0,4.0,0.0,0,18028.0,18.0,-28.0,-10.0,-1.49,4894.49,-0.21
20211008,4915.7305,4937.0918,4891.6249,4929.9409,-53.81,0,19.9,3.24,-34.16,-0.62,0,-1.0,0,4.0,-1.0,2.0,1,16032.0,16.0,-32.0,-16.0,-1.72,4897.52,0.25
20211011,4941.2918,4983.7294,4930.7132,4936.1918,-55.29,0,-1.48,105.86,-67.95,-0.57,0,-2.0,0,-1.0,1.0,3.0,0,10030.0,10.0,-30.0,-20.0,-1.85,4900.85,0.27
20211012,4920.6596,4925.4883,4840.77,4883.8369,-142.2,-1,-86.91,-68.49,-103.4,-1.43,-1,-3.0,0,-1.0,2.0,2.0,0,7045.0,7.0,-45.0,-38.0,-2.76,4902.89,-0.14
20211013,4880.144,4953.3749,4869.8307,4940.1089,-72.68,0,69.52,-18.87,20.73,-0.56,0,-1.0,0,2.0,0.0,8.0,0,18033.0,18.0,-33.0,-15.0,-1.3,4903.21,0.28
20211014,4934.2575,4953.9231,4903.2498,4913.6123,-64.89,0,7.79,-9.6,-7.84,-0.43,0,1.0,0,2.0,3.0,1.0,0,15027.0,15.0,-27.0,-12.0,-0.95,4899.25,0.11
20211015,4896.5578,4939.8153,4881.0136,4932.1084,-13.12,1,51.77,129.08,148.03,0.15,1,2.0,0,1.0,5.0,5.0,0,24016.0,24.0,-16.0,8.0,0.31,4897.25,0.26
20211018,4922.5137,4922.5137,4844.9383,4874.7753,-14.47,0,-1.35,58.21,59.24,0.12,0,-3.0,-1,-5.0,-2.0,2.0,-1,17007.0,17.0,-7.0,10.0,0.51,4892.49,-0.13
20211019,4869.3907,4928.1433,4868.8106,4922.7232,32.78,1,47.25,97.67,86.59,0.61,1,-3.0,0,0.0,-4.0,-2.0,0,17002.0,17.0,-2.0,15.0,0.89,4887.95,0.26
20211020,4926.7727,4944.0216,4898.3651,4910.1846,17.97,0,-14.81,31.09,73.26,0.39,0,-4.0,0,-1.0,-6.0,-2.0,0,20004.0,20.0,-4.0,16.0,1.03,4883.88,0.2
20211021,4914.7378,4946.1764,4893.8525,4928.0156,13.72,0,-4.25,28.19,155.92,0.31,0,-4.0,0,0.0,-1.0,-1.0,0,10003.0,10.0,-3.0,7.0,0.58,4884.42,0.33
20211022,4934.8698,4989.887,4934.8698,4959.7254,1.81,-1,-11.91,-30.97,74.49,0.16,-1,-2.0,0,2.0,1.0,-1.0,0,9005.0,9.0,-5.0,4.0,0.44,4889.04,0.54
20211025,4940.8962,4981.6499,4930.112,4979.5235,62.05,1,60.24,44.08,126.94,0.77,1,-3.0,0,-1.0,1.0,-4.0,0,17003.0,17.0,-3.0,14.0,0.95,4897.63,0.62
20211026,4983.2383,5002.5746,4953.4787,4963.0984,44.79,0,-17.26,31.07,57.91,0.52,0,-11.0,-1,-8.0,-7.0,-13.0,-1,17003.0,17.0,-3.0,14.0,0.91,4902.99,0.46
20211027,4949.2269,4949.2269,4884.9418,4898.1644,-15.03,-1,-59.82,-16.84,-0.56,-0.16,-1,-19.0,-1,-8.0,-17.0,-16.0,-1,21017.0,21.0,-17.0,4.0,0.36,4906.81,-0.07
20211028,4882.5858,4898.6576,4846.2779,4864.138,-76.67,-1,-61.64,-138.72,-109.45,-0.79,-1,-22.0,0,-3.0,-19.0,-19.0,0,16024.0,16.0,-24.0,-8.0,-0.26,4907.35,-0.33
20211029,4861.2667,4908.7701,4855.7593,4908.7701,6.29,0,82.96,-38.5,-11.68,0.16,0,-16.0,0,6.0,-5.0,-12.0,0,26019.0,26.0,-19.0,7.0,0.6,4910.32,-0.01
20211101,4878.1276,4908.2056,4858.2485,4890.6851,-10.61,0,-16.9,4.42,-24.33,-0.04,0,-21.0,0,-5.0,-2.0,-17.0,0,26023.0,26.0,-23.0,3.0,0.33,4910.99,-0.15
20211102,4886.1849,4911.2266,4797.899,4839.8457,-60.65,0,-50.04,16.02,-62.46,-0.56,0,-25.0,-1,-4.0,-3.0,-23.0,0,27037.0,27.0,-37.0,-10.0,-0.41,4908.79,-0.52
20211103,4835.8093,4858.7133,4804.3657,4821.1119,-63.88,0,-3.23,-70.17,-125.93,-0.54,0,-25.0,0,0.0,-9.0,-22.0,0,15025.0,15.0,-25.0,-10.0,-0.47,4908.15,-0.66
20211104,4841.0912,4873.9394,4834.7433,4868.7419,-18.06,0,45.82,-7.45,-62.85,-0.01,1,-23.0,0,2.0,-2.0,-12.0,0,27021.0,27.0,-21.0,6.0,0.4,4908.27,-0.3
20211105,4858.8999,4889.6835,4841.7442,4842.3458,-81.29,-1,-63.23,-20.64,-66.26,-0.67,0,-25.0,0,-2.0,0.0,-6.0,0,18034.0,18.0,-34.0,-16.0,-0.86,4903.89,-0.47
20211108,4841.1527,4866.0822,4827.6892,4848.1795,-58.3,0,22.99,5.58,18.37,-0.36,0,-28.0,0,-3.0,-3.0,-6.0,0,18025.0,18.0,-25.0,-7.0,-0.38,4899.48,-0.39
20211109,4858.2525,4870.7905,4818.5386,4846.7444,-40.5,0,17.8,-22.44,-46.79,-0.14,0,-19.0,1,9.0,4.0,-3.0,1,18023.0,18.0,-23.0,-5.0,-0.36,4897.63,-0.39
20211110,4832.8006,4832.8006,4753.9959,4821.1925,-81.8,0,-41.3,-0.51,-71.19,-0.56,0,-14.0,1,5.0,11.0,7.0,1,8026.0,8.0,-26.0,-18.0,-1.1,4891.68,-0.53
20211111,4814.7655,4898.6529,4809.1109,4898.6529,0.78,1,82.58,59.08,61.43,0.36,1,-6.0,1,8.0,22.0,19.0,1,12011.0,12.0,-11.0,1.0,-0.04,4890.94,0.06
20211112,4902.9289,4909.0839,4875.3492,4888.3749,1.44,0,0.66,41.94,65.32,0.33,0,-3.0,0,3.0,16.0,22.0,0,14014.0,14.0,-14.0,0.0,-0.08,4888.75,-0.0
20211115,4894.4119,4906.3301,4863.396,4882.3777,-31.93,0,-33.37,49.87,-13.87,-0.05,0,-2.0,0,1.0,12.0,21.0,0,7013.0,7.0,-13.0,-6.0,-0.38,4889.13,-0.05
20211116,4880.8964,4915.3717,4876.5004,4883.3206,-59.57,-1,-27.64,-60.35,21.72,-0.34,-1,-6.0,0,-4.0,0.0,19.0,-1,7018.0,7.0,-18.0,-11.0,-0.59,4887.16,-0.03
20211117,4883.2481,4891.5232,4864.5198,4885.7544,-25.8,0,33.77,-27.24,32.5,0.05,0,-2.0,0,4.0,1.0,26.0,0,9006.0,9.0,-6.0,3.0,0.25,4885.94,-0.0
20211118,4871.4216,4871.4216,4830.4123,4837.6185,-62.16,-1,-36.36,-30.23,-21.66,-0.34,0,5.0,1,7.0,7.0,24.0,1,10003.0,10.0,-3.0,7.0,0.48,4881.42,-0.33
20211119,4832.0595,4892.8093,4829.5665,4890.0575,11.4,1,73.56,70.97,93.2,0.47,1,10.0,1,5.0,16.0,24.0,1,16001.0,16.0,-1.0,15.0,0.91,4877.93,0.09
20211122,4895.3875,4918.9957,4893.2732,4912.399,63.43,1,52.03,89.23,62.65,0.97,1,10.0,0,0.0,12.0,16.0,0,22000.0,22.0,-0.0,22.0,1.29,4874.58,0.29
20211123,4905.7587,4927.5211,4896.8781,4913.3457,52.43,0,-11.0,114.59,50.99,0.76,0,6.0,0,-4.0,1.0,9.0,-1,15000.0,15.0,-0.0,15.0,0.88,4872.09,0.31
20211124,4914.0266,4935.4885,4899.6112,4916.6579,26.81,0,-25.62,15.41,58.74,0.42,-1,1.0,-1,-5.0,-9.0,3.0,-1,15002.0,15.0,-2.0,13.0,0.74,4873.02,0.33
20211125,4917.6055,4921.3333,4891.728,4896.4416,8.69,-1,-18.12,-54.74,68.26,0.19,-1,0.0,0,-1.0,-10.0,6.0,0,16006.0,16.0,-6.0,10.0,0.52,4874.63,0.17
20211126,4886.9516,4886.9516,4850.8114,4860.1265,-31.29,-1,-39.98,-83.72,-5.49,-0.25,-1,-5.0,-1,-5.0,-11.0,-3.0,-1,13003.0,13.0,-3.0,10.0,0.51,4872.2,-0.09
20211129,4820.0053,4858.5322,4818.7058,4851.423,-26.22,0,5.07,-53.03,35.94,-0.17,0,-1.0,0,4.0,-2.0,-6.0,0,19005.0,19.0,-5.0,14.0,0.71,4870.24,-0.14
20211130,4857.183,4871.2528,4810.2192,4832.026,-24.07,0,2.15,-32.76,-35.47,-0.13,0,-4.0,0,-3.0,-4.0,-14.0,0,17004.0,17.0,-4.0,13.0,0.59,4869.84,-0.29
20211201,4831.8885,4844.5242,4823.9254,4843.851,-8.59,1,15.48,22.7,-72.02,0.04,1,-10.0,-1,-6.0,-5.0,-20.0,-1,9005.0,9.0,-5.0,4.0,0.03,4870.98,-0.21
20211202,4839.9137,4866.8505,4830.3228,4856.163,5.42,1,14.01,31.64,-47.01,0.19,1,-11.0,0,-1.0,-10.0,-17.0,0,11005.0,11.0,-5.0,6.0,0.14,4870.35,-0.11
20211203,4856.9802,4901.0175,4853.3505,4901.0175,75.64,1,70.22,99.71,48.83,0.9,1,1.0,1,12.0,5.0,0.0,1,21003.0,21.0,-3.0,18.0,0.74,4873.29,0.21
20211206,4909.4292,4943.9032,4888.6927,4892.6209,36.23,0,-39.41,44.82,27.54,0.4,0,0.0,0,-1.0,10.0,0.0,0,15006.0,15.0,-6.0,9.0,0.17,4875.51,0.13
20211207,4930.8261,4934.0973,4895.2178,4922.1015,56.12,0,19.89,50.7,87.41,0.57,0,8.0,1,8.0,19.0,13.0,1,17006.0,17.0,-6.0,11.0,0.24,4879.28,0.32
20211208,4934.4056,4995.9298,4915.7898,4995.9298,128.4,1,72.28,52.76,154.62,1.28,1,12.0,1,4.0,11.0,13.0,1,20000.0,20.0,-0.0,20.0,0.65,4888.01,0.82
20211209,5000.6871,5114.5012,4999.4097,5078.6901,183.38,1,54.98,147.15,207.45,1.73,1,20.0,1,8.0,20.0,24.0,1,24000.0,24.0,-0.0,24.0,0.81,4897.01,1.38
20211210,5046.2677,5060.0554,5035.8087,5055.1172,147.37,0,-36.01,91.25,155.96,1.19,0,20.0,0,0.0,12.0,30.0,0,17000.0,17.0,-0.0,17.0,0.36,4905.35,1.14
20211213,5090.0207,5143.841,5079.7276,5083.8007,169.67,0,22.3,41.27,164.25,1.31,0,20.0,0,0.0,8.0,31.0,0,23002.0,23.0,-2.0,21.0,0.51,4915.42,1.28
20211214,5066.3497,5075.2138,5038.8583,5049.6953,103.87,-1,-65.8,-79.51,28.23,0.49,-1,20.0,0,0.0,0.0,19.0,0,16001.0,16.0,-1.0,15.0,0.09,4923.74,0.96
20211215,5036.284,5060.368,5003.7776,5005.8991,53.53,-1,-50.34,-93.84,17.3,-0.08,-1,16.0,-1,-4.0,-4.0,16.0,-1,10006.0,10.0,-6.0,4.0,-0.54,4929.75,0.58
20211216,5006.6105,5034.7321,4987.2247,5034.7321,100.38,0,46.85,-69.29,44.26,0.42,0,8.0,-1,-8.0,-12.0,0.0,-1,15003.0,15.0,-3.0,12.0,-0.09,4939.6,0.72
20211217,5021.3385,5022.1067,4954.7592,4954.7599,3.08,-1,-97.3,-100.79,-125.32,-0.64,-1,12.0,0,4.0,-8.0,0.0,0,7007.0,7.0,-7.0,0.0,-0.74,4942.84,0.09
20211220,4934.9662,4971.6727,4872.6846,4880.4178,-93.25,-1,-96.33,-146.78,-276.63,-1.59,-1,5.0,-1,-7.0,-11.0,-15.0,-1,6022.0,6.0,-22.0,-16.0,-1.55,4941.24,-0.46
20211221,4876.5141,4917.7994,4872.9491,4913.4853,-27.33,0,65.92,-127.71,-174.7,-0.75,0,5.0,0,0.0,-3.0,-15.0,0,7016.0,7.0,-16.0,-9.0,-1.08,4941.25,-0.21
20211222,4924.5771,4936.6731,4903.1652,4914.4544,-17.13,0,10.2,-20.21,-186.8,-0.57,0,9.0,0,4.0,-3.0,-11.0,0,9008.0,9.0,-8.0,1.0,-0.47,4941.14,-0.2
20211223,4924.2912,4948.7389,4906.7473,4948.7389,36.45,1,53.58,129.7,-67.42,0.05,1,14.0,1,5.0,9.0,-6.0,1,15010.0,15.0,-10.0,5.0,-0.23,4943.75,0.04
20211224,4953.0616,4964.9064,4905.9785,4921.3449,-5.94,0,-42.39,21.39,-59.47,-0.4,0,14.0,0,0.0,9.0,-2.0,0,13019.0,13.0,-19.0,-6.0,-0.81,4946.81,-0.19
20211227,4918.1462,4939.689,4894.1598,4919.3238,-10.22,0,-4.28,6.91,-110.6,-0.41,0,17.0,0,3.0,8.0,9.0,0,14020.0,14.0,-20.0,-6.0,-0.76,4950.21,-0.23
20211228,4923.6917,4959.1448,4913.5983,4955.9644,17.05,0,27.27,-19.4,13.97,-0.08,0,13.0,0,-4.0,-1.0,1.0,-1,9005.0,9.0,-5.0,4.0,-0.16,4956.41,-0.0
20211229,4958.6455,4958.6455,4883.4804,4883.4804,-52.31,-1,-69.36,-46.37,40.94,-0.8,-1,8.0,-1,-5.0,-6.0,3.0,-1,3009.0,3.0,-9.0,-6.0,-0.7,4958.39,-0.57
20211230,4882.1561,4940.178,4878.6478,4921.5109,4.76,0,57.07,14.98,32.09,-0.13,0,12.0,0,4.0,-5.0,7.0,0,11005.0,11.0,-5.0,6.0,-0.01,4961.65,-0.3
20211231,4937.463,4950.3639,4923.1392,4940.3733,46.09,1,41.33,29.04,63.22,0.32,1,15.0,0,3.0,2.0,6.0,0,17003.0,17.0,-3.0,14.0,0.46,4963.62,-0.18
20220104,4957.9835,4961.4527,4874.5337,4917.7653,-4.54,0,-50.63,47.77,-40.99,-0.24,0,14.0,0,-1.0,6.0,0.0,0,12017.0,12.0,-17.0,-5.0,-0.59,4964.88,-0.36
20220105,4907.9347,4916.2822,4851.9835,4868.1202,-87.47,-1,-82.93,-92.23,-81.53,-1.09,-1,3.0,-1,-11.0,-9.0,-11.0,-1,9033.0,9.0,-33.0,-24.0,-1.58,4962.18,-0.71
20220106,4842.156,4857.5596,4786.433,4818.2318,-100.6,-1,-13.13,-146.69,-90.38,-1.12,0,2.0,0,-1.0,-13.0,-15.0,0,7029.0,7.0,-29.0,-22.0,-1.35,4953.3,-1.02
20220107,4824.3181,4856.6522,4818.1931,4822.3689,-95.97,0,4.63,-91.43,-113.02,-0.97,0,-7.0,-1,-9.0,-21.0,-20.0,-1,10041.0,10.0,-41.0,-31.0,-1.71,4940.48,-0.9
20220110,4812.23,4844.3928,4780.8191,4844.0451,-65.21,1,30.76,22.26,-12.9,-0.55,1,-13.0,-1,-6.0,-16.0,-21.0,-1,14034.0,14.0,-34.0,-20.0,-0.97,4929.93,-0.65
20220111,4840.0087,4850.879,4791.8854,4797.7735,-118.66,-1,-53.45,-18.06,-123.42,-1.06,0,-11.0,0,2.0,-13.0,-23.0,0,10041.0,10.0,-41.0,-31.0,-1.45,4915.62,-0.89
20220112,4818.8902,4852.7314,4810.919,4845.5787,-51.92,1,66.74,44.05,-98.01,-0.26,1,-10.0,0,1.0,-3.0,-25.0,0,10018.0,10.0,-18.0,-8.0,-0.06,4905.42,-0.45
20220113,4853.0314,4853.0632,4765.2416,4765.9191,-138.73,-1,-86.81,-73.52,-134.19,-1.14,-1,-26.0,-1,-16.0,-13.0,-40.0,-1,5032.0,5.0,-32.0,-27.0,-1.07,4893.42,-0.97
20220114,4743.9124,4764.0522,4723.9428,4726.7317,-167.55,-1,-28.82,-48.89,-80.08,-1.34,0,-32.0,-1,-6.0,-21.0,-35.0,-1,2023.0,2.0,-23.0,-21.0,-0.63,4878.02,-1.15
20220117,4728.7595,4775.2385,4726.7083,4767.2762,-100.23,0,67.32,-48.31,0.37,-0.5,0,-29.0,0,3.0,-19.0,-31.0,0,7012.0,7.0,-12.0,-5.0,0.31,4868.65,-0.77
20220118,4766.7811,4826.3003,4747.92,4813.3472,-11.1,1,89.13,127.63,84.87,0.48,1,-30.0,0,-1.0,-4.0,-23.0,0,8003.0,8.0,-3.0,5.0,0.82,4865.29,-0.39
20220119,4815.8106,4828.7522,4755.9301,4780.3784,-61.13,0,-50.03,106.42,4.08,-0.09,0,-31.0,0,-1.0,1.0,-18.0,0,4014.0,4.0,-14.0,-10.0,-0.04,4858.64,-0.59
20220120,4778.2616,4845.0048,4777.5683,4823.5091,-34.62,0,26.51,65.61,84.04,0.19,0,-30.0,0,1.0,-1.0,-19.0,0,9020.0,9.0,-20.0,-11.0,-0.06,4854.09,-0.23
20220121,4808.7733,4818.3052,4762.5641,4779.3142,-101.36,-1,-66.74,-90.26,-49.44,-0.52,-1,-42.0,-1,-12.0,-12.0,-32.0,-1,5022.0,5.0,-22.0,-17.0,-0.34,4845.62,-0.5
20220124,4753.9413,4801.0976,4746.4479,4786.7377,-67.67,0,33.69,-6.54,71.06,-0.12,0,-54.0,-1,-12.0,-23.0,-28.0,-1,2011.0,2.0,-11.0,-9.0,0.13,4838.89,-0.4
20220125,4761.95,4781.3908,4678.2472,4678.4511,-209.91,-1,-142.24,-175.29,-42.36,-1.6,-1,-65.0,-1,-11.0,-35.0,-33.0,-1,23.0,0.0,-23.0,-23.0,-0.63,4826.84,-1.13
20220126,4697.0991,4718.9946,4648.1283,4712.3109,-147.31,0,62.6,-45.95,-47.08,-0.79,0,-75.0,-1,-10.0,-33.0,-46.0,-1,12.0,0.0,-12.0,-12.0,0.05,4814.66,-0.78
20220127,4708.0989,4708.4364,4616.0273,4619.8765,-253.74,-1,-106.43,-186.07,-242.64,-1.83,-1,-79.0,-1,-4.0,-25.0,-49.0,0,31.0,0.0,-31.0,-31.0,-0.97,4801.48,-1.38
20220128,4641.8137,4660.519,4559.8331,4563.772,-299.7,-1,-45.96,-89.79,-238.57,-2.14,-1,-79.0,0,0.0,-14.0,-48.0,0,45.0,0.0,-45.0,-45.0,-1.63,4783.59,-1.67
20220207,4638.5754,4672.6535,4615.0052,4634.0899,-154.97,0,144.73,-7.66,-120.35,-0.42,1,-73.0,1,6.0,2.0,-43.0,1,1026.0,1.0,-26.0,-25.0,-0.37,4768.28,-1.02
20220208,4626.4365,4626.4365,4522.4709,4608.7729,-138.85,1,16.12,114.89,-37.49,-0.21,1,-68.0,1,5.0,11.0,-26.0,1,8039.0,8.0,-39.0,-31.0,-0.64,4752.83,-1.09
20220209,4608.1491,4659.4611,4595.2826,4652.0609,-65.82,1,73.03,233.88,1.85,0.57,1,-65.0,0,3.0,14.0,-11.0,0,9024.0,9.0,-24.0,-15.0,0.26,4742.03,-0.68
20220210,4657.2107,4657.2107,4608.0905,4639.8625,-57.74,1,8.08,97.23,152.17,0.6,1,-60.0,1,5.0,13.0,5.0,1,18036.0,18.0,-36.0,-18.0,0.07,4733.11,-0.71
20220211,4617.8741,4662.5963,4595.8751,4601.3953,-108.33,0,-50.59,30.52,38.98,0.02,0,-70.0,-1,-10.0,-2.0,5.0,0,13041.0,13.0,-41.0,-28.0,-0.51,4722.06,-0.92
20220214,4579.4202,4593.6324,4530.0566,4551.6878,-179.9,-1,-71.57,-114.08,73.84,-0.73,-1,-71.0,0,-1.0,-6.0,8.0,0,5045.0,5.0,-45.0,-40.0,-1.14,4707.44,-1.18
20220215,4553.8112,4601.453,4550.543,4600.1025,-101.1,0,78.8,-43.36,198.6,0.16,0,-61.0,0,10.0,-1.0,18.0,1,12.0,0.0,-12.0,-12.0,0.41,4697.56,-0.74
20220216,4619.8458,4643.1003,4607.2178,4617.9893,-71.72,1,29.38,36.61,83.25,0.45,1,-58.0,0,3.0,12.0,15.0,0,2009.0,2.0,-9.0,-7.0,0.69,4686.18,-0.52
20220217,4616.8955,4650.1591,4606.9522,4629.1649,-46.91,1,24.81,132.99,91.94,0.67,0,-61.0,0,-3.0,10.0,7.0,0,4003.0,4.0,-3.0,1.0,1.07,4679.34,-0.38
20220218,4604.5669,4651.3415,4598.1003,4651.2358,-11.29,1,35.62,89.81,54.53,0.98,1,-61.0,0,0.0,0.0,4.0,0,6004.0,6.0,-4.0,2.0,1.07,4675.57,-0.18
20220221,4646.0522,4646.6724,4613.2971,4634.3141,-16.98,0,-5.69,54.74,40.76,0.83,0,-61.0,0,0.0,-3.0,-1.0,0,8004.0,8.0,-4.0,4.0,1.15,4668.92,-0.26
20220222,4601.9184,4602.066,4550.804,4574.1527,-67.25,-1,-50.27,-20.34,41.08,0.22,-1,-60.0,0,1.0,1.0,10.0,0,8008.0,8.0,-8.0,0.0,0.94,4656.96,-0.63
20220223,4582.0064,4625.2979,4579.2945,4623.0465,8.43,1,75.68,19.72,188.33,0.99,0,-61.0,0,-1.0,0.0,10.0,0,8002.0,8.0,-2.0,6.0,1.24,4649.09,-0.2
20220224,4592.069,4610.8792,4488.4763,4529.3189,-92.52,-1,-100.95,-75.54,8.58,-0.16,-1,-69.0,-1,-8.0,-8.0,-8.0,-1,5008.0,5.0,-8.0,-3.0,0.7,4634.38,-0.8
20220225,4564.6321,4611.8602,4561.8964,4573.4247,-36.45,0,56.07,30.8,35.27,0.44,0,-69.0,0,0.0,-9.0,-11.0,0,6001.0,6.0,-1.0,5.0,1.09,4624.09,-0.38
20220228,4563.7427,4581.6459,4530.6764,4581.6459,-6.22,0,30.23,-14.65,40.69,0.72,0,-69.0,0,0.0,-8.0,-8.0,0,17005.0,17.0,-5.0,12.0,1.44,4613.83,-0.24
20220301,4597.855,4623.4312,4583.917,4619.6862,23.76,1,29.98,116.28,35.05,0.96,1,-71.0,0,-2.0,-2.0,-10.0,0,10000.0,10.0,-0.0,10.0,1.23,4610.9,0.07
20220302,4594.017,4594.017,4558.4416,4578.6007,-1.55,0,-25.31,34.9,15.43,0.61,0,-70.0,0,1.0,-1.0,-9.0,0,8002.0,8.0,-2.0,6.0,0.94,4604.21,-0.19
20220303,4595.0249,4599.3973,4544.4313,4551.6283,-21.95,-1,-20.4,-15.73,45.3,0.33,-1,-84.0,-1,-14.0,-15.0,-24.0,-1,9013.0,9.0,-13.0,-4.0,0.29,4600.8,-0.37
20220304,4513.3636,4539.3925,4481.4927,4496.4301,-70.05,-1,-48.1,-93.81,-78.48,-0.2,-1,-99.0,-1,-15.0,-28.0,-38.0,-1,9016.0,9.0,-16.0,-7.0,0.01,4597.43,-0.77
20220307,4462.5174,4462.5174,4338.3042,4352.7775,-217.7,-1,-147.65,-216.15,-125.18,-1.73,-1,-115.0,-1,-16.0,-45.0,-46.0,-1,6044.0,6.0,-44.0,-38.0,-1.73,4583.36,-1.75
20220308,4361.6424,4383.6467,4252.5386,4265.391,-346.17,-1,-128.47,-324.22,-309.72,-2.91,-1,-140.0,-1,-25.0,-56.0,-71.0,-1,1062.0,1.0,-62.0,-61.0,-2.97,4566.2,-2.28
20220309,4280.9789,4304.482,4068.193,4226.3463,-370.77,0,-24.6,-300.72,-364.55,-2.89,0,-140.0,0,0.0,-41.0,-71.0,0,2078.0,2.0,-78.0,-76.0,-3.65,4544.91,-2.42
20220310,4326.2035,4335.6731,4288.5078,4292.8374,-242.19,0,128.58,-24.49,-265.95,-1.27,1,-135.0,0,5.0,-20.0,-64.0,0,5033.0,5.0,-33.0,-28.0,-0.87,4527.56,-1.78
20220311,4231.1961,4316.044,4176.4522,4306.5217,-200.93,1,41.26,145.24,-199.38,-0.71,1,-138.0,0,-3.0,2.0,-68.0,0,4023.0,4.0,-23.0,-19.0,-0.38,4512.82,-1.56
20220314,4248.1526,4280.3609,4174.7577,4174.7577,-343.11,0,-142.18,27.66,-321.16,-2.13,0,-153.0,-1,-15.0,-13.0,-69.0,0,2061.0,2.0,-61.0,-59.0,-2.62,4493.97,-2.42
20220315,4125.4866,4163.4176,3983.812,3983.812,-576.26,-1,-233.15,-334.07,-506.21,-4.37,-1,-163.0,-1,-10.0,-28.0,-64.0,-1,1143.0,1.0,-143.0,-142.0,-7.01,4463.15,-3.64
20220316,4053.099,4168.5853,3942.861,4156.081,-312.89,0,263.37,-111.96,-95.19,-1.2,0,-142.0,0,21.0,-4.0,-27.0,1,4056.0,4.0,-56.0,-52.0,-1.71,4440.06,-2.15
20220317,4237.6722,4302.7426,4217.8038,4237.6956,-205.94,1,106.95,137.17,140.23,0.04,1,-122.0,1,20.0,31.0,18.0,1,4016.0,4.0,-16.0,-12.0,0.62,4420.49,-1.39
20220318,4218.4736,4283.3679,4194.9402,4265.9017,-141.67,1,64.27,434.59,229.1,0.7,0,-103.0,1,19.0,60.0,37.0,1,5012.0,5.0,-12.0,-7.0,0.93,4401.22,-1.03
20220321,4280.1397,4287.8166,4223.024,4258.7459,-124.66,0,17.01,188.23,117.53,0.82,0,-95.0,1,8.0,47.0,40.0,1,5006.0,5.0,-6.0,-1.0,1.29,4382.44,-0.94
20220322,4252.5658,4283.3344,4236.6888,4255.295,-110.89,0,13.77,95.05,90.04,0.88,0,-99.0,0,-4.0,23.0,39.0,0,7005.0,7.0,-5.0,2.0,1.46,4366.5,-0.84
20220323,4269.6088,4287.5771,4241.957,4276.5174,-86.72,1,24.17,54.95,256.39,1.05,1,-93.0,1,6.0,10.0,60.0,0,4002.0,4.0,-2.0,2.0,1.47,4349.17,-0.55
20220324,4249.5328,4273.9568,4216.8506,4251.3061,-110.23,0,-23.51,14.43,466.03,0.7,-1,-94.0,0,-1.0,1.0,69.0,0,7005.0,7.0,-5.0,2.0,1.46,4335.27,-0.64
20220325,4249.0731,4254.8449,4173.93,4174.5742,-192.71,-1,-82.48,-81.82,120.18,-0.23,-1,-95.0,0,-1.0,4.0,47.0,0,3016.0,3.0,-16.0,-13.0,0.65,4315.33,-1.07
20220328,4128.8379,4174.1206,4091.2978,4148.4663,-183.49,0,9.22,-96.77,22.45,-0.11,0,-95.0,0,0.0,-2.0,27.0,0,4025.0,4.0,-25.0,-21.0,0.28,4293.67,-1.1
20220329,4155.4182,4177.2134,4124.7179,4134.1441,-170.66,0,12.83,-60.43,-28.99,0.04,0,-90.0,1,5.0,4.0,13.0,1,8028.0,8.0,-28.0,-20.0,0.42,4269.39,-1.03
20220330,4162.1666,4254.0989,4160.7351,4254.0989,-36.41,1,134.25,156.3,88.25,1.44,1,-84.0,1,6.0,11.0,11.0,1,8002.0,8.0,-2.0,6.0,1.92,4253.17,0.01
20220331,4234.7159,4247.3602,4214.5352,4222.5968,-75.47,0,-39.06,108.02,35.42,0.89,0,-82.0,0,2.0,13.0,17.0,0,7009.0,7.0,-9.0,-2.0,1.45,4236.71,-0.11
20220401,4198.8191,4290.671,4190.0835,4276.158,-12.12,1,63.35,158.54,74.6,1.47,0,-83.0,0,-1.0,7.0,10.0,0,12007.0,12.0,-7.0,5.0,1.82,4225.7,0.38
20220406,4258.8325,4277.5238,4236.7283,4263.8411,-28.23,0,-16.11,8.18,82.0,1.16,0,-82.0,0,1.0,2.0,12.0,0,17015.0,17.0,-15.0,2.0,1.53,4221.25,0.32
20220407,4240.0237,4278.1127,4205.743,4209.0998,-100.2,-1,-71.97,-24.73,92.51,0.3,-1,-83.0,0,-1.0,-1.0,12.0,0,7018.0,7.0,-18.0,-11.0,0.64,4218.44,-0.07
20220408,4213.2107,4237.8126,4175.5287,4230.7669,-53.32,0,46.88,-41.2,130.17,0.76,0,-85.0,0,-2.0,-2.0,10.0,0,14014.0,14.0,-14.0,0.0,1.06,4218.66,0.09
20220411,4203.7902,4203.7902,4089.0934,4100.0703,-208.05,-1,-154.73,-179.82,-37.39,-0.93,-1,-92.0,-1,-7.0,-10.0,-2.0,-1,8055.0,8.0,-55.0,-47.0,-1.59,4209.02,-0.83
20220412,4102.9711,4179.9727,4075.796,4179.9727,-101.84,0,106.21,-1.64,-65.43,0.27,0,-88.0,0,4.0,-5.0,-4.0,0,7033.0,7.0,-33.0,-26.0,-0.36,4202.7,-0.17
20220413,4154.4121,4194.0374,4139.737,4139.737,-151.34,0,-49.5,-98.02,-75.87,-0.27,0,-84.0,1,4.0,1.0,-2.0,0,7044.0,7.0,-44.0,-37.0,-1.06,4200.94,-0.46
20220414,4172.6443,4217.0612,4155.5509,4191.5684,-69.66,1,81.68,138.39,-57.54,0.61,1,-85.0,0,-1.0,7.0,-2.0,0,12029.0,12.0,-29.0,-17.0,-0.27,4211.33,-0.15
20220415,4162.3718,4211.3174,4152.974,4188.7472,-68.2,0,1.46,33.64,-39.97,0.56,0,-80.0,1,5.0,8.0,2.0,1,9024.0,9.0,-24.0,-15.0,-0.26,4212.97,-0.18
20220418,4152.9306,4171.7427,4119.9941,4166.3844,-63.5,0,4.7,87.84,36.7,0.56,0,-79.0,0,1.0,5.0,4.0,0,6011.0,6.0,-11.0,-5.0,0.3,4209.4,-0.33
20220419,4161.9328,4186.9389,4115.4184,4134.9017,-76.72,-1,-13.22,-7.06,-23.4,0.37,-1,-82.0,0,-3.0,3.0,3.0,0,4010.0,4.0,-10.0,-6.0,0.24,4202.85,-0.52
20220420,4130.5427,4136.1661,4060.5044,4070.7889,-161.67,-1,-84.95,-93.47,46.38,-0.56,-1,-91.0,-1,-9.0,-11.0,1.0,-1,2027.0,2.0,-27.0,-25.0,-0.79,4193.45,-0.93
20220421,4048.7338,4086.4393,3978.3669,3995.83,-263.42,-1,-101.75,-199.92,-161.58,-1.57,-1,-108.0,-1,-17.0,-29.0,-20.0,-1,1043.0,1.0,-43.0,-42.0,-1.64,4180.48,-1.4
20220422,3967.2016,4037.084,3953.7217,4013.2498,-212.63,0,50.79,-135.91,-61.29,-0.89,0,-126.0,-1,-18.0,-44.0,-42.0,-1,1039.0,1.0,-39.0,-38.0,-1.29,4167.32,-1.17
20220425,3933.4459,3958.2102,3814.9127,3814.9127,-452.09,-1,-239.46,-290.42,-382.43,-3.31,-1,-147.0,-1,-21.0,-56.0,-62.0,-1,1093.0,1.0,-93.0,-92.0,-4.12,4145.5,-2.51
20220426,3822.4887,3871.8498,3773.8986,3784.1198,-481.12,-1,-29.03,-217.7,-412.92,-3.3,0,-144.0,0,3.0,-36.0,-64.0,0,103.0,0.0,-103.0,-103.0,-4.5,4125.97,-2.59
20220427,3758.0835,3895.731,3757.0859,3895.5361,-263.95,0,217.17,-51.32,-200.45,-0.71,1,-107.0,1,37.0,19.0,-28.0,1,1041.0,1.0,-41.0,-40.0,-0.82,4113.33,-1.65
20220428,3883.4196,3943.4349,3873.5781,3921.1073,-194.68,1,69.27,257.41,-117.96,0.08,1,-91.0,1,16.0,56.0,-9.0,1,6034.0,6.0,-34.0,-28.0,-0.11,4102.67,-1.38
20220429,3939.6238,4017.4281,3898.5701,4016.241,-44.4,1,150.28,436.72,117.27,1.65,1,-73.0,1,18.0,71.0,18.0,1,5009.0,5.0,-9.0,-4.0,1.3,4090.78,-0.57
20220505,3995.3533,4039.7,3988.9312,4010.2102,-19.15,1,25.25,244.8,244.27,1.75,1,-70.0,0,3.0,37.0,38.0,0,9008.0,9.0,-8.0,1.0,1.57,4080.16,-0.53
20220506,3928.8548,3947.2378,3902.051,3908.815,-143.18,0,-124.03,51.5,69.45,0.29,0,-72.0,0,-2.0,19.0,54.0,0,5021.0,5.0,-21.0,-16.0,0.66,4061.8,-1.16
20220509,3883.9514,3914.1116,3854.9353,3877.4364,-152.66,-1,-9.48,-108.26,299.43,0.16,-1,-68.0,1,4.0,5.0,79.0,0,7023.0,7.0,-23.0,-16.0,0.71,4042.47,-1.25
20220510,3820.6278,3932.6823,3808.5699,3919.8684,-79.29,0,73.37,-60.14,401.83,0.91,0,-58.0,1,10.0,12.0,86.0,1,6008.0,6.0,-8.0,-2.0,1.49,4028.01,-0.82
20220511,3917.9322,4033.3026,3916.5249,3976.4231,-4.02,1,75.27,139.16,259.93,1.62,1,-53.0,1,5.0,19.0,54.0,1,7005.0,7.0,-5.0,2.0,1.71,4015.3,-0.29
20220512,3949.949,3985.9268,3935.5886,3958.74,-21.91,0,-17.89,130.75,172.77,1.27,0,-53.0,0,0.0,15.0,38.0,0,4007.0,4.0,-7.0,-3.0,1.3,4008.23,-0.38
20220513,3983.8201,4003.8539,3957.1392,3988.6002,29.56,1,51.47,108.85,73.96,1.69,1,-45.0,1,8.0,13.0,28.0,1,11004.0,11.0,-4.0,7.0,1.78,3998.66,-0.08
20220516,4014.9955,4018.0283,3947.7461,3956.5378,-1.15,0,-30.71,2.87,18.0,1.21,-1,-37.0,1,8.0,16.0,33.0,1,7004.0,7.0,-4.0,3.0,1.43,3989.5,-0.25
20220517,3961.7605,4005.8934,3955.1018,4005.8934,56.63,1,57.78,78.54,199.81,1.7,1,-35.0,0,2.0,18.0,37.0,0,10003.0,10.0,-3.0,7.0,1.59,3980.22,0.19
20220518,4015.0134,4017.341,3964.7503,3991.9069,36.21,0,-20.42,6.65,188.87,1.32,0,-23.0,1,12.0,22.0,45.0,1,7001.0,7.0,-1.0,6.0,1.48,3970.38,0.16
20220519,3938.2964,3999.5984,3933.7452,3999.5984,58.58,0,22.37,59.73,137.87,1.43,0,-20.0,0,3.0,17.0,38.0,0,18003.0,18.0,-3.0,15.0,1.94,3962.04,0.28
20220520,4020.8162,4077.6016,4020.8162,4077.5998,137.46,1,78.88,80.83,141.48,2.12,1,-13.0,1,7.0,22.0,40.0,0,19001.0,19.0,-1.0,18.0,2.04,3959.17,0.9
20220523,4080.9694,4080.9694,4029.0846,4053.9823,114.6,0,-22.86,78.39,136.51,1.68,0,-15.0,0,-2.0,8.0,38.0,0,18002.0,18.0,-2.0,16.0,1.81,3958.33,0.73
20220524,4052.8675,4055.783,3959.1541,3959.1541,-25.81,-1,-140.41,-84.39,-55.37,0.05,-1,-13.0,0,2.0,7.0,32.0,0,7002.0,7.0,-2.0,5.0,1.04,3956.5,0.02
20220525,3959.7672,3983.6236,3946.8083,3983.1784,30.48,0,56.29,-106.98,31.63,0.63,0,-9.0,1,4.0,4.0,28.0,0,11001.0,11.0,-1.0,10.0,1.19,3954.99,0.21
20220526,3987.6815,4015.7468,3938.2389,3993.0446,68.82,0,38.34,-45.78,12.19,0.97,0,-6.0,0,3.0,9.0,29.0,0,12003.0,12.0,-3.0,9.0,0.84,3963.9,0.22
20220527,4022.7095,4051.1428,3983.3838,4001.2988,66.1,0,-2.72,91.91,29.89,0.85,0,6.0,1,12.0,19.0,29.0,1,13001.0,13.0,-1.0,12.0,0.68,3974.76,0.2
20220530,4020.8584,4040.819,4003.3768,4029.0179,97.56,1,31.46,67.08,38.98,1.1,1,20.0,1,14.0,29.0,40.0,1,9001.0,9.0,-1.0,8.0,0.32,3981.43,0.36
20220531,4031.7621,4096.1971,4020.3781,4091.5176,162.15,1,64.59,93.33,24.69,1.67,1,31.0,1,11.0,37.0,44.0,1,20001.0,20.0,-1.0,19.0,0.81,3989.95,0.77
20220601,4086.6177,4094.9008,4058.8468,4083.1772,139.53,0,-22.62,73.43,24.93,1.28,0,41.0,1,10.0,35.0,56.0,1,19001.0,19.0,-1.0,18.0,0.69,3993.3,0.68
20220602,4063.9996,4091.152,4057.9135,4089.5682,149.7,0,10.17,52.14,175.51,1.26,0,53.0,1,12.0,33.0,66.0,1,24001.0,24.0,-1.0,23.0,0.92,3997.27,0.7
20220606,4090.5286,4166.6151,4063.9057,4166.085,228.65,1,78.95,66.5,198.17,1.97,1,58.0,1,5.0,27.0,67.0,0,41002.0,41.0,-2.0,39.0,1.68,4010.13,1.18
20220607,4165.6899,4198.0863,4155.1683,4179.1285,222.77,0,-5.88,83.24,153.95,1.72,0,63.0,1,5.0,22.0,69.0,0,28000.0,28.0,-0.0,28.0,0.92,4025.22,1.17
20220608,4187.1483,4224.8096,4158.0329,4219.8122,254.9,1,32.13,105.2,188.8,1.89,0,69.0,1,6.0,16.0,63.0,-1,37000.0,37.0,-0.0,37.0,1.32,4040.21,1.36
20220609,4211.7225,4227.4484,4160.8814,4175.6747,178.78,-1,-76.12,-49.87,81.22,0.91,-1,74.0,1,5.0,16.0,54.0,-1,21000.0,21.0,-0.0,21.0,0.35,4050.18,0.95
20220610,4145.6505,4241.3541,4140.2203,4238.9936,244.18,0,65.4,21.41,82.03,1.51,0,83.0,1,9.0,20.0,52.0,1,36000.0,36.0,-0.0,36.0,1.1,4064.19,1.33
20220613,4194.4574,4218.2327,4156.7146,4189.3527,176.33,-1,-67.85,-78.57,36.8,0.66,-1,80.0,0,-3.0,11.0,39.0,0,40002.0,40.0,-2.0,38.0,1.13,4074.23,0.87
20220614,4143.2232,4224.0857,4102.929,4222.3114,211.37,0,35.04,32.59,61.67,0.96,0,79.0,0,-1.0,5.0,26.0,0,42002.0,42.0,-2.0,40.0,1.13,4087.51,1.02
20220615,4228.2926,4348.4226,4228.2926,4278.2178,231.04,0,19.67,-13.14,2.39,1.08,0,73.0,-1,-6.0,-10.0,15.0,-1,30002.0,30.0,-2.0,28.0,0.38,4101.13,1.34
20220616,4282.0827,4302.9212,4241.075,4250.0614,171.43,-1,-59.61,-4.9,-51.34,0.35,-1,70.0,0,-3.0,-10.0,7.0,0,16000.0,16.0,-0.0,16.0,-0.33,4114.04,1.03
20220617,4219.2339,4318.7655,4218.6817,4309.0444,210.71,0,39.28,-0.66,-44.19,0.73,0,79.0,0,9.0,0.0,10.0,0,35000.0,35.0,-0.0,35.0,0.7,4129.51,1.36
20220620,4322.8324,4368.3555,4297.8912,4330.4328,202.84,0,-7.87,-28.2,24.06,0.58,0,80.0,0,1.0,7.0,6.0,0,29004.0,29.0,-4.0,25.0,0.11,4142.15,1.43
20220621,4327.9159,4357.3396,4287.1406,4325.5657,170.51,-1,-32.33,-0.92,-73.67,0.18,-1,83.0,0,3.0,13.0,0.0,0,22001.0,22.0,-1.0,21.0,-0.14,4155.73,1.29
20220622,4331.902,4333.1827,4269.2456,4270.6227,81.62,-1,-88.89,-129.09,-94.71,-0.76,-1,86.0,0,3.0,7.0,6.0,0,18004.0,18.0,-4.0,14.0,-0.57,4171.31,0.75
20220623,4277.9555,4343.8781,4260.9002,4343.8781,172.4,0,90.78,-30.44,-38.97,0.26,0,93.0,1,7.0,13.0,14.0,1,30002.0,30.0,-2.0,28.0,0.19,4189.34,1.17
20220624,4354.553,4400.6852,4346.1221,4394.7723,198.12,0,25.72,27.61,-32.92,0.5,0,99.0,1,6.0,16.0,26.0,1,36001.0,36.0,-1.0,35.0,0.51,4209.43,1.41
20220627,4414.3321,4472.6948,4414.3321,4444.2639,247.13,1,49.01,165.51,75.7,0.97,1,100.0,0,1.0,14.0,30.0,0,48000.0,48.0,-0.0,48.0,1.16,4231.57,1.61
20220628,4442.5811,4497.8949,4407.3519,4490.5166,290.26,1,43.13,117.86,79.55,1.33,1,99.0,0,-1.0,6.0,20.0,0,49000.0,49.0,-0.0,49.0,1.1,4254.65,1.79
20220629,4472.7346,4503.1307,4413.9961,4421.357,167.77,-1,-122.49,-30.35,-35.07,-0.08,-1,87.0,-1,-12.0,-12.0,7.0,-1,22001.0,22.0,-1.0,21.0,-0.52,4271.14,1.14
20220630,4418.0656,4514.9968,4418.0656,4485.0108,218.63,0,50.86,-28.5,48.12,0.46,0,82.0,-1,-5.0,-18.0,-1.0,-1,42001.0,42.0,-1.0,41.0,0.57,4291.23,1.47
20220701,4489.5204,4500.9853,4449.2914,4466.7179,176.84,0,-41.79,-113.42,95.22,-0.02,0,77.0,-1,-5.0,-22.0,-9.0,-1,30001.0,30.0,-1.0,29.0,-0.14,4310.09,1.19
20220704,4447.2159,4496.0338,4427.8232,4496.0303,216.8,0,39.96,49.03,44.4,0.4,0,73.0,-1,-4.0,-14.0,-20.0,-1,39001.0,39.0,-1.0,38.0,0.38,4326.59,1.29
20220705,4505.4572,4530.3245,4439.4511,4489.5383,187.48,0,-29.32,-31.15,-10.64,0.05,0,61.0,-1,-12.0,-21.0,-38.0,-1,29001.0,29.0,-1.0,28.0,-0.2,4342.11,1.12
20220706,4475.4815,4484.3615,4393.4165,4423.9698,83.52,-1,-103.96,-93.32,-163.61,-1.04,-1,51.0,-1,-10.0,-26.0,-49.0,-1,21002.0,21.0,-2.0,19.0,-0.66,4352.32,0.54
20220707,4425.2814,4457.3431,4391.1938,4443.4736,105.46,0,21.94,-111.34,-184.8,-0.71,0,35.0,-1,-16.0,-38.0,-64.0,-1,27002.0,27.0,-2.0,25.0,-0.33,4365.71,0.59
20220708,4468.0627,4479.4937,4426.8856,4428.781,73.51,0,-31.95,-113.97,-94.26,-0.98,0,33.0,0,-2.0,-28.0,-54.0,0,17001.0,17.0,-1.0,16.0,-0.79,4375.2,0.41
20220711,4406.1476,4406.1476,4330.5819,4354.6167,-6.41,-1,-79.92,-89.93,-225.04,-1.72,-1,22.0,-1,-11.0,-29.0,-60.0,-1,8002.0,8.0,-2.0,6.0,-1.27,4383.46,-0.22
20220712,4352.6456,4370.3411,4296.6215,4313.6184,-44.93,-1,-38.52,-150.39,-221.77,-1.96,-1,14.0,-1,-8.0,-21.0,-63.0,-1,9004.0,9.0,-4.0,5.0,-1.23,4388.02,-0.56
20220713,4313.3589,4341.4663,4284.9419,4321.4617,-31.23,0,13.7,-104.74,-248.03,-1.63,0,5.0,-1,-9.0,-28.0,-68.0,-1,9000.0,9.0,-0.0,9.0,-0.94,4390.19,-0.52
20220714,4308.8229,4352.0978,4292.7595,4322.0742,-24.52,0,6.71,-18.11,-212.0,-1.4,1,-7.0,-1,-12.0,-29.0,-68.0,-1,9003.0,9.0,-3.0,6.0,-1.09,4393.79,-0.54
20220715,4299.4714,4344.8572,4248.5273,4248.5273,-103.17,-1,-78.65,-58.24,-186.69,-2.09,-1,-12.0,-1,-5.0,-26.0,-63.0,0,9004.0,9.0,-4.0,5.0,-1.06,4390.76,-1.08
20220718,4262.1539,4300.7777,4217.5064,4292.5858,-30.46,0,72.71,0.77,-135.92,-1.13,1,-18.0,-1,-6.0,-23.0,-53.0,0,11002.0,11.0,-2.0,9.0,-0.78,4388.87,-0.73
20220719,4288.4441,4288.4441,4238.8238,4269.3401,-44.99,0,-14.53,-20.47,-118.5,-1.18,0,-26.0,-1,-8.0,-19.0,-59.0,-1,4004.0,4.0,-4.0,0.0,-1.24,4386.06,-0.89
20220720,4291.2808,4303.3668,4269.9717,4283.8027,-10.45,1,34.54,92.72,-4.04,-0.7,1,-31.0,-1,-5.0,-19.0,-53.0,0,7000.0,7.0,-0.0,7.0,-0.82,4386.72,-0.78
20220721,4270.3624,4283.1471,4236.0499,4236.0578,-66.66,-1,-56.21,-36.2,-21.73,-1.23,0,-32.0,0,-1.0,-14.0,-46.0,0,4004.0,4.0,-4.0,0.0,-1.14,4381.33,-1.1
20220722,4251.7867,4275.4696,4207.3135,4238.2341,-70.27,0,-3.61,-25.28,-39.04,-1.15,0,-32.0,0,0.0,-6.0,-37.0,0,5002.0,5.0,-2.0,3.0,-0.87,4373.5,-1.03
20220725,4233.9277,4234.8448,4201.919,4212.6441,-108.31,-1,-38.04,-97.86,-83.79,-1.44,-1,-40.0,-1,-8.0,-9.0,-33.0,0,3004.0,3.0,-4.0,-1.0,-0.96,4361.92,-1.13
20220726,4220.0911,4259.9854,4214.5343,4245.9758,-46.23,1,62.08,20.43,56.94,-0.65,1,-39.0,0,1.0,-7.0,-27.0,0,3001.0,3.0,-1.0,2.0,-0.65,4349.69,-0.79
20220727,4236.154,4242.0951,4217.2809,4225.0357,-48.92,0,-2.69,21.35,-18.46,-0.62,0,-40.0,0,-1.0,-8.0,-22.0,0,9000.0,9.0,-0.0,9.0,-0.22,4339.87,-0.87
20220728,4242.2743,4267.9181,4223.029,4225.6733,-40.73,0,8.19,67.58,4.26,-0.47,0,-38.0,0,2.0,2.0,-12.0,0,12000.0,12.0,-0.0,12.0,0.04,4326.91,-0.77
20220729,4226.4245,4243.5143,4160.8735,4170.1019,-102.56,-1,-61.83,-56.33,-92.11,-1.07,-1,-47.0,-1,-9.0,-8.0,-16.0,0,9008.0,9.0,-8.0,1.0,-0.51,4312.08,-1.08
20220801,4160.6478,4196.5743,4129.4528,4188.6784,-67.83,0,34.73,-18.91,-1.17,-0.61,0,-52.0,-1,-5.0,-12.0,-20.0,0,14005.0,14.0,-5.0,9.0,0.03,4296.71,-0.82
20220802,4144.3765,4144.3765,4071.431,4107.024,-177.68,-1,-109.85,-136.95,-107.41,-1.7,-1,-62.0,-1,-10.0,-24.0,-30.0,-1,11013.0,11.0,-13.0,-2.0,-0.52,4277.58,-1.29
20220803,4114.8251,4150.9804,4058.1792,4066.9754,-210.51,-1,-32.83,-107.95,-102.2,-1.88,-1,-65.0,0,-3.0,-18.0,-25.0,0,1015.0,1.0,-15.0,-14.0,-1.11,4259.73,-1.46
20220804,4089.4419,4108.1591,4064.6594,4101.5367,-153.68,0,56.83,-85.85,-107.45,-1.11,0,-63.0,0,2.0,-11.0,-24.0,0,2006.0,2.0,-6.0,-4.0,-0.45,4242.64,-1.07
20220805,4109.6287,4159.485,4097.8625,4156.9111,-58.76,1,94.92,118.92,-9.84,-0.01,1,-55.0,1,8.0,7.0,-15.0,1,3000.0,3.0,-0.0,3.0,-0.01,4229.04,-0.55
20220808,4142.1111,4155.7301,4135.0809,4148.0746,-40.68,1,18.08,169.83,0.05,0.18,1,-46.0,1,9.0,19.0,-8.0,1,4001.0,4.0,-1.0,3.0,-0.01,4218.72,-0.54
20220809,4143.666,4161.8086,4131.4252,4156.2907,-16.43,0,24.25,137.25,86.13,0.42,0,-36.0,1,10.0,27.0,11.0,1,13001.0,13.0,-1.0,12.0,0.49,4210.85,-0.41
20220810,4149.2071,4160.7871,4092.5455,4109.7373,-65.21,-1,-48.78,-6.45,2.62,-0.13,-1,-32.0,1,4.0,23.0,20.0,1,11004.0,11.0,-4.0,7.0,0.21,4200.26,-0.69
20220811,4130.741,4193.8115,4116.0558,4193.5428,42.07,1,107.28,82.75,219.75,1.0,1,-26.0,1,6.0,20.0,36.0,1,11002.0,11.0,-2.0,9.0,0.32,4193.84,-0.0
20220812,4185.4203,4202.4663,4175.0501,4191.152,40.8,0,-1.27,57.23,251.31,0.89,0,-26.0,0,0.0,10.0,39.0,0,9001.0,9.0,-1.0,8.0,0.25,4190.97,0.0
20220815,4180.0006,4219.9183,4174.3,4185.6794,35.85,0,-4.95,101.06,189.53,0.76,0,-25.0,0,1.0,7.0,38.0,0,11002.0,11.0,-2.0,9.0,0.31,4185.62,0.0
20220816,4190.5269,4208.8006,4170.5197,4177.837,27.93,-1,-7.92,-14.14,86.69,0.6,-1,-21.0,1,4.0,5.0,34.0,1,12000.0,12.0,-0.0,12.0,0.45,4181.05,-0.02
20220817,4182.5668,4222.7866,4155.1734,4216.9586,64.18,1,36.25,23.38,104.86,0.92,1,-20.0,0,1.0,6.0,26.0,0,13000.0,13.0,-0.0,13.0,0.49,4177.71,0.3
20220818,4205.7851,4211.9141,4173.541,4180.0996,15.01,-1,-49.17,-20.84,31.44,0.32,-1,-24.0,0,-4.0,1.0,12.0,-1,11000.0,11.0,-0.0,11.0,0.34,4174.91,0.04
20220819,4174.5458,4185.6579,4151.0738,4151.0738,-11.68,-1,-26.69,-39.61,53.53,0.01,-1,-22.0,0,2.0,-1.0,10.0,0,11006.0,11.0,-6.0,5.0,-0.01,4170.55,-0.15
20220822,4135.1623,4183.6498,4134.2008,4181.3965,41.53,0,53.21,-22.65,-0.54,0.57,0,-22.0,0,0.0,-2.0,4.0,0,17004.0,17.0,-4.0,13.0,0.41,4168.99,0.09
20220823,4175.5314,4187.3875,4147.4127,4161.0823,28.81,0,-12.72,13.8,-11.99,0.38,0,-28.0,-1,-6.0,-4.0,-2.0,-1,19003.0,19.0,-3.0,16.0,0.54,4164.74,-0.03
20220824,4168.5764,4174.1565,4079.0934,4082.4195,-81.56,-1,-110.37,-69.88,-117.41,-0.81,-1,-29.0,0,-1.0,-7.0,-4.0,0,13007.0,13.0,-7.0,6.0,-0.03,4157.61,-0.57
20220825,4093.2949,4119.6196,4058.7454,4116.2396,-12.46,0,69.1,-53.99,-40.39,-0.01,0,-29.0,0,0.0,-7.0,-8.0,0,17008.0,17.0,-8.0,9.0,0.16,4152.14,-0.27
20220826,4127.8142,4139.7879,4102.6818,4107.5455,-30.39,0,-17.93,-59.2,-94.57,-0.2,0,-36.0,-1,-7.0,-8.0,-16.0,-1,11006.0,11.0,-6.0,5.0,-0.09,4149.01,-0.31
20220829,4063.8825,4092.9474,4059.5963,4089.5205,-30.83,0,-0.44,50.73,-45.84,-0.18,0,-34.0,0,2.0,-5.0,-10.0,0,12005.0,12.0,-5.0,7.0,0.03,4144.05,-0.41
20220830,4088.5262,4093.1356,4048.5244,4075.7937,-51.89,-1,-21.06,-39.43,-40.21,-0.39,-1,-45.0,-1,-11.0,-16.0,-23.0,-1,2002.0,2.0,-2.0,0.0,-0.37,4142.49,-0.51
20220831,4057.1443,4112.8485,4046.6225,4078.8402,-76.03,-1,-24.14,-45.64,-117.56,-0.6,-1,-44.0,0,1.0,-8.0,-22.0,0,3017.0,3.0,-17.0,-14.0,-1.18,4143.09,-0.49
20220901,4066.1869,4090.8852,4041.1281,4043.7395,-105.12,-1,-29.09,-74.29,-133.93,-0.85,-1,-50.0,-1,-6.0,-16.0,-22.0,-1,2015.0,2.0,-15.0,-13.0,-1.09,4140.2,-0.73
20220902,4054.8423,4056.1805,4004.911,4023.6131,-108.64,0,-3.52,-56.75,-27.08,-0.8,0,-54.0,-1,-4.0,-9.0,-25.0,-1,5017.0,5.0,-17.0,-12.0,-0.99,4133.53,-0.83
20220905,4010.4052,4016.9986,3982.7395,4015.4264,-76.38,0,32.26,-0.35,-63.92,-0.39,1,-47.0,0,7.0,-3.0,-18.0,1,9011.0,9.0,-11.0,-2.0,-0.4,4126.9,-0.85
20220906,4024.4726,4054.004,4009.5826,4052.2802,11.83,1,88.21,116.95,42.22,0.57,1,-47.0,0,0.0,3.0,-11.0,0,13005.0,13.0,-5.0,8.0,0.18,4121.7,-0.53
20220907,4032.7231,4067.5437,4028.374,4054.983,31.0,1,19.17,139.64,61.83,0.72,1,-40.0,1,7.0,14.0,-6.0,1,13002.0,13.0,-2.0,11.0,0.34,4118.96,-0.49
20220908,4059.1689,4067.758,4036.0226,4037.6839,14.6,0,-16.4,90.98,66.49,0.48,0,-34.0,1,6.0,13.0,11.0,1,10006.0,10.0,-6.0,4.0,-0.05,4111.17,-0.56
20220909,4050.5853,4099.0081,4042.2498,4093.7874,68.59,1,53.99,56.76,144.62,1.0,1,-34.0,0,0.0,13.0,10.0,0,12000.0,12.0,-0.0,12.0,0.4,4106.3,-0.09
20220913,4112.0123,4128.1113,4097.1408,4111.1145,68.49,0,-0.1,37.49,173.61,0.9,0,-47.0,-1,-13.0,-7.0,3.0,-1,9002.0,9.0,-2.0,7.0,0.12,4102.57,0.06
20220914,4058.0441,4089.0583,4047.9187,4065.359,6.38,-1,-62.11,-8.22,115.02,0.16,-1,-53.0,-1,-6.0,-19.0,1.0,-1,6004.0,6.0,-4.0,2.0,-0.14,4096.95,-0.24
20220915,4078.6495,4088.8078,3998.8564,4027.1186,-63.73,-1,-70.11,-132.32,12.65,-0.58,-1,-69.0,-1,-16.0,-35.0,-22.0,-1,6017.0,6.0,-17.0,-11.0,-0.82,4087.46,-0.46
20220916,4013.5829,4019.4104,3932.6826,3932.6826,-195.24,-1,-131.51,-263.73,-207.07,-1.91,-1,-83.0,-1,-14.0,-36.0,-36.0,-1,1023.0,1.0,-23.0,-22.0,-1.35,4075.08,-1.08
20220919,3928.4239,3953.6494,3910.3106,3928.0001,-186.34,0,8.9,-192.72,-217.34,-1.63,0,-91.0,-1,-8.0,-38.0,-51.0,-1,2022.0,2.0,-22.0,-20.0,-1.17,4063.93,-1.03
20220920,3945.6467,3957.5538,3921.6884,3932.8361,-154.21,0,32.13,-90.48,-168.81,-1.14,0,-96.0,-1,-5.0,-27.0,-62.0,0,1006.0,1.0,-6.0,-5.0,-0.25,4051.5,-0.9
20220921,3921.3177,3924.3914,3884.2268,3903.7348,-155.31,0,-1.1,39.93,-223.9,-1.04,0,-106.0,-1,-10.0,-23.0,-72.0,-1,4007.0,4.0,-7.0,-3.0,-0.08,4038.64,-1.02
20220922,3875.1771,3900.2736,3860.2308,3869.344,-171.09,0,-15.78,15.25,-239.58,-1.11,0,-114.0,-1,-8.0,-23.0,-67.0,-1,4008.0,4.0,-8.0,-4.0,-0.11,4027.98,-1.2
20220923,3865.1049,3888.3958,3829.6913,3856.0212,-185.5,-1,-14.41,-31.29,-191.88,-1.15,0,-122.0,-1,-8.0,-26.0,-69.0,-1,2010.0,2.0,-10.0,-8.0,-0.29,4014.97,-1.21
20220926,3829.5958,3893.3186,3827.9498,3836.6773,-220.56,-1,-35.06,-65.25,-156.83,-1.41,-1,-124.0,0,-2.0,-18.0,-55.0,0,2012.0,2.0,-12.0,-10.0,-0.36,4001.43,-1.25
20220927,3844.0692,3893.0283,3827.9265,3892.295,-122.11,1,98.45,48.98,73.13,-0.25,1,-123.0,0,1.0,-9.0,-40.0,0,3002.0,3.0,-2.0,1.0,0.28,3991.57,-0.75
20220928,3879.4398,3879.4398,3828.0545,3828.7098,-202.32,0,-80.21,-16.82,-15.98,-1.06,0,-123.0,0,0.0,-1.0,-32.0,0,1015.0,1.0,-15.0,-14.0,-0.54,3979.21,-1.14
20220929,3864.316,3873.1823,3808.6496,3827.1434,-181.74,0,20.58,38.82,-27.53,-0.75,0,-128.0,-1,-5.0,-4.0,-32.0,0,1007.0,1.0,-7.0,-6.0,-0.1,3966.63,-1.06
20220930,3833.3504,3848.6018,3801.2798,3804.8853,-194.26,0,-12.52,-72.15,-38.95,-0.81,0,-128.0,0,0.0,-5.0,-22.0,0,12.0,0.0,-12.0,-12.0,-0.45,3954.68,-1.14
20221010,3806.5596,3807.4574,3715.7142,3720.9365,-267.66,-1,-73.4,-65.34,-96.57,-1.5,-1,-135.0,-1,-7.0,-12.0,-21.0,0,3037.0,3.0,-37.0,-34.0,-1.65,3939.55,-1.66
20221011,3732.0191,3739.8084,3706.0629,3727.6867,-230.94,0,36.72,-49.2,-45.44,-0.97,0,-122.0,1,13.0,6.0,0.0,1,21.0,0.0,-21.0,-21.0,-0.85,3925.16,-1.5
20221012,3722.8659,3784.3064,3661.5255,3784.3064,-120.76,1,110.18,73.5,99.8,0.28,1,-114.0,1,8.0,14.0,10.0,1,1010.0,1.0,-10.0,-9.0,-0.11,3911.77,-0.97
20221013,3756.4176,3783.596,3749.6393,3752.6729,-135.92,0,-15.16,131.74,-13.81,0.09,0,-101.0,1,13.0,34.0,22.0,1,3014.0,3.0,-14.0,-11.0,-0.16,3896.65,-1.09
20221014,3783.316,3863.2265,3780.8415,3842.4698,-14.85,1,121.07,216.09,187.47,1.35,1,-89.0,1,12.0,33.0,34.0,1,9005.0,9.0,-5.0,4.0,0.7,3886.89,-0.34
20221017,3822.2428,3849.6207,3809.1196,3846.4119,-2.8,1,12.05,117.96,178.94,1.35,0,-80.0,1,9.0,34.0,48.0,1,12004.0,12.0,-4.0,8.0,0.94,3874.52,-0.21
20221018,3865.8258,3870.2155,3831.1723,3838.2667,-6.51,0,-3.71,129.41,187.75,1.18,0,-70.0,1,10.0,31.0,58.0,1,12005.0,12.0,-5.0,7.0,0.88,3860.88,-0.17
20221019,3827.4658,3840.487,3776.5335,3776.5335,-75.1,-1,-68.59,-60.25,192.56,0.35,-1,-74.0,0,-4.0,15.0,61.0,0,7011.0,7.0,-11.0,-4.0,0.27,3846.44,-0.53
20221020,3746.5793,3804.2468,3726.7925,3754.9269,-90.08,-1,-14.98,-87.28,140.86,0.16,-1,-75.0,0,-1.0,5.0,47.0,0,5014.0,5.0,-14.0,-9.0,-0.02,3832.83,-0.59
20221021,3753.8903,3768.6895,3724.69,3742.8929,-76.65,0,13.43,-70.14,44.11,0.28,0,-82.0,-1,-7.0,-12.0,32.0,-1,8011.0,8.0,-11.0,-3.0,0.27,3823.34,-0.61
20221024,3727.915,3762.158,3619.9876,3633.3733,-182.42,-1,-105.77,-107.32,-46.5,-0.85,-1,-86.0,-1,-4.0,-12.0,15.0,-1,10027.0,10.0,-27.0,-17.0,-0.55,3808.61,-1.33
20221025,3621.9356,3670.7327,3594.7011,3627.4542,-168.06,0,14.36,-77.98,-153.21,-0.62,0,-87.0,0,-1.0,-12.0,2.0,0,10024.0,10.0,-24.0,-14.0,-0.35,3793.34,-1.26
20221026,3633.3107,3700.8797,3633.3107,3656.9027,-98.59,0,69.47,-21.94,-95.79,0.17,0,-90.0,0,-3.0,-8.0,-10.0,0,12028.0,12.0,-28.0,-16.0,-0.42,3781.0,-0.94
20221027,3667.6645,3685.0837,3631.0639,3631.1448,-108.37,0,-9.78,74.05,-101.86,0.05,0,-90.0,0,0.0,-4.0,-20.0,0,10032.0,10.0,-32.0,-22.0,-0.72,3769.09,-1.05
20221028,3605.1598,3618.864,3533.4993,3541.3295,-210.29,-1,-101.92,-42.23,-135.19,-1.02,-1,-90.0,0,0.0,-3.0,-16.0,0,6041.0,6.0,-41.0,-35.0,-1.39,3753.35,-1.61
20221031,3504.507,3553.3871,3495.9509,3508.7034,-239.74,-1,-29.45,-141.15,-149.66,-1.23,-1,-82.0,1,8.0,8.0,-7.0,1,7047.0,7.0,-47.0,-40.0,-1.59,3736.95,-1.73
20221101,3519.8174,3634.1732,3517.6209,3634.1732,-82.18,1,157.56,26.19,-5.53,0.53,1,-54.0,1,28.0,36.0,28.0,1,7025.0,7.0,-25.0,-18.0,-0.27,3724.05,-0.68
20221102,3620.3693,3703.465,3610.8029,3677.8051,-5.29,1,76.89,205.0,177.13,1.29,1,-39.0,1,15.0,51.0,47.0,1,10016.0,10.0,-16.0,-6.0,0.4,3716.5,-0.29
20221103,3645.0604,3670.1574,3628.4987,3647.8966,-24.37,0,-19.08,215.37,143.69,0.96,0,-28.0,1,11.0,54.0,59.0,1,7015.0,7.0,-15.0,-8.0,0.29,3707.54,-0.45
20221104,3646.7709,3782.8823,3646.7709,3767.1746,129.2,1,153.57,211.38,227.79,2.48,1,-6.0,1,22.0,48.0,84.0,1,17002.0,17.0,-2.0,15.0,1.53,3705.65,0.47
20221107,3754.5227,3792.7942,3746.3715,3775.2971,119.82,0,-9.38,125.11,228.19,2.15,0,6.0,1,12.0,45.0,96.0,1,9004.0,9.0,-4.0,5.0,0.84,3708.37,0.51
20221108,3773.6612,3779.1156,3723.3415,3749.3251,76.54,0,-43.28,100.91,286.83,1.49,0,17.0,1,11.0,45.0,107.0,0,5004.0,5.0,-4.0,1.0,0.55,3709.45,0.3
20221109,3750.7821,3760.4068,3711.268,3714.2704,27.94,-1,-48.6,-101.26,267.68,0.84,-1,19.0,0,2.0,25.0,101.0,0,5003.0,5.0,-3.0,2.0,0.58,3705.95,0.06
20221110,3685.8274,3701.5306,3665.0585,3685.6885,-17.18,-1,-45.12,-137.0,65.0,0.29,-1,23.0,1,4.0,17.0,77.0,-1,2002.0,2.0,-2.0,0.0,0.43,3702.6,-0.13
20221111,3787.7568,3828.9004,3747.0902,3788.4387,98.85,1,116.03,22.31,104.14,1.47,0,30.0,1,7.0,13.0,69.0,0,5001.0,5.0,-1.0,4.0,0.66,3699.9,0.67
20221114,3818.1447,3848.4116,3781.7778,3794.0171,79.32,0,-19.53,51.38,103.69,1.13,0,37.0,1,7.0,18.0,65.0,0,7002.0,7.0,-2.0,5.0,0.73,3697.28,0.73
20221115,3788.926,3871.6424,3775.4988,3865.9726,166.23,1,86.91,183.41,37.03,1.93,1,45.0,1,8.0,22.0,51.0,1,15001.0,15.0,-1.0,14.0,1.22,3698.67,1.27
20221116,3860.811,3877.6781,3829.3126,3834.3899,114.07,0,-52.16,15.22,-5.75,1.2,0,50.0,1,5.0,20.0,44.0,-1,9002.0,9.0,-2.0,7.0,0.79,3701.56,1.01
20221117,3821.2709,3821.7419,3776.5739,3818.664,91.59,0,-22.48,12.27,15.05,0.85,-1,56.0,1,6.0,19.0,39.0,-1,7004.0,7.0,-4.0,3.0,0.53,3704.75,0.86
20221118,3823.8207,3840.3018,3801.5686,3801.5686,53.11,-1,-38.48,-113.12,25.17,0.37,-1,56.0,0,0.0,11.0,37.0,0,5004.0,5.0,-4.0,1.0,0.4,3707.68,0.71
20221121,3769.627,3769.8731,3733.9954,3769.1269,21.06,-1,-32.05,-93.01,38.24,-0.0,-1,54.0,0,-2.0,4.0,31.0,0,4003.0,4.0,-3.0,1.0,0.35,3714.47,0.41
20221122,3766.0817,3809.8582,3751.0448,3769.5727,23.55,0,2.49,-68.04,-75.3,0.02,0,50.0,-1,-4.0,-6.0,20.0,-1,2004.0,2.0,-4.0,-2.0,0.14,3721.57,0.36
20221123,3760.2157,3791.1782,3753.2136,3773.5287,34.5,0,10.95,-18.61,-44.82,0.14,0,50.0,0,0.0,-6.0,13.0,0,2001.0,2.0,-1.0,1.0,0.26,3727.4,0.35
20221124,3791.5399,3804.8987,3751.3818,3756.8082,14.58,-1,-19.92,-6.48,-151.65,-0.09,-1,50.0,0,0.0,-4.0,5.0,0,1001.0,1.0,-1.0,0.0,0.14,3733.69,0.18
20221125,3751.2822,3790.566,3743.4138,3775.7764,44.1,1,29.52,20.55,-69.97,0.23,1,56.0,1,6.0,6.0,6.0,0,9003.0,9.0,-3.0,6.0,0.37,3745.41,0.23
20221128,3701.902,3736.0813,3672.1306,3733.2424,-4.6,-1,-48.7,-39.1,-96.19,-0.3,-1,58.0,0,2.0,8.0,2.0,0,7004.0,7.0,-4.0,3.0,0.07,3756.64,-0.18
20221129,3766.5702,3854.7742,3766.5702,3848.4224,107.52,1,112.12,92.94,54.41,0.9,1,68.0,1,10.0,18.0,12.0,1,18004.0,18.0,-4.0,14.0,0.61,3767.35,0.61
20221130,3836.5598,3867.6591,3833.8272,3853.0365,101.22,0,-6.3,57.12,80.16,0.75,0,77.0,1,9.0,21.0,23.0,1,15005.0,15.0,-5.0,10.0,0.34,3776.11,0.58
20221201,3921.2954,3944.5645,3893.8718,3894.7687,123.2,0,21.98,127.8,99.65,0.91,0,81.0,1,4.0,23.0,31.0,0,13002.0,13.0,-2.0,11.0,0.34,3788.45,0.81
20221202,3886.4034,3898.1146,3865.8844,3870.9478,70.64,-1,-52.56,-36.88,36.14,0.27,-1,90.0,1,9.0,22.0,40.0,1,3003.0,3.0,-3.0,0.0,-0.25,3793.64,0.59
20221205,3907.6375,3947.476,3900.6742,3946.8759,176.28,1,105.64,75.06,161.7,1.35,1,96.0,1,6.0,19.0,46.0,1,24004.0,24.0,-4.0,20.0,0.86,3802.22,1.1
20221206,3929.0063,3988.9007,3922.9969,3968.1979,171.42,0,-4.86,48.22,127.32,1.17,0,98.0,0,2.0,17.0,42.0,0,25005.0,25.0,-5.0,20.0,0.8,3813.17,1.18
20221207,3956.6722,3999.5864,3944.1831,3958.4409,131.66,0,-39.76,61.02,136.26,0.64,0,98.0,0,0.0,8.0,40.0,0,14005.0,14.0,-5.0,9.0,0.15,3825.37,1.01
20221208,3953.199,3971.4927,3941.2966,3959.1798,111.22,-1,-20.44,-65.06,3.7,0.37,-1,93.0,-1,-5.0,-3.0,25.0,-1,9004.0,9.0,-4.0,5.0,-0.09,3839.05,0.91
20221209,3961.9919,4003.3178,3944.4396,3998.2442,120.97,0,9.75,-50.45,19.75,0.44,0,87.0,-1,-6.0,-11.0,10.0,-1,18004.0,18.0,-4.0,14.0,0.4,3849.54,1.13
20221212,3976.1722,3983.4332,3950.3203,3953.4433,57.09,-1,-63.88,-74.57,-66.11,-0.27,-1,75.0,-1,-12.0,-23.0,-6.0,-1,7005.0,7.0,-5.0,2.0,-0.28,3857.51,0.73
20221213,3953.5482,3964.3957,3939.9795,3945.6813,41.43,-1,-15.66,-69.79,-29.21,-0.41,-1,57.0,-1,-18.0,-36.0,-33.0,-1,7006.0,7.0,-6.0,1.0,-0.3,3861.5,0.64
20221214,3952.7885,3972.7381,3935.7668,3954.8857,35.23,0,-6.2,-85.74,-141.05,-0.44,0,45.0,-1,-12.0,-42.0,-51.0,-1,11006.0,11.0,-6.0,5.0,-0.07,3867.52,0.66
20221215,3954.672,3963.5002,3926.4997,3951.9885,12.65,-1,-22.58,-44.44,-158.77,-0.63,-1,31.0,-1,-14.0,-44.0,-67.0,-1,6005.0,6.0,-5.0,1.0,-0.29,3874.19,0.59
20221216,3931.2318,3960.4705,3929.4873,3954.227,19.35,0,6.7,-22.08,-112.31,-0.5,0,15.0,-1,-16.0,-42.0,-83.0,-1,5005.0,5.0,-5.0,0.0,-0.35,3881.82,0.55
20221219,3952.7707,3966.5679,3878.4367,3893.2207,-90.95,-1,-110.3,-126.18,-202.17,-1.61,-1,5.0,-1,-10.0,-40.0,-88.0,-1,2004.0,2.0,-4.0,-2.0,-0.45,3888.02,0.04
20221220,3881.2257,3881.2729,3811.4759,3829.0173,-151.1,-1,-60.15,-163.75,-272.07,-2.08,-1,-7.0,-1,-12.0,-38.0,-94.0,-1,4.0,0.0,-4.0,-4.0,-0.56,3891.0,-0.47
20221221,3839.0009,3853.7272,3821.4037,3830.5384,-146.07,0,5.03,-165.42,-203.16,-1.83,0,-9.0,0,-2.0,-24.0,-84.0,0,1005.0,1.0,-5.0,-4.0,-0.55,3893.85,-0.48
20221222,3859.2041,3882.1263,3821.3418,3836.028,-150.08,0,-4.01,-59.13,-191.51,-1.7,0,-22.0,-1,-13.0,-27.0,-79.0,-1,1014.0,1.0,-14.0,-13.0,-1.03,3897.81,-0.47
20221223,3811.6164,3848.3436,3805.9487,3828.2188,-153.44,0,-3.36,-2.34,-188.67,-1.57,0,-21.0,0,1.0,-14.0,-66.0,0,15.0,0.0,-15.0,-15.0,-1.08,3900.43,-0.55
20221226,3830.5682,3856.8066,3827.5186,3843.4887,-91.29,1,62.15,54.78,-103.94,-0.77,1,-17.0,0,4.0,-8.0,-48.0,1,5.0,0.0,-5.0,-5.0,-0.49,3905.94,-0.47
20221227,3860.9054,3891.8497,3856.58,3887.854,-15.8,1,75.49,134.28,-35.15,0.09,1,-15.0,0,2.0,7.0,-30.0,0,3.0,0.0,-3.0,-3.0,-0.32,3907.91,-0.15
20221228,3874.9132,3884.7205,3854.9406,3871.2644,-33.86,0,-18.06,119.58,57.09,-0.11,0,-16.0,0,-1.0,5.0,-21.0,0,3.0,0.0,-3.0,-3.0,-0.28,3908.83,-0.28
20221229,3854.2363,3868.2933,3838.4803,3856.7007,-49.12,0,-15.26,42.17,101.98,-0.26,0,-4.0,1,12.0,13.0,3.0,1,3.0,0.0,-3.0,-3.0,-0.24,3906.92,-0.38
20221230,3873.9358,3887.5527,3868.7569,3871.6338,-21.9,0,27.22,-6.1,124.17,0.05,0,6.0,1,10.0,21.0,15.0,1,1003.0,1.0,-3.0,-2.0,-0.18,3906.96,-0.27
20230103,3864.8356,3893.9904,3831.245,3887.8992,21.36,1,43.26,55.22,171.44,0.5,1,15.0,1,9.0,31.0,37.0,1,5001.0,5.0,-1.0,4.0,0.21,3904.01,-0.12
20230104,3886.2504,3905.9032,3873.6549,3892.9477,15.6,0,-5.76,64.72,169.04,0.39,0,30.0,1,15.0,34.0,51.0,1,3004.0,3.0,-4.0,-1.0,-0.02,3900.25,-0.06
20230105,3913.4928,3974.875,3912.26,3968.5782,82.17,1,66.57,104.07,173.46,1.05,1,40.0,1,10.0,34.0,57.0,1,8004.0,8.0,-4.0,4.0,0.28,3900.75,0.51
20230106,3969.5493,4000.4143,3966.4696,3980.8888,89.74,1,7.57,68.38,105.54,1.03,0,53.0,1,13.0,38.0,68.0,1,9001.0,9.0,-1.0,8.0,0.51,3901.84,0.6
20230109,3998.5278,4023.0898,3990.7073,4013.1196,115.53,1,25.79,99.93,149.39,1.2,0,71.0,1,18.0,41.0,87.0,1,14001.0,14.0,-1.0,13.0,0.8,3902.58,0.84
20230110,4014.7125,4030.4574,4002.2297,4017.4737,101.83,0,-13.7,19.66,150.95,0.94,-1,77.0,1,6.0,37.0,81.0,0,11001.0,11.0,-1.0,10.0,0.6,3905.78,0.85
20230111,4019.8844,4043.3991,4008.0153,4010.0309,80.94,-1,-20.89,-8.8,102.84,0.64,-1,80.0,0,3.0,27.0,74.0,0,3001.0,3.0,-1.0,2.0,0.14,3909.0,0.77
20230112,4021.7547,4030.2876,4003.5079,4017.8692,83.25,0,2.31,-32.28,61.89,0.6,0,86.0,1,6.0,15.0,71.0,0,4001.0,4.0,-1.0,3.0,0.2,3912.15,0.8
20230113,4032.2906,4074.3772,4027.8864,4074.3772,134.79,1,51.54,32.96,119.19,1.08,1,97.0,1,11.0,20.0,67.0,1,11002.0,11.0,-2.0,9.0,0.52,3918.27,1.18
20230116,4077.8793,4177.1035,4076.6394,4137.9643,187.79,1,53.0,106.85,105.62,1.53,1,105.0,1,8.0,25.0,65.0,1,19001.0,19.0,-1.0,18.0,0.99,3927.46,1.6
20230117,4138.8433,4148.5838,4118.157,4137.2422,171.18,0,-16.61,87.93,81.44,1.21,0,104.0,0,-1.0,18.0,51.0,0,15001.0,15.0,-1.0,14.0,0.71,3939.66,1.5
20230118,4140.1019,4151.4577,4125.7687,4130.3143,156.98,0,-14.2,22.19,41.45,0.95,-1,111.0,1,7.0,14.0,40.0,0,4001.0,4.0,-1.0,3.0,0.06,3954.72,1.33
20230119,4125.5772,4156.0077,4105.9797,4156.0077,178.76,0,21.78,-9.03,76.93,1.09,0,114.0,0,3.0,9.0,37.0,0,12001.0,12.0,-1.0,11.0,0.48,3971.0,1.4
20230120,4166.8444,4189.831,4161.6698,4181.5267,206.55,1,27.79,35.37,125.61,1.27,1,117.0,0,3.0,13.0,37.0,0,9000.0,9.0,-0.0,9.0,0.3,3988.27,1.47
20230130,4267.6248,4268.1522,4197.8596,4201.345,187.39,0,-19.16,30.41,104.14,0.95,0,118.0,0,1.0,7.0,32.0,0,14000.0,14.0,-0.0,14.0,0.5,4006.93,1.47
20230131,4200.5813,4212.7347,4153.0484,4156.8578,127.0,-1,-60.39,-51.76,-7.79,0.23,-1,111.0,-1,-7.0,-3.0,14.0,-1,6000.0,6.0,-0.0,6.0,0.01,4022.59,1.02
20230201,4170.1322,4195.9332,4137.7659,4195.9332,173.15,0,46.15,-33.4,-14.64,0.69,0,104.0,-1,-7.0,-13.0,-1.0,-1,15000.0,15.0,-0.0,15.0,0.48,4038.0,1.2
20230202,4207.4123,4207.4123,4170.5565,4181.1493,151.76,0,-21.39,-35.63,-19.42,0.4,0,100.0,-1,-4.0,-18.0,-4.0,-1,10000.0,10.0,-0.0,10.0,0.15,4053.49,0.97
20230203,4162.0258,4162.0258,4103.1654,4141.6319,93.98,-1,-57.78,-33.02,-63.0,-0.24,-1,99.0,0,-1.0,-12.0,-12.0,0,6000.0,6.0,-0.0,6.0,-0.1,4067.74,0.56
20230206,4103.8307,4105.9445,4065.2224,4086.8779,28.91,-1,-65.07,-144.24,-149.85,-0.9,-1,98.0,0,-1.0,-6.0,-16.0,0,4000.0,4.0,-0.0,4.0,-0.24,4078.5,0.06
20230207,4098.3117,4107.3438,4077.9623,4094.2335,37.89,0,8.98,-113.87,-168.66,-0.72,0,92.0,-1,-6.0,-8.0,-25.0,-1,4000.0,4.0,-0.0,4.0,-0.24,4088.82,0.04
20230208,4099.8573,4111.4745,4072.6474,4076.1411,11.64,-1,-26.25,-82.34,-175.75,-0.93,0,90.0,0,-2.0,-9.0,-28.0,0,4000.0,4.0,-0.0,4.0,-0.25,4097.98,-0.17
20230209,4067.5631,4130.8565,4064.7489,4130.8565,77.82,1,66.18,48.91,-49.18,-0.15,1,93.0,0,3.0,-5.0,-18.0,0,6000.0,6.0,-0.0,6.0,-0.14,4106.09,0.19
20230210,4124.0986,4125.2893,4092.3472,4106.3097,47.38,0,-30.44,9.49,-125.77,-0.45,0,85.0,-1,-8.0,-7.0,-19.0,-1,6000.0,6.0,-0.0,6.0,-0.13,4112.36,-0.05
20230213,4098.8795,4146.45,4092.2729,4143.574,89.72,1,42.34,78.08,-62.04,0.04,1,84.0,0,-1.0,-6.0,-16.0,0,10000.0,10.0,-0.0,10.0,0.1,4118.89,0.19
20230214,4151.247,4152.0487,4125.2583,4145.2902,95.81,0,6.09,17.99,1.83,0.1,1,83.0,0,-1.0,-10.0,-16.0,0,10000.0,10.0,-0.0,10.0,0.1,4125.28,0.15
20230215,4146.8547,4153.7159,4115.9671,4123.6893,63.56,0,-32.25,16.18,34.65,-0.25,0,80.0,0,-3.0,-5.0,-18.0,0,6001.0,6.0,-1.0,5.0,-0.19,4130.96,-0.06
20230216,4125.4087,4167.9003,4068.8591,4093.4876,3.1,-1,-60.46,-86.62,-34.79,-0.86,-1,71.0,-1,-9.0,-13.0,-21.0,-1,5000.0,5.0,-0.0,5.0,-0.2,4134.74,-0.31
20230217,4086.2237,4104.6398,4032.9285,4034.507,-54.34,-1,-57.44,-150.15,-65.98,-1.38,-1,67.0,-1,-4.0,-16.0,-23.0,-1,3003.0,3.0,-3.0,0.0,-0.46,4132.75,-0.75
20230220,4039.9623,4134.8623,4035.4762,4133.4896,84.93,1,139.27,21.37,7.11,0.21,1,66.0,0,-1.0,-14.0,-27.0,0,8001.0,8.0,-1.0,7.0,-0.03,4132.52,0.01
20230221,4130.0632,4151.7994,4116.2716,4144.3536,101.81,1,16.88,98.71,54.43,0.37,1,68.0,0,2.0,-3.0,-17.0,0,11000.0,11.0,-0.0,11.0,0.21,4132.88,0.09
20230222,4118.9669,4134.8759,4101.8596,4106.9506,58.44,0,-43.37,112.78,-31.28,-0.12,0,59.0,-1,-9.0,-8.0,-25.0,-1,6001.0,6.0,-1.0,5.0,-0.14,4131.71,-0.19
20230223,4106.2136,4132.3896,4088.2073,4103.6463,42.62,-1,-15.82,-42.31,-53.19,-0.28,-1,55.0,-1,-4.0,-11.0,-28.0,-1,4000.0,4.0,-0.0,4.0,-0.18,4129.09,-0.19
20230224,4100.9897,4102.6094,4048.2374,4061.0457,-2.23,-1,-44.85,-104.04,-65.79,-0.72,-1,55.0,0,0.0,-13.0,-25.0,0,4000.0,4.0,-0.0,4.0,-0.16,4123.07,-0.47
20230227,4040.4571,4067.0296,4034.5237,4043.8444,-21.18,-1,-18.95,-79.62,-24.28,-0.85,-1,56.0,0,1.0,-3.0,-15.0,0,4000.0,4.0,-0.0,4.0,-0.13,4115.19,-0.54
20230228,4058.1298,4074.2639,4026.4476,4069.4587,23.27,0,44.45,-19.35,77.61,-0.3,0,53.0,0,-3.0,-2.0,-14.0,0,3000.0,3.0,-0.0,3.0,-0.18,4110.82,-0.31
20230301,4068.7331,4135.4812,4061.2167,4126.9415,95.43,1,72.16,97.66,10.5,0.48,1,54.0,0,1.0,-1.0,-12.0,0,11000.0,11.0,-0.0,11.0,0.29,4107.37,0.15
20230302,4119.9919,4137.2525,4113.8264,4117.7377,85.46,0,-9.97,106.64,-16.35,0.33,0,50.0,-1,-4.0,-6.0,-18.0,0,8000.0,8.0,-0.0,8.0,0.12,4104.2,0.1
20230303,4126.0183,4135.2116,4100.3827,4130.5513,106.43,0,20.97,83.16,47.99,0.52,0,51.0,0,1.0,-2.0,-8.0,0,11001.0,11.0,-1.0,10.0,0.23,4103.65,0.2
20230306,4131.1525,4132.8367,4088.4484,4109.0102,81.92,-1,-24.51,-13.51,39.3,0.21,-1,41.0,-1,-10.0,-13.0,-14.0,-1,9001.0,9.0,-1.0,8.0,0.1,4104.76,0.03
20230307,4103.6419,4124.9609,4046.5679,4048.8519,0.94,-1,-80.98,-84.52,3.17,-0.65,-1,33.0,-1,-8.0,-17.0,-22.0,-1,7001.0,7.0,-1.0,6.0,-0.02,4102.49,-0.41
20230308,4030.7387,4037.287,4011.5231,4034.1077,-9.5,-1,-10.44,-115.93,11.68,-0.7,-1,14.0,-1,-19.0,-37.0,-42.0,-1,9001.0,9.0,-1.0,8.0,0.08,4100.39,-0.5
20230309,4035.8433,4043.8493,4000.8901,4019.8505,-18.1,0,-8.6,-100.02,-41.37,-0.72,0,7.0,-1,-7.0,-34.0,-46.0,-1,7003.0,7.0,-3.0,4.0,-0.14,4094.83,-0.57
20230310,3991.7959,4004.3612,3966.428,3967.1352,-96.95,-1,-78.85,-97.89,-192.38,-1.48,-1,3.0,0,-4.0,-30.0,-51.0,0,6004.0,6.0,-4.0,2.0,-0.24,4087.88,-0.92
20230313,3962.6426,4008.686,3962.6426,4008.686,-6.03,0,90.92,3.47,-91.49,-0.39,1,2.0,0,-1.0,-12.0,-48.0,0,9003.0,9.0,-3.0,6.0,-0.0,4081.13,-0.55
20230314,3999.8803,4001.9415,3946.9405,3984.6956,-46.56,0,-40.53,-28.46,-152.99,-0.78,0,-6.0,-1,-8.0,-13.0,-57.0,0,9003.0,9.0,-3.0,6.0,0.01,4073.1,-0.67
20230315,4011.8444,4018.7495,3986.902,3986.902,-22.76,0,23.8,74.19,-104.68,-0.45,0,-9.0,0,-3.0,-12.0,-50.0,0,10004.0,10.0,-4.0,6.0,0.01,4066.26,-0.6
20230316,3958.1962,3981.321,3936.4758,3939.1505,-94.14,-1,-71.38,-88.11,-95.08,-1.16,-1,-15.0,-1,-6.0,-17.0,-48.0,0,10011.0,10.0,-11.0,-1.0,-0.38,4058.55,-0.91
20230317,3971.1585,4004.2153,3945.2501,3958.8194,-46.11,0,48.03,0.45,-36.61,-0.54,0,-22.0,-1,-7.0,-16.0,-36.0,-1,16011.0,16.0,-11.0,5.0,-0.05,4054.76,-0.73
20230320,3962.6625,3979.5485,3935.0161,3939.077,-79.25,0,-33.14,-56.49,-61.15,-0.84,0,-24.0,0,-2.0,-15.0,-31.0,0,11009.0,11.0,-9.0,2.0,-0.21,4045.04,-0.8
20230321,3948.1573,3982.7047,3948.1573,3982.3782,-33.7,1,45.55,60.44,63.25,-0.28,1,-16.0,0,8.0,-1.0,-19.0,1,7004.0,7.0,-4.0,3.0,-0.13,4036.94,-0.41
20230322,3993.7849,4016.4495,3986.7093,3999.4427,-7.36,1,26.34,38.75,-1.33,0.02,1,-8.0,1,8.0,14.0,-10.0,1,10003.0,10.0,-3.0,7.0,0.1,4031.57,-0.24
20230323,3985.9928,4039.0895,3983.9986,4039.0895,50.93,1,58.29,130.18,97.49,0.63,1,-1.0,1,7.0,23.0,5.0,1,20001.0,20.0,-1.0,19.0,0.74,4028.34,0.08
20230324,4035.1564,4037.8417,4017.0028,4027.0457,14.22,0,-36.71,47.92,36.98,0.18,0,-6.0,0,-5.0,10.0,3.0,0,19000.0,19.0,-0.0,19.0,0.7,4026.64,0.0
20230327,4023.3028,4023.3028,3987.0297,4012.4771,-10.44,0,-24.66,-3.08,83.7,-0.09,-1,-13.0,-1,-7.0,-5.0,2.0,0,13001.0,13.0,-1.0,12.0,0.28,4025.07,-0.1
20230328,4015.6973,4023.7834,3994.5999,3999.5147,-21.01,-1,-10.57,-71.94,25.1,-0.19,-1,-7.0,0,6.0,-6.0,15.0,0,9002.0,9.0,-2.0,7.0,-0.02,4021.57,-0.17
20230329,4013.5926,4017.7572,3992.6662,4006.144,-17.73,0,3.28,-31.95,61.52,-0.14,0,-7.0,0,0.0,-1.0,17.0,0,11001.0,11.0,-1.0,10.0,0.15,4015.53,-0.07
20230330,4009.5573,4040.5023,3983.8958,4038.5257,34.51,1,52.24,44.95,68.21,0.42,1,1.0,1,8.0,14.0,17.0,1,10000.0,10.0,-0.0,10.0,0.15,4011.57,0.2
20230331,4045.4538,4063.5675,4039.9587,4050.9257,58.21,1,23.7,79.22,65.57,0.63,1,5.0,1,4.0,12.0,13.0,1,17001.0,17.0,-1.0,16.0,0.47,4007.59,0.33
20230403,4059.6227,4094.9376,4059.0607,4090.5676,110.92,1,52.71,128.65,59.99,1.12,1,21.0,1,16.0,28.0,22.0,1,20003.0,20.0,-3.0,17.0,0.51,4006.67,0.64
20230404,4089.2932,4103.1583,4080.0682,4103.1052,140.96,1,30.04,106.45,126.74,1.33,1,30.0,1,9.0,29.0,36.0,1,31003.0,31.0,-3.0,28.0,1.07,4009.38,0.71
20230406,4084.132,4098.8332,4078.4048,4096.64,134.61,0,-6.35,76.4,145.05,1.13,0,26.0,0,-4.0,21.0,39.0,0,33000.0,33.0,-0.0,33.0,1.29,4012.51,0.64
20230407,4096.9009,4131.3126,4092.1848,4123.2799,145.6,0,10.99,34.68,166.61,1.14,0,27.0,0,1.0,6.0,34.0,0,28000.0,28.0,-0.0,28.0,0.93,4017.68,0.8
20230410,4132.0096,4132.2952,4099.0519,4104.8118,95.38,-1,-50.22,-45.58,113.11,0.51,-1,24.0,0,-3.0,-6.0,31.0,0,16001.0,16.0,-1.0,15.0,0.15,4024.56,0.61
20230411,4108.5062,4116.1247,4083.4946,4100.1479,89.4,-1,-5.98,-45.21,54.89,0.4,-1,26.0,0,2.0,0.0,25.0,0,10000.0,10.0,-0.0,10.0,-0.15,4029.14,0.54
20230412,4102.3968,4108.2451,4090.2784,4097.2876,99.13,0,9.73,-46.47,40.92,0.46,0,32.0,1,6.0,5.0,27.0,1,14001.0,14.0,-1.0,13.0,0.0,4034.77,0.47
20230413,4081.3871,4088.8809,4059.5744,4068.9786,52.16,-1,-46.97,-43.22,-58.76,-0.08,-1,40.0,1,8.0,16.0,19.0,1,7003.0,7.0,-3.0,4.0,-0.51,4038.87,0.23
20230414,4078.9703,4098.2151,4075.2049,4091.9988,87.31,0,35.15,-2.09,-53.65,0.3,0,43.0,0,3.0,17.0,13.0,0,17002.0,17.0,-2.0,15.0,0.08,4046.51,0.35
20230417,4090.0719,4149.3836,4089.509,4149.3836,159.95,1,72.64,60.82,25.34,1.03,1,40.0,0,-3.0,8.0,14.0,0,28001.0,28.0,-1.0,27.0,0.7,4056.04,0.71
20230418,4139.3088,4169.6678,4138.4618,4162.032,165.19,1,5.24,113.03,19.59,0.99,0,43.0,0,3.0,3.0,16.0,0,23001.0,23.0,-1.0,22.0,0.36,4067.19,0.72
20230419,4159.3938,4159.3938,4118.6261,4124.5589,94.56,0,-70.63,7.25,-0.82,0.15,-1,26.0,-1,-17.0,-17.0,2.0,-1,21002.0,21.0,-2.0,19.0,0.14,4074.3,0.38
20230420,4122.9461,4125.8231,4094.0022,4113.0192,82.23,-1,-12.33,-77.72,-7.17,0.01,-1,12.0,-1,-14.0,-28.0,-14.0,-1,25003.0,25.0,-3.0,22.0,0.27,4079.98,0.25
20230421,4114.2642,4114.2642,4031.9123,4032.5672,-47.62,-1,-129.85,-212.81,-146.75,-1.35,-1,-2.0,-1,-14.0,-45.0,-34.0,-1,12007.0,12.0,-7.0,5.0,-0.67,4079.65,-0.36
20230424,4031.303,4033.6367,3967.907,3982.6429,-98.58,-1,-50.96,-193.14,-150.74,-1.75,-1,-19.0,-1,-17.0,-45.0,-59.0,-1,14012.0,14.0,-12.0,2.0,-0.79,4077.43,-0.72
20230425,3985.1055,3991.6868,3925.436,3962.6658,-106.8,0,-8.22,-189.03,-194.11,-1.67,0,-27.0,-1,-8.0,-39.0,-70.0,-1,17019.0,17.0,-19.0,-2.0,-0.98,4074.94,-0.85
20230426,3950.2553,3975.6562,3934.6625,3959.2323,-110.83,0,-4.03,-63.21,-270.78,-1.56,0,-24.0,0,3.0,-22.0,-64.0,0,11012.0,11.0,-12.0,-1.0,-0.9,4072.93,-0.86
20230427,3948.0313,3999.1302,3942.8152,3988.4185,-61.87,1,48.96,36.71,-227.06,-0.89,1,-26.0,0,-2.0,-7.0,-69.0,0,13011.0,13.0,-11.0,2.0,-0.7,4072.04,-0.63
20230428,3993.2561,4030.4469,3993.2561,4029.0858,11.33,1,73.2,118.13,-83.23,-0.04,1,-20.0,1,6.0,7.0,-46.0,1,16005.0,16.0,-5.0,11.0,-0.19,4071.57,-0.32
20230504,4013.4713,4035.7832,4001.1259,4030.2471,42.25,1,30.92,153.08,-39.98,0.28,1,-21.0,0,-1.0,3.0,-33.0,0,33010.0,33.0,-10.0,23.0,0.48,4070.53,-0.31
20230505,4031.0946,4047.6015,3998.392,4016.8774,9.66,0,-32.59,71.53,57.28,-0.08,0,-19.0,0,2.0,7.0,-17.0,0,32012.0,32.0,-12.0,20.0,0.3,4066.85,-0.38
20230508,4028.1056,4070.7724,4018.9608,4062.6624,101.36,1,91.7,90.03,199.94,0.88,1,-20.0,0,-1.0,0.0,-1.0,0,42008.0,42.0,-8.0,34.0,1.09,4064.83,-0.02
20230509,4065.439,4092.8501,4026.3886,4027.8754,33.58,0,-67.78,-8.67,140.38,0.09,0,-30.0,-1,-10.0,-9.0,-3.0,-1,28006.0,28.0,-6.0,22.0,0.43,4061.39,-0.25
20230510,4017.9358,4019.0587,3984.6287,3996.8695,-40.71,-1,-74.29,-50.37,70.12,-0.7,-1,-45.0,-1,-15.0,-26.0,-21.0,-1,13009.0,13.0,-9.0,4.0,-0.54,4055.07,-0.44
20230511,4005.7823,4018.0579,3988.4816,3990.6637,-59.49,-1,-18.78,-160.85,2.38,-0.83,-1,-52.0,-1,-7.0,-32.0,-26.0,-1,7008.0,7.0,-8.0,-1.0,-0.78,4049.36,-0.45
20230512,3987.769,3999.3831,3937.5274,3937.7622,-127.86,-1,-68.37,-161.44,-139.19,-1.46,-1,-52.0,0,0.0,-22.0,-32.0,0,6010.0,6.0,-10.0,-4.0,-0.91,4041.24,-0.78
20230515,3938.83,3998.8872,3923.0317,3998.8872,-38.46,0,89.4,2.25,-80.71,-0.39,1,-51.0,0,1.0,-6.0,-30.0,0,4004.0,4.0,-4.0,0.0,-0.64,4036.32,-0.28
20230516,4002.5237,4005.015,3966.9921,3978.2054,-65.67,0,-27.21,-6.18,-75.33,-0.64,0,-49.0,0,2.0,3.0,-30.0,0,4005.0,4.0,-5.0,-1.0,-0.69,4031.78,-0.41
20230517,3971.7017,3982.6044,3945.7137,3960.165,-77.84,0,-12.17,50.02,-179.2,-0.7,0,-59.0,-1,-10.0,-7.0,-39.0,0,2008.0,2.0,-8.0,-6.0,-0.91,4025.19,-0.49
20230518,3965.5162,3982.7178,3939.5526,3956.0701,-55.4,0,22.44,-16.94,-88.98,-0.4,0,-66.0,-1,-7.0,-15.0,-36.0,-1,5005.0,5.0,-5.0,0.0,-0.49,4015.53,-0.45
20230519,3946.2215,3967.2816,3928.316,3944.5403,-74.61,0,-19.21,-8.94,-33.9,-0.56,0,-69.0,0,-3.0,-20.0,-24.0,0,2003.0,2.0,-3.0,-1.0,-0.48,4004.65,-0.46
20230522,3941.0015,3985.4031,3935.8015,3969.3277,-40.46,1,34.15,37.38,19.03,-0.15,1,-71.0,0,-2.0,-12.0,-19.0,0,1002.0,1.0,-2.0,-1.0,-0.42,3996.89,-0.21
20230523,3968.2346,3971.939,3913.1882,3913.1882,-124.47,-1,-84.01,-69.07,3.39,-1.02,-1,-73.0,0,-2.0,-7.0,-21.0,0,6.0,0.0,-6.0,-6.0,-0.63,3986.9,-0.56
20230524,3903.7818,3903.7818,3859.0935,3859.0935,-191.0,-1,-66.53,-116.39,-152.54,-1.62,-1,-77.0,-1,-4.0,-8.0,-26.0,0,1010.0,1.0,-10.0,-9.0,-0.76,3978.22,-0.9
20230525,3851.4053,3861.3815,3817.8365,3850.4996,-172.63,0,18.37,-132.17,-106.96,-1.27,0,-81.0,-1,-4.0,-10.0,-32.0,0,2006.0,2.0,-6.0,-4.0,-0.46,3971.62,-0.92
20230526,3848.4174,3859.6291,3815.5701,3850.9511,-134.93,0,37.7,-10.46,-57.09,-0.75,1,-90.0,-1,-9.0,-17.0,-31.0,-1,2008.0,2.0,-8.0,-6.0,-0.56,3966.03,-0.87
20230529,3862.0838,3866.7238,3819.1822,3833.9416,-123.3,1,11.63,67.7,-67.9,-0.56,1,-91.0,0,-1.0,-14.0,-25.0,0,5007.0,5.0,-7.0,-2.0,-0.33,3959.77,-0.95
20230530,3827.7924,3844.0052,3789.2736,3837.7531,-101.55,1,21.75,71.08,-26.94,-0.28,1,-92.0,0,-1.0,-11.0,-23.0,0,5003.0,5.0,-3.0,2.0,-0.1,3952.23,-0.87
20230531,3827.1634,3827.1634,3781.4034,3798.5434,-122.59,0,-21.04,12.34,-82.13,-0.47,0,-90.0,0,2.0,0.0,-19.0,0,7007.0,7.0,-7.0,0.0,-0.18,3940.71,-1.08
20230601,3788.5902,3832.2051,3786.7344,3806.8679,-123.32,0,-0.73,-0.02,1.15,-0.44,0,-92.0,0,-2.0,-1.0,-19.0,0,5008.0,5.0,-8.0,-3.0,-0.28,3929.54,-0.93
20230602,3821.6198,3865.2843,3821.6198,3861.8337,-54.12,1,69.2,47.43,136.88,0.33,1,-88.0,1,4.0,4.0,-11.0,1,2004.0,2.0,-4.0,-2.0,-0.16,3921.79,-0.45
20230605,3860.5557,3860.5557,3832.4578,3844.2492,-59.25,0,-5.13,63.34,113.38,0.24,0,-85.0,0,3.0,5.0,-4.0,0,3005.0,3.0,-5.0,-2.0,-0.06,3910.86,-0.51
20230606,3840.4587,3867.8452,3802.8449,3808.1629,-115.0,0,-55.75,8.32,19.93,-0.36,0,-85.0,0,0.0,7.0,5.0,0,1004.0,1.0,-4.0,-3.0,-0.04,3899.88,-0.7
20230607,3815.4823,3823.1124,3780.1021,3789.3418,-120.48,-1,-5.48,-66.36,2.82,-0.39,-1,-83.0,0,2.0,5.0,8.0,0,2004.0,2.0,-4.0,-2.0,0.03,3889.5,-0.76
20230608,3791.0826,3834.3888,3777.7752,3820.1867,-66.11,0,54.37,-6.86,35.44,0.22,0,-80.0,0,3.0,5.0,12.0,0,3001.0,3.0,-1.0,2.0,0.25,3880.98,-0.46
20230609,3822.4088,3836.7026,3811.2189,3836.7026,-13.79,1,52.32,101.21,108.8,0.75,1,-67.0,1,13.0,18.0,23.0,1,9001.0,9.0,-1.0,8.0,0.56,3875.93,-0.3
20230612,3827.3253,3859.7156,3813.8577,3844.4324,-15.03,0,-1.24,105.45,108.29,0.66,0,-62.0,1,5.0,21.0,30.0,1,6001.0,6.0,-1.0,5.0,0.38,3868.2,-0.18
20230613,3838.1287,3867.3034,3833.4598,3864.9074,11.21,1,26.24,77.32,65.33,0.87,0,-51.0,1,11.0,29.0,37.0,1,8002.0,8.0,-2.0,6.0,0.41,3862.54,0.02
20230614,3872.7155,3891.6656,3862.0609,3864.0247,11.89,0,0.68,25.68,71.14,0.8,0,-45.0,1,6.0,22.0,40.0,1,11003.0,11.0,-3.0,8.0,0.49,3857.73,0.05
20230615,3871.7746,3925.4994,3871.7746,3925.4994,78.29,1,66.4,93.32,193.29,1.42,1,-27.0,1,18.0,35.0,58.0,1,12000.0,12.0,-0.0,12.0,0.68,3856.2,0.53
20230616,3932.2114,3968.0128,3928.5419,3963.3509,122.49,1,44.2,111.28,242.97,1.74,1,-18.0,1,9.0,33.0,65.0,1,14001.0,14.0,-1.0,13.0,0.7,3857.14,0.81
20230619,3957.0327,3957.0327,3922.4742,3930.9079,95.99,0,-26.5,84.1,162.1,1.3,0,-13.0,1,5.0,32.0,67.0,0,19000.0,19.0,-0.0,19.0,0.99,3855.22,0.57
20230620,3926.094,3937.4945,3918.473,3924.2377,74.68,0,-21.31,-3.61,88.47,0.95,-1,-19.0,0,-6.0,8.0,48.0,-1,23001.0,23.0,-1.0,22.0,1.08,3855.77,0.52
20230621,3909.1044,3920.1276,3864.0323,3864.0323,-22.47,-1,-97.15,-144.96,-7.44,-0.15,-1,-26.0,-1,-7.0,-8.0,36.0,-1,14001.0,14.0,-1.0,13.0,0.5,3856.02,0.06
20230626,3833.4436,3841.2862,3801.0537,3809.6962,-103.13,-1,-80.66,-199.12,-114.34,-0.98,-1,-29.0,0,-3.0,-16.0,22.0,0,7006.0,7.0,-6.0,1.0,-0.2,3853.98,-0.34
20230627,3811.6872,3851.8957,3806.3242,3845.4334,-26.27,0,76.86,-100.95,-38.16,-0.08,0,-33.0,-1,-4.0,-14.0,12.0,-1,10001.0,10.0,-1.0,9.0,0.21,3853.71,-0.06
20230628,3836.6086,3846.8516,3808.1607,3840.7986,-25.86,0,0.41,-3.39,-104.15,-0.07,0,-26.0,0,7.0,0.0,1.0,0,4001.0,4.0,-1.0,3.0,-0.15,3854.05,-0.1
20230629,3836.7305,3840.7132,3817.3759,3821.8435,-38.06,0,-12.2,65.07,-160.55,-0.19,0,-22.0,1,4.0,7.0,-4.0,1,6001.0,6.0,-1.0,5.0,-0.04,3853.25,-0.24
20230630,3816.3345,3860.0311,3813.552,3842.4516,4.83,1,42.89,31.1,-91.16,0.27,1,-18.0,1,4.0,15.0,-5.0,1,7002.0,7.0,-2.0,5.0,-0.05,3855.45,-0.1
20230703,3853.2919,3897.3273,3853.2919,3892.8821,67.71,1,62.88,93.57,-6.97,0.91,1,-16.0,0,2.0,10.0,3.0,0,6002.0,6.0,-2.0,4.0,-0.13,3859.75,0.25
20230704,3888.0328,3899.9755,3878.3978,3899.0133,66.36,0,-1.35,104.42,88.83,0.81,0,-11.0,1,5.0,11.0,15.0,1,8002.0,8.0,-2.0,6.0,-0.04,3861.61,0.28
20230705,3895.1945,3899.5188,3864.1301,3868.8054,24.61,0,-41.75,19.78,127.74,0.29,0,-13.0,0,-2.0,5.0,16.0,0,3003.0,3.0,-3.0,0.0,-0.39,3862.84,0.05
20230706,3857.0304,3876.8901,3836.4573,3842.7547,-14.01,-1,-38.62,-81.72,12.26,-0.14,-1,-13.0,0,0.0,3.0,20.0,0,2003.0,2.0,-3.0,-1.0,-0.45,3864.57,-0.17
20230707,3831.5955,3844.8438,3819.0772,3825.6988,-23.66,-1,-9.65,-90.02,2.2,-0.23,-1,-17.0,-1,-4.0,-6.0,9.0,-1,3003.0,3.0,-3.0,0.0,-0.4,3866.38,-0.31
20230710,3841.5591,3865.4566,3831.92,3844.3269,-5.23,0,18.43,-29.84,32.83,-0.01,0,-12.0,0,5.0,1.0,10.0,0,2002.0,2.0,-2.0,0.0,-0.4,3867.59,-0.18
20230711,3853.7955,3870.6549,3844.5244,3869.4861,32.16,1,37.39,46.17,27.33,0.38,1,-4.0,1,8.0,9.0,14.0,1,2004.0,2.0,-4.0,-2.0,-0.48,3869.23,0.0
20230712,3864.6013,3874.0403,3838.5632,3843.4369,-14.16,0,-46.32,9.5,-81.87,-0.14,0,-2.0,0,2.0,15.0,14.0,0,1004.0,1.0,-4.0,-3.0,-0.52,3869.18,-0.2
20230713,3855.662,3901.1023,3855.662,3898.4229,69.39,1,83.55,74.62,3.03,0.75,1,2.0,1,4.0,14.0,13.0,0,2005.0,2.0,-5.0,-3.0,-0.49,3870.86,0.21
20230714,3904.6033,3908.4871,3893.7862,3899.1027,65.88,0,-3.51,33.72,41.27,0.64,0,5.0,0,3.0,9.0,18.0,0,6003.0,6.0,-3.0,3.0,-0.13,3872.61,0.2
20230717,3881.6225,3881.6225,3852.2626,3867.1749,32.99,0,-32.89,47.15,47.0,0.23,0,4.0,0,-1.0,6.0,17.0,0,3002.0,3.0,-2.0,1.0,-0.22,3869.69,-0.02
20230718,3871.0444,3871.0444,3844.5129,3854.9393,15.18,-1,-17.81,-54.21,38.84,0.02,-1,10.0,1,6.0,8.0,27.0,0,1002.0,1.0,-2.0,-1.0,-0.29,3864.27,-0.07
20230719,3848.4826,3860.0092,3830.4073,3850.8663,15.16,0,-0.02,-50.72,20.39,0.02,0,9.0,0,-1.0,4.0,21.0,0,1002.0,1.0,-2.0,-1.0,-0.23,3860.27,-0.07
20230720,3857.7725,3875.6241,3818.7134,3823.6946,-40.41,-1,-55.57,-73.4,-72.57,-0.56,-1,13.0,1,4.0,9.0,17.0,0,4.0,0.0,-4.0,-4.0,-0.33,3855.24,-0.24
20230721,3816.9835,3849.5109,3808.803,3821.91,-43.78,0,-3.37,-58.96,-29.62,-0.54,0,16.0,0,3.0,6.0,18.0,0,2.0,0.0,-2.0,-2.0,-0.17,3853.14,-0.24
20230724,3803.3492,3828.7853,3798.8048,3805.221,-52.96,0,-9.18,-68.12,-122.35,-0.59,0,26.0,1,10.0,17.0,24.0,1,1002.0,1.0,-2.0,-1.0,-0.11,3852.91,-0.36
20230725,3866.6445,3915.8148,3866.6445,3915.1153,84.12,1,137.08,124.53,18.24,0.9,1,39.0,1,13.0,26.0,34.0,1,1001.0,1.0,-1.0,0.0,-0.03,3856.4,0.45
20230726,3908.174,3912.9834,3893.3987,3907.0128,60.4,0,-23.72,104.18,27.41,0.57,0,50.0,1,11.0,34.0,46.0,1,1002.0,1.0,-2.0,-1.0,-0.07,3859.71,0.36
20230727,3914.2298,3935.3578,3894.6923,3902.3458,40.32,0,-20.08,93.28,25.14,0.3,0,65.0,1,15.0,39.0,55.0,1,2002.0,2.0,-2.0,0.0,0.0,3863.73,0.29
20230728,3889.7929,4000.919,3886.5535,3992.7376,151.61,1,111.29,67.49,136.45,1.44,1,80.0,1,15.0,41.0,71.0,1,20002.0,20.0,-2.0,18.0,1.0,3871.25,0.92
20230731,4018.8895,4064.3621,4002.0784,4014.6301,167.14,1,15.53,106.74,207.55,1.47,1,84.0,1,4.0,34.0,71.0,0,18001.0,18.0,-1.0,17.0,0.9,3877.33,1.04
20230801,4009.1831,4031.7008,3983.0273,3998.001,141.81,0,-25.33,101.49,185.59,1.06,0,86.0,0,2.0,21.0,70.0,0,7001.0,7.0,-1.0,6.0,0.27,3882.28,0.88
20230802,3985.6951,4008.3343,3958.5127,3969.895,80.33,-1,-61.48,-71.28,133.29,0.32,-1,87.0,0,1.0,7.0,61.0,0,5003.0,5.0,-3.0,2.0,0.03,3887.34,0.63
20230803,3962.1296,4004.9996,3962.1296,4004.9839,117.67,0,37.34,-49.47,33.55,0.68,0,81.0,-1,-6.0,-3.0,42.0,-1,7001.0,7.0,-1.0,6.0,0.24,3895.45,0.83
20230804,4033.7239,4058.2431,4011.6202,4020.5792,129.29,0,11.62,-12.52,68.89,0.73,0,70.0,-1,-11.0,-16.0,20.0,-1,7001.0,7.0,-1.0,6.0,0.23,3905.19,0.88
20230807,4002.9677,4002.9677,3977.0173,3990.1531,76.0,-1,-53.29,-4.33,35.68,0.11,-1,63.0,-1,-7.0,-24.0,-2.0,-1,4003.0,4.0,-3.0,1.0,-0.06,3912.49,0.59
20230808,3980.0423,4002.2904,3963.4632,3979.7322,54.38,-1,-21.62,-63.29,-97.23,-0.13,-1,46.0,-1,-17.0,-35.0,-34.0,-1,5002.0,5.0,-2.0,3.0,0.04,3918.0,0.47
20230809,3967.3566,3982.1091,3961.8434,3967.5652,20.22,-1,-34.16,-109.07,-146.92,-0.47,-1,33.0,-1,-13.0,-37.0,-51.0,-1,2000.0,2.0,-0.0,2.0,-0.03,3924.2,0.33
20230810,3962.8569,3976.4637,3945.3869,3975.7166,45.23,0,25.01,-30.77,-96.58,-0.17,0,14.0,-1,-19.0,-49.0,-72.0,-1,3000.0,3.0,-0.0,3.0,0.01,3928.07,0.36
20230811,3977.9834,3977.9834,3884.2538,3884.2538,-86.67,-1,-131.9,-141.05,-167.0,-1.53,-1,-11.0,-1,-25.0,-57.0,-98.0,-1,1.0,0.0,-1.0,-1.0,-0.21,3927.33,-0.33
20230814,3840.8872,3859.4718,3814.0711,3855.9061,-97.0,-1,-10.33,-117.22,-214.67,-1.49,0,-28.0,-1,-17.0,-61.0,-109.0,-1,0.0,0.0,-0.0,0.0,-0.15,3926.76,-0.54
20230815,3858.3662,3865.284,3811.6839,3846.5357,-93.82,0,3.18,-139.05,-223.11,-1.32,0,-36.0,-1,-8.0,-50.0,-106.0,0,3.0,0.0,-3.0,-3.0,-0.32,3926.34,-0.61
20230816,3830.8274,3852.4198,3817.6324,3818.3338,-134.24,-1,-40.42,-47.57,-210.24,-1.62,-1,-47.0,-1,-11.0,-36.0,-110.0,-1,1006.0,1.0,-6.0,-5.0,-0.42,3924.72,-0.81
20230817,3801.1969,3836.1507,3782.4967,3831.1008,-101.75,0,32.49,-4.75,-156.13,-1.12,1,-63.0,-1,-16.0,-35.0,-109.0,-1,1001.0,1.0,-1.0,0.0,-0.15,3925.09,-0.71
20230818,3832.4554,3844.195,3784.0038,3784.0038,-156.95,-1,-55.2,-63.13,-177.17,-1.59,0,-79.0,-1,-16.0,-43.0,-112.0,-1,5.0,0.0,-5.0,-5.0,-0.42,3923.19,-1.06
20230821,3773.225,3782.1112,3729.555,3729.555,-220.02,-1,-63.07,-85.78,-265.25,-2.1,-1,-93.0,-1,-14.0,-46.0,-107.0,-1,9.0,0.0,-9.0,-9.0,-0.63,3919.41,-1.44
20230822,3748.0675,3770.0556,3704.6785,3758.2271,-146.13,0,73.89,-44.38,-59.46,-1.13,0,-98.0,-1,-5.0,-35.0,-87.0,0,1007.0,1.0,-7.0,-6.0,-0.44,3911.56,-1.16
20230823,3751.7736,3756.1659,3695.0309,3696.6339,-218.56,0,-72.43,-61.61,-121.56,-1.78,0,-103.0,-1,-5.0,-24.0,-75.0,1,1013.0,1.0,-13.0,-12.0,-0.76,3901.04,-1.55
20230824,3711.5403,3748.8567,3701.5717,3723.4293,-188.11,0,30.45,31.91,-94.29,-1.29,0,-102.0,0,1.0,-9.0,-66.0,0,10.0,0.0,-10.0,-10.0,-0.61,3892.1,-1.28
20230825,3703.5136,3734.2185,3695.8442,3709.1517,-193.02,0,-4.91,-46.89,-58.78,-1.22,0,-102.0,0,0.0,-4.0,-55.0,0,12.0,0.0,-12.0,-12.0,-0.64,3877.92,-1.28
20230828,3911.5485,3911.5485,3740.5279,3752.6194,-109.94,1,83.08,108.62,-8.19,-0.23,1,-88.0,1,14.0,15.0,-25.0,1,11.0,0.0,-11.0,-11.0,-0.5,3864.82,-0.85
20230829,3743.0534,3810.3772,3742.0758,3790.1067,-50.82,1,59.12,137.29,106.13,0.41,1,-82.0,1,6.0,20.0,-3.0,1,2002.0,2.0,-2.0,0.0,0.15,3854.42,-0.49
20230830,3803.1191,3813.7032,3780.2411,3788.5097,-48.36,0,2.46,144.66,171.66,0.39,0,-70.0,1,12.0,32.0,23.0,1,2005.0,2.0,-5.0,-3.0,-0.01,3845.35,-0.43
20230831,3786.9261,3793.9972,3762.0046,3765.2678,-72.92,0,-24.56,37.02,73.21,0.1,0,-63.0,1,7.0,25.0,35.0,1,1003.0,1.0,-3.0,-2.0,0.07,3833.37,-0.52
20230901,3778.9129,3808.5306,3778.9129,3791.4912,-26.0,1,46.92,24.82,192.56,0.58,1,-54.0,1,9.0,28.0,49.0,1,2001.0,2.0,-1.0,1.0,0.26,3821.91,-0.23
20230904,3812.9873,3854.2605,3804.5886,3848.9517,49.24,1,75.24,97.6,237.35,1.31,1,-47.0,1,7.0,23.0,55.0,1,9003.0,9.0,-3.0,6.0,0.53,3814.85,0.26
20230905,3839.5779,3839.5779,3814.3338,3820.3174,6.35,0,-42.89,79.27,199.37,0.74,0,-49.0,0,-2.0,14.0,53.0,0,5001.0,5.0,-1.0,4.0,0.41,3806.88,0.1
20230906,3808.1,3817.5239,3790.8949,3812.0283,-12.64,0,-18.99,13.36,97.3,0.47,0,-53.0,0,-4.0,1.0,35.0,0,4002.0,4.0,-2.0,2.0,0.3,3799.11,0.1
20230907,3802.2272,3802.2272,3756.853,3758.4748,-77.69,-1,-65.05,-126.93,-26.87,-0.26,-1,-59.0,-1,-6.0,-12.0,23.0,-1,3003.0,3.0,-3.0,0.0,0.19,3788.24,-0.23
20230908,3747.6509,3753.263,3724.987,3739.9927,-85.0,-1,-7.31,-91.35,-36.64,-0.31,-1,-61.0,0,-2.0,-12.0,9.0,0,1006.0,1.0,-6.0,-5.0,-0.09,3781.03,-0.31
20230911,3740.5846,3788.3219,3734.7228,3767.537,-27.76,0,57.24,-15.12,45.16,0.32,0,-59.0,0,2.0,-6.0,4.0,0,1003.0,1.0,-3.0,-2.0,0.09,3776.61,-0.07
20230912,3764.3331,3775.093,3755.4162,3760.6048,-32.65,0,-4.89,45.04,-6.65,0.24,0,-58.0,0,1.0,1.0,-4.0,0,1002.0,1.0,-2.0,-1.0,0.14,3772.32,-0.09
20230913,3759.6091,3768.8162,3719.1114,3736.6513,-61.18,0,-28.53,23.82,-110.42,-0.08,0,-63.0,-1,-5.0,-2.0,-16.0,0,3002.0,3.0,-2.0,1.0,0.24,3768.23,-0.24
20230914,3736.9355,3748.8177,3717.3107,3733.5077,-44.71,0,16.47,-16.95,-51.06,0.1,0,-69.0,-1,-6.0,-10.0,-20.0,-1,5001.0,5.0,-1.0,4.0,0.4,3763.35,-0.23
20230915,3740.7853,3749.0247,3699.3806,3708.7766,-72.37,-1,-27.66,-39.72,-59.73,-0.2,-1,-78.0,-1,-9.0,-20.0,-25.0,-1,3002.0,3.0,-2.0,1.0,0.21,3759.59,-0.39
20230918,3698.9344,3737.5306,3691.1107,3727.711,-57.17,0,15.2,4.01,20.52,-0.02,0,-83.0,-1,-5.0,-20.0,-24.0,-1,4001.0,4.0,-1.0,3.0,0.29,3759.5,-0.24
20230919,3723.4244,3724.0717,3702.6934,3720.5021,-53.89,0,3.28,-9.18,31.11,0.01,0,-85.0,0,-2.0,-16.0,-24.0,0,3001.0,3.0,-1.0,2.0,0.21,3757.61,-0.28
20230920,3715.9578,3718.5207,3705.1274,3705.6898,-69.62,0,-15.73,2.75,-41.86,-0.15,0,-90.0,-1,-5.0,-12.0,-31.0,-1,3001.0,3.0,-1.0,2.0,0.17,3758.07,-0.4
20230921,3698.313,3708.4557,3672.4448,3672.4448,-103.13,-1,-33.51,-45.96,-70.48,-0.49,-1,-89.0,0,1.0,-6.0,-31.0,0,1.0,0.0,-1.0,-1.0,-0.03,3755.52,-0.63
20230922,3672.6402,3740.4183,3664.7661,3738.9327,-19.15,1,83.98,34.74,42.03,0.44,1,-91.0,0,-2.0,-6.0,-28.0,0,1000.0,1.0,-0.0,1.0,0.05,3757.01,-0.14
20230925,3738.0622,3738.0622,3711.2049,3714.6037,-41.87,0,-22.72,27.75,2.84,0.16,0,-86.0,1,5.0,4.0,-17.0,1,1.0,0.0,-1.0,-1.0,-0.09,3755.11,-0.31
20230926,3711.7106,3723.8481,3692.6172,3692.8928,-59.85,0,-17.98,43.28,12.52,-0.05,0,-85.0,0,1.0,4.0,-7.0,0,1.0,0.0,-1.0,-1.0,-0.09,3750.24,-0.43
20230927,3694.9607,3731.1405,3694.3938,3700.495,-46.56,0,13.29,-27.41,10.61,0.1,0,-84.0,0,1.0,7.0,-1.0,0,0.0,0.0,-0.0,0.0,-0.04,3745.84,-0.34
20230928,3711.2117,3716.0569,3685.3001,3689.5172,-48.13,0,-1.57,-6.26,5.76,0.07,0,-82.0,0,2.0,4.0,3.0,0,0.0,0.0,-0.0,0.0,-0.05,3742.06,-0.4
20231009,3678.929,3694.1713,3641.9966,3684.7272,-41.83,1,6.3,18.02,27.79,0.13,0,-89.0,-1,-7.0,-4.0,1.0,-1,1001.0,1.0,-1.0,0.0,-0.04,3736.72,-0.39
20231010,3696.2542,3701.2562,3655.589,3657.1259,-90.56,-1,-48.73,-44.0,12.57,-0.39,-1,-95.0,-1,-6.0,-11.0,-6.0,-1,2.0,0.0,-2.0,-2.0,-0.13,3727.13,-0.53
20231011,3674.7514,3689.5347,3658.355,3667.5483,-80.35,0,10.21,-32.22,-61.2,-0.25,0,-96.0,0,-1.0,-14.0,-5.0,0,1002.0,1.0,-2.0,-1.0,-0.06,3719.49,-0.39
20231012,3697.9337,3711.4985,3682.8418,3702.3824,-23.18,1,57.17,18.65,18.69,0.37,1,-99.0,0,-3.0,-10.0,-13.0,0,1002.0,1.0,-2.0,-1.0,-0.05,3714.01,-0.09
20231013,3677.9585,3678.1913,3652.3094,3663.4104,-69.01,0,-45.83,21.55,-9.16,-0.14,0,-109.0,-1,-10.0,-14.0,-24.0,-1,3003.0,3.0,-3.0,0.0,0.0,3709.25,-0.35
20231016,3664.039,3664.039,3615.7686,3626.5972,-94.86,-1,-25.85,-14.51,-48.3,-0.4,-1,-119.0,-1,-10.0,-23.0,-35.0,-1,2003.0,2.0,-3.0,-1.0,-0.07,3703.58,-0.58
20231017,3635.2994,3645.5654,3619.1277,3639.4018,-63.27,0,31.59,-40.09,-15.14,-0.03,0,-127.0,-1,-8.0,-28.0,-45.0,-1,2002.0,2.0,-2.0,0.0,-0.01,3697.18,-0.44
20231018,3631.0671,3632.0579,3608.9768,3610.5767,-113.07,-1,-49.8,-44.06,-71.24,-0.55,-1,-145.0,-1,-18.0,-36.0,-56.0,-1,2005.0,2.0,-5.0,-3.0,-0.18,3689.67,-0.6
20231019,3588.5154,3588.5154,3532.3059,3533.5445,-203.52,-1,-90.45,-108.66,-112.96,-1.44,-1,-156.0,-1,-11.0,-37.0,-61.0,-1,9.0,0.0,-9.0,-9.0,-0.5,3679.52,-1.11
20231020,3518.3464,3535.6623,3501.725,3510.5889,-223.96,-1,-20.44,-160.69,-143.61,-1.52,-1,-165.0,-1,-9.0,-38.0,-69.0,-1,11.0,0.0,-11.0,-11.0,-0.57,3668.37,-1.2
20231023,3500.199,3505.3468,3450.6456,3474.2438,-269.35,-1,-45.39,-156.28,-246.17,-1.85,-1,-168.0,0,-3.0,-23.0,-69.0,0,18.0,0.0,-18.0,-18.0,-0.92,3656.65,-1.38
20231024,3481.7644,3495.0039,3453.1016,3487.1302,-212.68,0,56.67,-9.16,-143.67,-1.08,1,-159.0,0,9.0,-3.0,-50.0,1,1010.0,1.0,-10.0,-9.0,-0.36,3644.62,-1.19
20231025,3524.2965,3531.8314,3500.9154,3504.4576,-169.44,1,43.24,54.52,-74.58,-0.52,1,-143.0,1,16.0,22.0,-24.0,1,1010.0,1.0,-10.0,-9.0,-0.33,3633.82,-0.98
20231026,3484.7807,3515.5716,3478.0503,3514.1448,-128.68,1,40.76,140.67,-65.41,-0.05,1,-113.0,1,30.0,55.0,14.0,1,7.0,0.0,-7.0,-7.0,-0.19,3624.24,-0.84
20231027,3501.171,3576.5861,3494.5488,3562.3851,-50.96,1,77.72,161.72,62.11,0.77,1,-94.0,1,19.0,65.0,51.0,1,2004.0,2.0,-4.0,-2.0,0.1,3618.74,-0.43
20231030,3554.1055,3592.7188,3554.0238,3583.7718,-32.3,1,18.66,137.14,171.22,0.89,1,-88.0,1,6.0,55.0,68.0,0,10.0,0.0,-10.0,-10.0,-0.33,3610.98,-0.21
20231031,3581.6759,3581.6759,3554.5822,3572.5056,-37.45,0,-5.15,91.23,186.51,0.75,0,-78.0,1,10.0,35.0,87.0,1,1001.0,1.0,-1.0,0.0,0.24,3603.87,-0.24
20231101,3605.7576,3606.4126,3564.6421,3571.0268,-53.45,-1,-16.0,-2.49,215.9,0.51,-1,-77.0,0,1.0,17.0,91.0,0,0.0,0.0,-0.0,0.0,0.24,3597.78,-0.2
20231102,3580.0672,3597.1699,3553.7406,3554.1889,-73.64,-1,-20.19,-41.34,139.04,0.25,-1,-73.0,1,4.0,15.0,86.0,0,1.0,0.0,-1.0,-1.0,0.18,3590.46,-0.28
20231103,3558.5303,3596.101,3558.5303,3584.1364,-33.06,1,40.58,4.39,136.38,0.65,0,-61.0,1,12.0,17.0,82.0,1,1.0,0.0,-1.0,-1.0,0.19,3585.19,-0.01
20231106,3608.3187,3635.7897,3600.6304,3632.6084,22.9,1,55.96,76.35,151.58,1.18,1,-52.0,1,9.0,25.0,61.0,1,1001.0,1.0,-1.0,0.0,0.24,3582.59,0.38
20231107,3623.7849,3628.4615,3606.2975,3619.7593,16.48,0,-6.42,90.12,67.44,1.0,0,-50.0,0,2.0,23.0,44.0,0,2000.0,2.0,-0.0,2.0,0.35,3580.72,0.3
20231108,3610.6434,3627.0479,3591.8248,3611.0723,-1.35,0,-17.83,31.71,30.95,0.72,0,-43.0,1,7.0,18.0,45.0,0,2002.0,2.0,-2.0,0.0,0.23,3577.9,0.25
20231109,3603.1082,3624.4141,3601.3744,3612.8263,15.95,0,17.3,-6.95,53.4,0.83,0,-39.0,1,4.0,13.0,39.0,0,2001.0,2.0,-1.0,1.0,0.28,3573.42,0.3
20231110,3596.0688,3599.4519,3576.1011,3586.4893,-11.63,-1,-27.58,-28.11,41.82,0.46,-1,-38.0,0,1.0,12.0,39.0,0,1001.0,1.0,-1.0,0.0,0.22,3569.57,0.13
20231113,3593.9109,3599.3897,3562.7682,3579.4141,-9.73,0,1.9,-8.38,63.91,0.44,0,-45.0,-1,-7.0,-2.0,28.0,-1,1001.0,1.0,-1.0,0.0,0.22,3567.21,0.09
20231114,3581.1034,3600.1483,3568.882,3582.0584,2.25,0,11.98,-13.7,35.31,0.52,0,-45.0,0,0.0,-6.0,16.0,0,2001.0,2.0,-1.0,1.0,0.28,3564.35,0.13
20231115,3616.8765,3620.6007,3596.9158,3607.2454,35.17,1,32.92,46.8,12.27,0.82,1,-46.0,0,-1.0,-8.0,6.0,0,4000.0,4.0,-0.0,4.0,0.43,3564.18,0.33
20231116,3600.9813,3605.2898,3572.3636,3572.3641,-9.79,0,-44.96,-0.06,-26.27,0.27,-1,-47.0,0,-1.0,-2.0,3.0,0,1000.0,1.0,-0.0,1.0,0.23,3566.12,0.05
20231117,3561.3112,3573.6819,3547.0287,3568.0685,-7.7,0,2.09,-9.95,-6.35,0.26,0,-56.0,-1,-9.0,-11.0,-13.0,-1,1000.0,1.0,-0.0,1.0,0.19,3568.99,-0.01
20231120,3569.7314,3586.9731,3545.1038,3576.3233,5.69,0,13.39,-29.48,-10.26,0.38,0,-63.0,-1,-7.0,-17.0,-24.0,-1,2000.0,2.0,-0.0,2.0,0.19,3574.1,0.02
20231121,3587.8779,3615.0569,3575.682,3581.0674,2.62,0,-3.07,12.41,14.25,0.31,0,-66.0,0,-3.0,-19.0,-28.0,0,0.0,0.0,-0.0,0.0,0.05,3578.8,0.02
20231122,3569.4389,3574.3782,3544.4162,3544.4162,-47.63,-1,-50.25,-39.93,-37.9,-0.24,-1,-70.0,-1,-4.0,-14.0,-25.0,-1,0.0,0.0,-0.0,0.0,0.03,3580.79,-0.28
20231123,3541.4416,3562.0675,3529.939,3561.5204,-11.89,0,35.74,-17.58,-14.14,0.15,0,-70.0,0,0.0,-7.0,-25.0,0,1000.0,1.0,-0.0,1.0,0.06,3583.16,-0.16
20231124,3560.6462,3560.6462,3533.9955,3538.0087,-41.67,0,-29.78,-44.29,-76.84,-0.17,0,-76.0,-1,-6.0,-10.0,-30.0,-1,2000.0,2.0,-0.0,2.0,0.11,3581.94,-0.33
20231127,3534.4445,3534.4445,3492.8623,3511.9424,-60.01,-1,-18.34,-12.38,-50.22,-0.35,-1,-80.0,-1,-4.0,-10.0,-33.0,-1,2001.0,2.0,-1.0,1.0,0.02,3578.35,-0.5
20231128,3510.6554,3521.0463,3501.1093,3518.5232,-46.32,0,13.69,-34.43,-38.62,-0.17,0,-93.0,-1,-13.0,-23.0,-37.0,-1,2001.0,2.0,-1.0,1.0,0.01,3575.65,-0.43
20231129,3518.8836,3519.198,3482.2444,3488.3073,-79.92,-1,-33.6,-38.25,-85.61,-0.51,-1,-100.0,-1,-7.0,-24.0,-37.0,-1,3001.0,3.0,-1.0,2.0,0.07,3571.52,-0.63
20231130,3485.5171,3505.1273,3481.4515,3496.2028,-54.36,0,25.56,5.65,-56.98,-0.19,0,-106.0,-1,-6.0,-26.0,-40.0,-1,3001.0,3.0,-1.0,2.0,0.06,3568.62,-0.55
20231201,3494.2234,3494.2234,3452.1728,3482.8813,-53.81,0,0.55,-7.49,-6.18,-0.17,0,-110.0,-1,-4.0,-17.0,-40.0,0,3001.0,3.0,-1.0,2.0,0.05,3563.55,-0.61
20231204,3481.0449,3488.133,3459.611,3460.138,-67.05,0,-13.24,12.87,-55.16,-0.29,0,-114.0,-1,-4.0,-14.0,-44.0,-1,3003.0,3.0,-3.0,0.0,-0.07,3554.93,-0.72
20231205,3450.0898,3450.0898,3393.8139,3394.2571,-153.52,-1,-86.47,-99.16,-111.85,-1.17,-1,-123.0,-1,-9.0,-17.0,-47.0,-1,5.0,0.0,-5.0,-5.0,-0.33,3543.66,-1.13
20231206,3387.8798,3420.2773,3382.9457,3399.598,-143.33,0,10.19,-89.52,-83.32,-0.95,0,-130.0,-1,-7.0,-20.0,-50.0,-1,1001.0,1.0,-1.0,0.0,-0.05,3533.08,-1.01
20231207,3394.3064,3404.4074,3369.7675,3391.2823,-135.42,0,7.91,-68.37,-89.1,-0.78,0,-136.0,-1,-6.0,-22.0,-43.0,-1,1.0,0.0,-1.0,-1.0,-0.1,3522.01,-0.99
20231208,3391.8585,3409.3845,3383.4479,3399.4618,-101.13,1,34.29,52.39,-21.21,-0.34,1,-136.0,0,0.0,-13.0,-36.0,0,2002.0,2.0,-2.0,0.0,-0.04,3512.65,-0.86
20231211,3378.0517,3426.6106,3346.8902,3419.4548,-50.53,1,50.6,92.8,3.83,0.22,1,-133.0,0,3.0,-3.0,-27.0,0,5002.0,5.0,-2.0,3.0,0.12,3504.66,-0.65
20231212,3409.9976,3427.5456,3406.1013,3426.803,-33.49,1,17.04,101.93,20.32,0.38,1,-139.0,-1,-6.0,-3.0,-29.0,0,2000.0,2.0,-0.0,2.0,0.06,3496.89,-0.53
20231213,3418.6413,3418.6413,3369.605,3369.605,-100.68,0,-67.19,0.45,-33.63,-0.36,-1,-148.0,-1,-9.0,-12.0,-34.0,-1,1003.0,1.0,-3.0,-2.0,-0.15,3485.01,-0.88
20231214,3387.3847,3399.1394,3350.7648,3351.9639,-115.46,-1,-14.78,-64.93,38.06,-0.48,-1,-150.0,0,-2.0,-17.0,-27.0,0,1005.0,1.0,-5.0,-4.0,-0.25,3473.99,-0.93
20231215,3365.9388,3388.5047,3339.519,3341.5517,-133.25,0,-17.79,-99.76,10.08,-0.62,0,-158.0,-1,-8.0,-19.0,-28.0,-1,4.0,0.0,-4.0,-4.0,-0.24,3462.67,-0.92
20231218,3329.191,3352.3458,3314.9095,3329.3657,-136.39,0,-3.14,-35.71,-0.97,-0.6,0,-161.0,0,-3.0,-13.0,-25.0,0,3.0,0.0,-3.0,-3.0,-0.16,3450.32,-0.92
20231219,3325.6596,3345.7795,3313.1874,3334.0412,-124.93,0,11.46,-9.47,-23.8,-0.42,1,-159.0,0,2.0,-9.0,-23.0,0,1.0,0.0,-1.0,-1.0,-0.05,3437.97,-0.79
20231220,3334.332,3338.5434,3297.3652,3297.5022,-164.3,-1,-39.37,-31.05,-113.77,-0.79,-1,-158.0,0,1.0,0.0,-25.0,0,3.0,0.0,-3.0,-3.0,-0.15,3425.62,-0.97
20231221,3285.6049,3339.3552,3283.9883,3330.8698,-113.54,1,50.76,22.85,-80.05,-0.19,1,-148.0,1,10.0,13.0,-9.0,1,2.0,0.0,-2.0,-2.0,-0.09,3414.09,-0.63
20231222,3329.4668,3359.0601,3315.8976,3337.2281,-94.87,1,18.67,30.06,5.81,0.03,1,-136.0,1,12.0,23.0,12.0,1,0.0,0.0,-0.0,0.0,0.03,3404.05,-0.51
20231225,3330.3333,3348.882,3330.3333,3347.4508,-63.89,1,30.98,100.41,51.57,0.35,1,-123.0,1,13.0,35.0,27.0,1,1003.0,1.0,-3.0,-2.0,-0.07,3395.82,-0.37
20231226,3345.3952,3345.4171,3315.937,3324.7902,-89.78,0,-25.89,23.76,43.47,0.05,0,-111.0,1,12.0,37.0,47.0,1,2002.0,2.0,-2.0,0.0,0.05,3386.14,-0.47
20231227,3326.9267,3341.2659,3309.6731,3336.3572,-49.47,1,40.31,45.4,86.92,0.46,1,-97.0,1,14.0,39.0,64.0,1,3001.0,3.0,-1.0,2.0,0.16,3378.54,-0.32
20231228,3335.5572,3423.4018,3331.2082,3414.5403,36.44,1,85.91,100.33,161.37,1.32,1,-81.0,1,16.0,42.0,78.0,1,1.0,0.0,-1.0,-1.0,-0.0,3374.46,0.3
20231229,3411.1094,3432.5412,3409.5795,3431.1099,60.6,1,24.16,150.38,224.9,1.44,1,-68.0,1,13.0,43.0,90.0,1,2000.0,2.0,-0.0,2.0,0.17,3371.87,0.45
20240102,3426.2684,3426.2684,3386.3522,3386.3522,27.18,0,-33.42,76.65,140.72,0.96,0,-71.0,0,-3.0,26.0,77.0,0,2000.0,2.0,-0.0,2.0,0.16,3368.18,0.14
20240103,3379.7501,3392.8504,3362.6617,3378.2971,24.61,0,-2.57,-11.83,119.48,0.84,0,-75.0,0,-4.0,6.0,61.0,-1,4001.0,4.0,-1.0,3.0,0.2,3367.38,0.08
20240104,3375.0207,3375.0207,3323.8647,3347.0519,-14.19,-1,-38.8,-74.79,49.7,0.35,-1,-85.0,-1,-10.0,-17.0,38.0,-1,5001.0,5.0,-1.0,4.0,0.24,3364.75,-0.13
20240105,3341.3061,3372.5444,3313.5542,3329.1114,-44.24,-1,-30.05,-71.42,45.54,0.01,-1,-93.0,-1,-8.0,-22.0,18.0,-1,4001.0,4.0,-1.0,3.0,0.18,3361.65,-0.25
20240108,3322.6051,3333.516,3283.3421,3286.0564,-104.89,-1,-60.65,-129.5,-55.42,-0.63,-1,-101.0,-1,-8.0,-26.0,-4.0,-1,3004.0,3.0,-4.0,-1.0,-0.05,3355.98,-0.53
20240109,3286.7083,3304.6008,3273.8431,3292.4994,-84.08,0,20.81,-69.89,-120.52,-0.35,0,-104.0,0,-3.0,-19.0,-23.0,0,3004.0,3.0,-4.0,-1.0,-0.04,3349.63,-0.43
20240110,3281.6692,3312.9161,3268.2471,3277.129,-103.19,0,-19.11,-58.95,-163.79,-0.52,0,-107.0,0,-3.0,-14.0,-39.0,0,2003.0,2.0,-3.0,-1.0,-0.03,3342.14,-0.49
20240111,3275.3086,3311.1137,3266.7911,3295.6717,-82.72,1,20.47,22.17,-109.9,-0.25,1,-113.0,-1,-6.0,-12.0,-42.0,-1,2.0,0.0,-2.0,-2.0,-0.09,3338.45,-0.32
20240112,3284.358,3310.4704,3279.6987,3284.1667,-76.16,1,6.56,7.92,-100.77,-0.16,1,-111.0,0,2.0,-7.0,-36.0,0,1002.0,1.0,-2.0,-1.0,-0.04,3335.06,-0.39
20240115,3270.1029,3306.9217,3261.2687,3280.9195,-64.97,1,11.19,38.22,-50.78,-0.03,1,-109.0,0,2.0,-2.0,-24.0,0,2001.0,2.0,-1.0,1.0,0.06,3332.03,-0.39
20240116,3272.571,3300.8762,3260.4362,3300.8762,-31.65,1,33.32,51.07,12.59,0.32,1,-105.0,1,4.0,8.0,-12.0,1,3001.0,3.0,-1.0,2.0,0.1,3330.6,-0.23
20240117,3291.1392,3291.1392,3229.082,3229.082,-130.63,-1,-98.98,-54.47,-25.74,-0.74,-1,-110.0,0,-5.0,1.0,-9.0,0,1009.0,1.0,-9.0,-8.0,-0.45,3325.35,-0.73
20240118,3214.2844,3279.2538,3171.6329,3274.7286,-75.14,0,55.49,-10.17,8.94,-0.09,0,-105.0,0,5.0,4.0,-1.0,1,1000.0,1.0,-0.0,1.0,0.05,3324.21,-0.38
20240119,3261.2393,3286.9415,3251.8136,3269.7763,-90.81,0,-15.67,-59.16,12.38,-0.25,0,-107.0,0,-2.0,-2.0,0.0,0,2.0,0.0,-2.0,-2.0,-0.12,3321.16,-0.39
20240122,3262.4685,3281.4205,3193.1776,3218.9016,-193.78,-1,-102.97,-63.15,-111.06,-1.3,-1,-108.0,0,-1.0,2.0,5.0,0,9.0,0.0,-9.0,-9.0,-0.49,3315.24,-0.73
20240123,3208.4316,3249.5306,3188.1259,3231.9329,-133.43,0,60.35,-58.29,-57.27,-0.55,0,-93.0,1,15.0,12.0,18.0,1,5.0,0.0,-5.0,-5.0,-0.26,3309.47,-0.59
20240124,3245.9592,3281.4892,3190.4674,3277.1089,-31.72,1,101.71,59.09,33.25,0.57,1,-75.0,1,18.0,32.0,34.0,1,1002.0,1.0,-2.0,-1.0,-0.02,3307.08,-0.23
20240125,3274.3391,3344.2426,3269.7943,3342.9189,93.88,1,125.6,287.66,125.53,1.83,1,-55.0,1,20.0,53.0,50.0,1,11002.0,11.0,-2.0,9.0,0.53,3307.41,0.27
20240126,3326.6465,3351.9692,3315.1265,3333.8213,85.21,0,-8.67,218.64,215.84,1.56,0,-51.0,1,4.0,42.0,59.0,0,19004.0,19.0,-4.0,15.0,0.83,3303.38,0.23
20240129,3335.3936,3351.3715,3303.9604,3303.9604,46.86,0,-38.35,78.58,122.0,1.01,0,-51.0,0,0.0,24.0,54.0,0,21005.0,21.0,-5.0,16.0,0.85,3297.02,0.05
20240130,3283.8977,3300.204,3244.9719,3245.0387,-47.46,-1,-94.32,-141.34,43.35,-0.07,-1,-62.0,-1,-11.0,-7.0,45.0,-1,12012.0,12.0,-12.0,0.0,-0.07,3289.95,-0.34
20240131,3231.5425,3252.1475,3201.9264,3215.3518,-91.28,-1,-43.82,-176.49,102.5,-0.52,-1,-64.0,0,-2.0,-13.0,44.0,0,13016.0,13.0,-16.0,-3.0,-0.22,3281.81,-0.5
20240201,3202.2564,3251.7582,3191.8968,3217.7109,-90.56,0,0.72,-137.42,42.87,-0.46,0,-68.0,-1,-4.0,-17.0,25.0,-1,2009.0,2.0,-9.0,-7.0,-0.42,3275.34,-0.44
20240202,3219.8734,3235.4079,3108.3515,3179.6276,-131.55,-1,-40.99,-84.09,-99.83,-0.85,-1,-68.0,0,0.0,-6.0,7.0,0,6021.0,6.0,-21.0,-15.0,-0.83,3267.86,-0.67
20240205,3164.25,3233.8485,3111.5184,3200.4218,-109.57,0,21.98,-18.29,-203.45,-0.54,0,-38.0,1,30.0,26.0,17.0,1,15024.0,15.0,-24.0,-9.0,-0.46,3263.58,-0.48
20240206,3185.2498,3314.512,3182.8216,3311.6922,66.6,1,176.17,157.16,-18.61,1.36,1,-6.0,1,32.0,62.0,45.0,1,12005.0,12.0,-5.0,7.0,0.44,3264.54,0.36
20240207,3314.0306,3343.6303,3289.6704,3343.6303,98.36,1,31.76,229.91,51.5,1.56,1,25.0,1,31.0,93.0,76.0,1,8002.0,8.0,-2.0,6.0,0.36,3267.87,0.57
20240208,3351.4052,3367.2101,3336.9779,3364.9297,119.0,0,20.64,228.57,166.46,1.63,0,56.0,1,31.0,94.0,118.0,1,3000.0,3.0,-0.0,3.0,0.17,3271.33,0.71
20240219,3393.1916,3403.8078,3364.1418,3403.8078,208.25,1,89.25,141.65,299.53,2.41,1,76.0,1,20.0,82.0,140.0,1,28000.0,28.0,-0.0,28.0,1.52,3277.31,0.96
20240220,3395.1916,3415.8943,3380.103,3410.8542,216.0,1,7.75,117.64,306.56,2.26,0,88.0,1,12.0,63.0,156.0,0,30000.0,30.0,-0.0,30.0,1.56,3283.81,0.96
20240221,3390.3619,3500.1338,3383.6911,3456.8713,237.74,0,21.74,118.74,369.29,2.27,0,97.0,1,9.0,41.0,165.0,0,25000.0,25.0,-0.0,25.0,1.2,3291.61,1.25
20240222,3450.3518,3486.6826,3448.4135,3486.6747,279.8,1,42.06,71.55,389.37,2.49,1,109.0,1,12.0,33.0,147.0,0,33000.0,33.0,-0.0,33.0,1.54,3304.49,1.38
20240223,3491.3367,3507.5592,3472.968,3489.7416,262.52,0,-17.28,46.52,195.92,2.08,-1,111.0,0,2.0,23.0,117.0,0,30000.0,30.0,-0.0,30.0,1.29,3315.24,1.32
20240226,3485.5427,3492.6061,3445.3889,3453.3585,174.07,-1,-88.45,-63.67,75.71,0.95,-1,96.0,-1,-15.0,-1.0,71.0,-1,8000.0,8.0,-0.0,8.0,-0.0,3324.42,0.98
20240227,3440.0516,3494.7874,3437.4422,3494.7874,222.77,0,48.7,-57.03,103.77,1.37,0,102.0,0,6.0,-7.0,46.0,-1,15000.0,15.0,-0.0,15.0,0.33,3338.21,1.19
20240228,3499.8257,3521.6574,3450.2598,3450.2598,131.72,-1,-91.05,-130.8,-76.53,0.29,-1,103.0,0,1.0,-8.0,27.0,0,4000.0,4.0,-0.0,4.0,-0.33,3349.13,0.77
20240229,3437.8984,3516.0826,3437.8984,3516.0826,222.5,0,90.78,48.43,6.5,1.21,0,109.0,1,6.0,13.0,21.0,-1,13000.0,13.0,-0.0,13.0,0.15,3361.08,1.18
20240301,3515.0587,3544.3595,3503.459,3537.8038,231.62,0,9.12,8.85,-6.12,1.19,0,115.0,1,6.0,13.0,18.0,0,20000.0,20.0,-0.0,20.0,0.52,3370.82,1.27
20240304,3538.366,3548.6901,3519.7599,3540.8686,237.16,0,5.54,105.44,-42.64,1.14,0,118.0,0,3.0,15.0,9.0,0,25000.0,25.0,-0.0,25.0,0.78,3381.17,1.21
20240305,3524.9644,3570.6935,3519.0816,3565.5143,248.92,1,11.76,26.42,-13.6,1.15,0,123.0,1,5.0,14.0,12.0,-1,32000.0,32.0,-0.0,32.0,1.13,3394.25,1.3
20240306,3556.5323,3577.3883,3545.1013,3551.0481,212.61,-1,-36.31,-19.01,38.54,0.66,-1,123.0,0,0.0,8.0,27.0,0,26000.0,26.0,-0.0,26.0,0.71,3409.55,1.07
20240307,3548.1007,3569.9185,3522.8964,3529.7195,167.76,-1,-44.85,-69.4,-55.01,0.13,-1,119.0,0,-4.0,1.0,17.0,-1,25000.0,25.0,-0.0,25.0,0.58,3425.27,0.79
20240308,3529.5509,3548.5055,3511.577,3544.9099,189.64,0,21.88,-59.28,57.92,0.35,0,113.0,-1,-6.0,-10.0,10.0,-1,26000.0,26.0,-0.0,26.0,0.54,3441.63,0.78
20240311,3545.9427,3589.2635,3542.2789,3589.2635,197.02,0,7.38,-15.59,-25.48,0.39,0,100.0,-1,-13.0,-23.0,-9.0,-1,18000.0,18.0,-0.0,18.0,-0.01,3462.11,0.96
20240312,3592.5826,3605.6976,3574.2117,3597.4939,142.16,-1,-54.86,-25.6,-89.46,-0.22,-1,93.0,-1,-7.0,-26.0,-22.0,-1,7001.0,7.0,-1.0,6.0,-0.75,3481.97,0.88
20240313,3594.4211,3594.4211,3563.3685,3572.361,100.02,-1,-42.14,-89.62,-137.14,-0.64,-1,95.0,0,2.0,-18.0,-23.0,0,6001.0,6.0,-1.0,5.0,-0.8,3495.0,0.59
20240314,3571.7885,3597.46,3545.612,3562.2229,81.98,-1,-18.04,-115.04,-166.94,-0.77,-1,88.0,-1,-7.0,-12.0,-35.0,-1,6000.0,6.0,-0.0,6.0,-0.74,3505.93,0.43
20240315,3554.9068,3572.8091,3533.6798,3569.993,98.3,0,16.32,-43.86,-114.31,-0.52,0,90.0,0,2.0,-3.0,-33.0,0,11001.0,11.0,-1.0,10.0,-0.53,3516.18,0.41
20240318,3577.0564,3604.0519,3573.404,3603.528,142.4,1,44.1,42.38,-25.36,-0.01,1,89.0,0,-1.0,-6.0,-30.0,0,12003.0,12.0,-3.0,9.0,-0.53,3526.17,0.59
20240319,3593.3396,3610.7389,3577.188,3577.6303,87.31,0,-55.09,5.33,-102.33,-0.59,0,82.0,-1,-7.0,-6.0,-31.0,-1,11001.0,11.0,-1.0,10.0,-0.42,3534.51,0.33
20240320,3568.7158,3589.5456,3568.4341,3585.3838,94.25,0,6.94,-4.05,-102.77,-0.46,0,74.0,-1,-8.0,-16.0,-26.0,-1,10001.0,10.0,-1.0,9.0,-0.43,3540.93,0.34
20240321,3593.07,3601.1145,3575.0331,3581.0902,75.13,0,-19.12,-67.27,-67.03,-0.62,0,62.0,-1,-12.0,-27.0,-31.0,-1,10003.0,10.0,-3.0,7.0,-0.47,3545.65,0.27
20240322,3571.2736,3575.7171,3522.8404,3545.0023,16.9,-1,-58.23,-70.41,-83.12,-1.17,-1,59.0,0,-3.0,-23.0,-36.0,0,5003.0,5.0,-3.0,2.0,-0.68,3548.42,-0.03
20240325,3536.7136,3564.9604,3525.7634,3525.7634,-8.87,-1,-25.77,-103.12,-90.85,-1.33,-1,49.0,-1,-10.0,-25.0,-39.0,-1,6003.0,6.0,-3.0,3.0,-0.61,3552.04,-0.2
20240326,3526.6818,3547.6461,3518.6018,3543.7467,10.0,0,18.87,-65.13,-88.3,-1.0,0,38.0,-1,-11.0,-24.0,-52.0,-1,6003.0,6.0,-3.0,3.0,-0.57,3554.48,-0.08
20240327,3538.7244,3542.9624,3502.7866,3502.7866,-50.06,-1,-60.06,-66.96,-192.46,-1.53,-1,30.0,-1,-8.0,-29.0,-59.0,-1,4004.0,4.0,-4.0,0.0,-0.73,3557.11,-0.41
20240328,3498.482,3551.2143,3489.3861,3520.9648,-14.05,0,36.01,-5.18,-101.36,-1.01,0,28.0,0,-2.0,-21.0,-54.0,0,5004.0,5.0,-4.0,1.0,-0.64,3557.35,-0.28
20240329,3516.883,3538.2378,3516.883,3537.4843,37.36,1,51.41,27.36,-56.89,-0.38,1,19.0,-1,-9.0,-19.0,-55.0,-1,9003.0,9.0,-3.0,6.0,-0.31,3557.34,-0.15
20240401,3551.5815,3600.9193,3551.5815,3595.6466,102.8,1,65.44,152.86,27.67,0.34,1,27.0,0,8.0,-3.0,-35.0,1,10002.0,10.0,-2.0,8.0,-0.15,3560.08,0.27
20240402,3593.2206,3596.1903,3568.7539,3580.6759,76.71,0,-26.09,90.76,59.81,0.04,0,24.0,0,-3.0,-4.0,-35.0,0,12003.0,12.0,-3.0,9.0,-0.03,3560.84,0.15
20240403,3578.6835,3582.4324,3558.874,3567.8031,59.87,0,-16.84,22.51,68.74,-0.14,0,19.0,0,-5.0,0.0,-30.0,0,13002.0,13.0,-2.0,11.0,0.13,3561.67,0.05
20240408,3553.5554,3567.82,3535.7688,3536.4077,25.71,-1,-34.16,-77.09,15.71,-0.49,-1,7.0,-1,-12.0,-20.0,-31.0,-1,15003.0,15.0,-3.0,12.0,0.23,3562.01,-0.19
20240409,3533.3849,3543.7141,3518.8601,3533.4871,14.36,-1,-11.35,-62.35,64.42,-0.56,-1,-3.0,-1,-10.0,-27.0,-33.0,-1,8001.0,8.0,-1.0,7.0,-0.01,3561.44,-0.21
20240410,3528.9679,3531.2295,3490.0525,3504.7086,-14.94,-1,-29.3,-74.81,-0.89,-0.81,-1,-8.0,-1,-5.0,-27.0,-36.0,0,9000.0,9.0,-0.0,9.0,0.13,3557.21,-0.4
20240411,3485.0294,3520.5893,3484.9252,3504.2447,-1.33,0,13.61,-27.04,-38.69,-0.59,0,-4.0,0,4.0,-11.0,-23.0,1,13000.0,13.0,-0.0,13.0,0.34,3552.55,-0.37
20240412,3505.7499,3516.6988,3470.0611,3475.8389,-29.36,-1,-28.03,-43.72,-132.16,-0.83,-1,-6.0,0,-2.0,-3.0,-33.0,0,11001.0,11.0,-1.0,10.0,0.16,3547.72,-0.55
20240415,3473.5047,3552.4125,3473.5047,3549.0759,93.15,1,122.51,108.09,16.44,0.53,1,-2.0,1,4.0,6.0,-26.0,1,25000.0,25.0,-0.0,25.0,0.96,3547.06,0.02
20240416,3533.3636,3545.5034,3503.6158,3511.1146,8.64,0,-84.51,9.97,-51.23,-0.4,0,-1.0,0,1.0,3.0,-20.0,0,13000.0,13.0,-0.0,13.0,0.27,3544.12,-0.25
20240417,3509.1318,3565.9389,3498.0324,3565.403,111.84,1,103.2,141.2,86.13,0.72,1,6.0,1,7.0,12.0,-1.0,1,22000.0,22.0,-0.0,22.0,0.75,3542.21,0.18
20240418,3550.5562,3602.7902,3547.5996,3569.8018,100.37,0,-11.47,7.22,86.01,0.53,0,3.0,0,-3.0,5.0,6.0,0,17000.0,17.0,-0.0,17.0,0.44,3541.82,0.21
20240419,3550.6087,3560.9492,3529.3237,3541.6619,65.16,0,-35.21,56.52,80.1,0.11,0,2.0,0,-1.0,3.0,10.0,0,18000.0,18.0,-0.0,18.0,0.47,3539.64,0.02
20240422,3536.1844,3558.1642,3528.0186,3530.9045,18.01,-1,-47.15,-93.83,19.34,-0.4,-1,-2.0,-1,-4.0,-8.0,2.0,-1,8000.0,8.0,-0.0,8.0,-0.11,3537.13,-0.05
20240423,3525.6681,3533.7584,3499.9838,3506.2249,-45.36,-1,-63.37,-145.73,-16.0,-1.02,-1,2.0,0,4.0,-1.0,8.0,1,6000.0,6.0,-0.0,6.0,-0.23,3535.19,-0.22
20240424,3514.0108,3524.537,3495.6494,3521.6219,-7.73,0,37.63,-72.89,-100.88,-0.53,0,11.0,1,9.0,9.0,13.0,1,2002.0,2.0,-2.0,0.0,-0.57,3534.98,-0.1
20240425,3510.6396,3543.9699,3505.1999,3530.2813,-0.6,0,7.13,-18.61,-9.24,-0.4,0,16.0,1,5.0,18.0,17.0,1,6001.0,6.0,-1.0,5.0,-0.29,3534.31,-0.03
20240426,3531.9647,3588.4003,3531.9647,3584.2686,59.63,1,60.23,104.99,-52.21,0.26,1,26.0,1,10.0,24.0,20.0,1,6000.0,6.0,-0.0,6.0,-0.25,3538.38,0.35
20240429,3584.5427,3645.8229,3578.7597,3623.9124,93.47,1,33.84,101.2,-6.9,0.59,1,38.0,1,12.0,27.0,35.0,1,7003.0,7.0,-3.0,4.0,-0.37,3543.53,0.61
20240430,3619.2586,3630.7092,3604.3943,3604.3943,77.22,0,-16.25,77.82,12.06,0.37,0,46.0,1,8.0,30.0,44.0,1,7002.0,7.0,-2.0,5.0,-0.31,3546.87,0.44
20240506,3654.0485,3668.2565,3645.738,3657.8767,138.45,1,61.23,78.82,120.44,0.97,1,52.0,1,6.0,26.0,54.0,1,15004.0,15.0,-4.0,11.0,0.03,3549.99,0.82
20240507,3657.0007,3665.684,3648.376,3659.0076,124.68,0,-13.77,31.21,170.04,0.74,0,53.0,0,1.0,15.0,51.0,0,10003.0,10.0,-3.0,7.0,-0.2,3553.9,0.8
20240508,3650.7484,3650.9355,3628.6984,3630.2233,80.23,0,-44.45,3.01,87.96,0.2,-1,53.0,0,0.0,7.0,42.0,0,5000.0,5.0,-0.0,5.0,-0.3,3557.02,0.56
20240509,3630.4142,3669.7593,3630.4142,3664.561,127.76,0,47.53,-10.69,128.36,0.68,0,57.0,1,4.0,5.0,41.0,0,7000.0,7.0,-0.0,7.0,-0.17,3563.43,0.77
20240510,3669.0869,3674.6088,3641.7639,3666.2771,129.39,0,1.63,4.71,69.76,0.63,0,52.0,0,-5.0,-1.0,26.0,-1,8000.0,8.0,-0.0,8.0,-0.11,3570.07,0.73
20240513,3646.3491,3673.6211,3634.6049,3664.6907,135.92,0,6.53,55.69,42.45,0.64,0,52.0,0,0.0,-1.0,14.0,0,16000.0,16.0,-0.0,16.0,0.33,3578.07,0.66
20240514,3668.2254,3675.776,3646.7092,3657.0454,118.3,-1,-17.62,-9.46,41.08,0.39,-1,53.0,0,1.0,-4.0,7.0,0,16000.0,16.0,-0.0,16.0,0.32,3585.71,0.54
20240515,3651.0536,3656.5277,3624.002,3626.0559,54.29,-1,-64.01,-75.1,-84.16,-0.31,-1,53.0,0,0.0,1.0,1.0,0,10000.0,10.0,-0.0,10.0,-0.03,3593.22,0.25
20240516,3636.6007,3657.4831,3626.334,3640.3592,51.12,0,-3.17,-84.8,-73.56,-0.32,0,46.0,-1,-7.0,-6.0,-7.0,-1,10000.0,10.0,-0.0,10.0,0.02,3597.78,0.32
20240517,3638.5613,3677.9696,3627.447,3677.9696,89.62,0,38.5,-28.68,9.39,0.12,0,37.0,-1,-9.0,-16.0,-16.0,-1,13000.0,13.0,-0.0,13.0,0.19,3606.13,0.54
20240520,3682.0615,3703.0287,3677.4426,3690.9623,118.11,1,28.49,63.82,-9.65,0.4,1,32.0,-1,-5.0,-21.0,-25.0,-1,9000.0,9.0,-0.0,9.0,-0.0,3612.41,0.6
20240521,3682.2868,3684.6106,3665.1524,3676.1611,86.39,0,-31.72,35.27,-43.0,0.03,0,31.0,0,-1.0,-15.0,-21.0,0,10000.0,10.0,-0.0,10.0,0.07,3617.72,0.44
20240522,3675.6471,3691.8804,3667.0885,3684.451,85.77,0,-0.62,-3.85,-50.15,0.02,0,23.0,-1,-8.0,-14.0,-29.0,-1,8000.0,8.0,-0.0,8.0,-0.01,3624.86,0.45
20240523,3672.8403,3674.3654,3633.5051,3641.7917,8.09,-1,-77.68,-110.02,-110.21,-0.79,-1,21.0,0,-2.0,-11.0,-32.0,0,3000.0,3.0,-0.0,3.0,-0.28,3630.41,0.09
20240524,3630.827,3650.8734,3599.6678,3601.4754,-32.94,-1,-41.03,-119.33,-87.23,-1.15,-1,14.0,-1,-7.0,-17.0,-39.0,-1,4000.0,4.0,-0.0,4.0,-0.22,3635.17,-0.26
20240527,3606.645,3638.1514,3603.7131,3635.7079,43.22,0,76.16,-42.55,-7.9,-0.24,0,-1.0,-1,-15.0,-24.0,-47.0,-1,6000.0,6.0,-0.0,6.0,-0.12,3640.87,-0.04
20240528,3633.2535,3638.9703,3605.9213,3609.1724,3.66,0,-39.56,-4.43,-85.96,-0.63,0,-5.0,-1,-4.0,-26.0,-42.0,-1,8000.0,8.0,-0.0,8.0,-0.02,3644.82,-0.27
20240529,3609.0708,3633.1971,3602.8198,3613.5223,9.77,0,6.11,42.71,-108.34,-0.51,0,-12.0,-1,-7.0,-26.0,-44.0,0,6000.0,6.0,-0.0,6.0,-0.13,3646.28,-0.25
20240530,3607.0522,3624.0352,3586.7543,3594.3121,-22.34,-1,-32.11,-65.56,-108.73,-0.79,-1,-22.0,-1,-10.0,-21.0,-53.0,-1,5000.0,5.0,-0.0,5.0,-0.19,3644.8,-0.38
20240531,3599.8196,3614.6439,3579.9247,3579.9247,-35.5,-1,-13.16,-39.16,-121.27,-0.86,-1,-31.0,-1,-9.0,-26.0,-54.0,-1,6000.0,6.0,-0.0,6.0,-0.14,3643.58,-0.48
20240603,3577.3798,3600.6044,3567.8713,3588.7483,-17.37,0,18.13,-27.14,-25.46,-0.59,0,-34.0,0,-3.0,-22.0,-55.0,0,7000.0,7.0,-0.0,7.0,-0.07,3640.12,-0.39
20240604,3583.8104,3622.5012,3580.2771,3615.6714,26.89,1,44.26,49.23,59.83,-0.07,1,-33.0,0,1.0,-11.0,-47.0,0,7000.0,7.0,-0.0,7.0,-0.07,3637.95,-0.17
20240605,3610.3601,3623.3232,3594.1056,3594.7936,-3.16,0,-30.05,32.34,-46.38,-0.37,0,-35.0,0,-2.0,-4.0,-34.0,0,7001.0,7.0,-1.0,6.0,-0.13,3636.18,-0.31
20240606,3602.1554,3625.0109,3584.171,3592.2454,0.18,0,3.34,17.55,-3.48,-0.3,0,-36.0,0,-1.0,-2.0,-31.0,0,7000.0,7.0,-0.0,7.0,-0.07,3632.57,-0.31
20240607,3594.6335,3603.0698,3552.0853,3574.1143,5.01,0,4.83,-21.88,-4.76,-0.22,0,-36.0,0,0.0,-3.0,-24.0,0,11000.0,11.0,-0.0,11.0,0.15,3627.96,-0.41
20240611,3555.8186,3565.3113,3525.8945,3542.8771,-41.38,-1,-46.39,-38.22,-19.04,-0.69,-1,-41.0,-1,-5.0,-6.0,-19.0,0,6001.0,6.0,-1.0,5.0,-0.16,3621.87,-0.6
20240612,3539.0947,3551.1706,3531.5657,3544.1225,-15.79,0,25.59,-15.97,19.71,-0.36,0,-47.0,-1,-6.0,-11.0,-16.0,-1,10001.0,10.0,-1.0,9.0,0.09,3616.22,-0.55
20240613,3548.2162,3551.0771,3520.1802,3526.1306,-34.77,0,-18.98,-39.78,-17.4,-0.52,0,-51.0,-1,-4.0,-15.0,-17.0,-1,11003.0,11.0,-3.0,8.0,0.03,3611.23,-0.65
20240614,3514.7998,3547.1473,3503.5233,3541.5331,-30.58,0,4.19,10.8,-57.47,-0.43,0,-54.0,0,-3.0,-13.0,-21.0,0,6003.0,6.0,-3.0,3.0,-0.23,3606.28,-0.49
20240617,3521.4365,3540.7932,3520.7381,3536.1986,-49.46,-1,-18.88,-33.67,-46.3,-0.58,-1,-64.0,-1,-10.0,-17.0,-29.0,-1,8004.0,8.0,-4.0,4.0,-0.15,3599.2,-0.48
20240618,3533.4875,3551.7085,3532.7845,3545.5902,-19.52,1,29.94,15.25,-19.7,-0.21,1,-67.0,0,-3.0,-16.0,-31.0,0,6000.0,6.0,-0.0,6.0,-0.03,3591.93,-0.35
20240619,3543.3599,3543.3599,3524.8449,3528.749,-40.86,0,-21.34,-10.28,-45.87,-0.42,0,-73.0,-1,-6.0,-19.0,-37.0,0,6000.0,6.0,-0.0,6.0,-0.01,3584.56,-0.42
20240620,3525.1687,3533.9865,3500.131,3503.2817,-69.93,-1,-29.07,-20.47,-28.55,-0.68,-1,-80.0,-1,-7.0,-16.0,-39.0,-1,6001.0,6.0,-1.0,5.0,-0.06,3575.5,-0.55
20240621,3496.3428,3505.5123,3473.8283,3495.6198,-66.38,0,3.55,-46.86,-50.59,-0.58,0,-84.0,-1,-4.0,-17.0,-37.0,0,3001.0,3.0,-1.0,2.0,-0.23,3568.19,-0.55
20240624,3473.6392,3505.7752,3471.2164,3476.8102,-108.13,-1,-41.75,-67.27,-73.36,-0.96,-1,-87.0,0,-3.0,-14.0,-36.0,0,2002.0,2.0,-2.0,0.0,-0.34,3561.96,-0.65
20240625,3475.1648,3483.2189,3440.6464,3457.9023,-124.37,-1,-16.24,-54.44,-93.79,-1.04,-1,-92.0,-1,-5.0,-12.0,-38.0,0,1003.0,1.0,-3.0,-2.0,-0.43,3553.07,-0.72
20240626,3451.5389,3487.3964,3442.2982,3480.2648,-72.87,0,51.5,-6.49,-23.41,-0.4,1,-97.0,-1,-5.0,-13.0,-33.0,0,1002.0,1.0,-2.0,-1.0,-0.34,3546.62,-0.5
20240627,3467.2888,3471.1423,3452.5775,3454.1175,-108.89,0,-36.02,-0.76,-89.37,-0.74,0,-103.0,-1,-6.0,-16.0,-36.0,-1,4005.0,4.0,-5.0,-1.0,-0.32,3538.65,-0.64
20240628,3443.6744,3484.678,3443.6744,3461.657,-52.42,1,56.47,71.95,-11.56,-0.08,1,-99.0,0,4.0,-7.0,-26.0,1,8003.0,8.0,-3.0,5.0,0.02,3532.02,-0.53
20240701,3458.2636,3479.9548,3443.8086,3478.1827,9.58,1,62.0,82.45,79.51,0.58,1,-100.0,0,-1.0,-3.0,-20.0,0,19002.0,19.0,-2.0,17.0,0.68,3526.93,-0.37
20240702,3472.4527,3488.3189,3464.5237,3471.7857,-10.57,0,-20.15,98.32,55.81,0.31,0,-102.0,0,-2.0,1.0,-18.0,0,22002.0,22.0,-2.0,20.0,0.81,3521.08,-0.37
20240703,3471.5556,3478.7047,3454.9942,3463.4141,-40.75,0,-30.18,11.67,67.38,-0.03,0,-108.0,-1,-6.0,-9.0,-21.0,0,14005.0,14.0,-5.0,9.0,0.18,3513.47,-0.38
20240704,3468.2958,3483.3098,3444.928,3445.8128,-64.68,-1,-23.93,-74.26,59.69,-0.28,-1,-101.0,0,7.0,-1.0,-9.0,1,13004.0,13.0,-4.0,9.0,0.17,3506.02,-0.46
20240705,3443.3588,3451.0386,3399.6693,3431.0605,-71.44,-1,-6.76,-60.87,1.43,-0.33,0,-103.0,0,-2.0,-1.0,-6.0,0,7005.0,7.0,-5.0,2.0,-0.22,3497.96,-0.51
20240708,3420.8033,3428.0418,3395.9123,3401.7604,-98.3,-1,-26.86,-57.55,10.59,-0.58,-1,-102.0,0,1.0,6.0,1.0,0,12008.0,12.0,-8.0,4.0,-0.09,3489.34,-0.66
20240709,3396.8044,3448.9279,3384.8086,3439.8111,-20.66,1,77.64,44.02,31.76,0.29,1,-86.0,1,16.0,15.0,13.0,1,15004.0,15.0,-4.0,11.0,0.3,3484.19,-0.34
20240710,3425.8818,3447.505,3423.6483,3428.9657,-49.95,0,-29.29,21.49,-59.53,-0.04,0,-80.0,1,6.0,23.0,20.0,1,14003.0,14.0,-3.0,11.0,0.29,3478.43,-0.38
20240711,3451.0442,3473.9837,3438.118,3468.169,24.15,1,74.1,122.45,34.72,0.74,1,-63.0,1,17.0,39.0,39.0,1,11003.0,11.0,-3.0,8.0,0.12,3475.53,-0.06
20240712,3459.9564,3479.0958,3457.3633,3472.4014,14.45,0,-9.7,35.11,55.2,0.57,0,-47.0,1,16.0,39.0,61.0,1,6006.0,6.0,-6.0,0.0,-0.33,3472.08,0.0
20240715,3462.6113,3481.4613,3460.7915,3476.2467,35.81,0,21.36,85.76,100.49,0.73,0,-40.0,1,7.0,40.0,61.0,1,11004.0,11.0,-4.0,7.0,0.06,3469.08,0.05
20240716,3466.8523,3500.2943,3464.3655,3498.2827,72.61,1,36.8,48.46,144.05,1.05,1,-26.0,1,14.0,37.0,77.0,1,21003.0,21.0,-3.0,18.0,0.66,3466.71,0.24
20240717,3494.209,3514.4753,3486.2229,3501.5836,52.57,0,-20.04,38.12,150.87,0.74,0,-20.0,1,6.0,27.0,82.0,1,11003.0,11.0,-3.0,8.0,0.08,3465.36,0.27
20240718,3483.2975,3522.7995,3475.7236,3520.931,86.38,1,33.81,50.57,107.04,1.02,0,-20.0,0,0.0,20.0,66.0,0,14003.0,14.0,-3.0,11.0,0.24,3466.24,0.41
20240719,3500.8052,3545.3383,3493.0734,3539.0156,103.2,1,16.82,30.59,153.15,1.1,0,-22.0,0,-2.0,4.0,58.0,0,12003.0,12.0,-3.0,9.0,0.1,3468.41,0.54
20240722,3538.4012,3540.1874,3494.0143,3514.9249,49.61,-1,-53.59,-2.96,25.46,0.44,-1,-25.0,0,-3.0,-5.0,38.0,0,5005.0,5.0,-5.0,0.0,-0.42,3470.31,0.34
20240723,3509.7887,3509.7887,3439.8779,3439.8779,-63.25,-1,-112.86,-149.63,-77.7,-0.79,-1,-31.0,-1,-6.0,-11.0,16.0,-1,7015.0,7.0,-15.0,-8.0,-0.86,3469.41,-0.22
20240724,3432.3459,3451.4196,3408.4129,3418.1663,-72.65,-1,-9.4,-175.85,-108.46,-0.81,0,-43.0,-1,-12.0,-21.0,-3.0,-1,10011.0,10.0,-11.0,-1.0,-0.46,3466.31,-0.37
20240725,3404.611,3415.8557,3383.7991,3399.2716,-104.05,0,-31.4,-153.66,-176.66,-1.06,0,-50.0,-1,-7.0,-25.0,-24.0,-1,8021.0,8.0,-21.0,-13.0,-1.11,3463.57,-0.49
20240726,3403.7084,3420.8201,3388.6601,3409.2931,-78.17,0,25.88,-14.92,-130.74,-0.69,1,-53.0,0,-3.0,-22.0,-33.0,0,1010.0,1.0,-10.0,-9.0,-0.84,3460.95,-0.39
20240729,3404.3663,3408.5024,3388.8444,3390.742,-81.12,0,-2.95,-8.47,-167.5,-0.65,0,-50.0,0,3.0,-7.0,-30.0,0,2010.0,2.0,-10.0,-8.0,-0.71,3456.58,-0.5
20240730,3380.6893,3380.6893,3352.8043,3369.3821,-111.8,-1,-30.68,-7.75,-215.0,-0.91,0,-59.0,-1,-9.0,-9.0,-37.0,-1,2015.0,2.0,-15.0,-13.0,-0.9,3451.46,-0.62
20240731,3364.0268,3445.0042,3364.0268,3442.0844,-2.96,1,108.84,75.21,-52.57,0.31,1,-49.0,0,10.0,4.0,-24.0,1,2007.0,2.0,-7.0,-5.0,-0.4,3450.39,-0.06
20240801,3443.1397,3448.3361,3419.1872,3419.2666,-21.7,0,-18.74,59.42,41.55,0.09,0,-52.0,0,-3.0,-2.0,-21.0,0,1007.0,1.0,-7.0,-6.0,-0.42,3449.06,-0.23
20240802,3393.9167,3419.1023,3380.9645,3384.3919,-73.1,0,-51.4,38.7,-0.45,-0.46,0,-60.0,-1,-8.0,-1.0,-17.0,-1,2012.0,2.0,-12.0,-10.0,-0.61,3446.73,-0.47
20240805,3362.1117,3409.0314,3343.3205,3343.3205,-150.97,-1,-77.87,-148.01,-46.92,-1.23,-1,-65.0,-1,-5.0,-16.0,-15.0,-1,1020.0,1.0,-20.0,-19.0,-1.07,3443.81,-0.76
20240806,3367.3517,3376.7956,3318.6251,3342.9789,-124.26,0,26.71,-102.56,-46.09,-0.83,0,-72.0,-1,-7.0,-20.0,-19.0,-1,14.0,0.0,-14.0,-14.0,-0.71,3438.96,-0.73
20240807,3338.5909,3362.3839,3329.9658,3341.489,-101.18,0,23.08,-28.08,-20.06,-0.51,0,-76.0,-1,-4.0,-16.0,-26.0,-1,7.0,0.0,-7.0,-7.0,-0.25,3434.59,-0.71
20240808,3332.4281,3364.7855,3320.8432,3342.9369,-99.27,0,1.91,51.7,12.53,-0.44,0,-80.0,-1,-4.0,-15.0,-21.0,-1,1008.0,1.0,-8.0,-7.0,-0.21,3428.33,-0.65
20240809,3358.128,3366.6688,3331.6274,3331.6274,-110.9,0,-11.63,13.36,-107.94,-0.52,0,-83.0,0,-3.0,-11.0,-34.0,0,6.0,0.0,-6.0,-6.0,-0.13,3421.29,-0.68
20240812,3327.5561,3338.0771,3319.8908,3325.8645,-106.8,0,4.1,-5.62,-85.1,-0.43,1,-84.0,0,-1.0,-8.0,-32.0,0,1004.0,1.0,-4.0,-3.0,0.07,3413.77,-0.67
20240813,3328.0138,3335.014,3310.1909,3334.3903,-78.86,1,27.94,20.41,-5.76,-0.1,1,-79.0,1,5.0,1.0,-19.0,1,1001.0,1.0,-1.0,0.0,0.29,3405.58,-0.54
20240814,3332.7866,3332.7866,3309.1,3309.2389,-107.7,0,-28.84,3.2,43.27,-0.39,0,-78.0,0,1.0,5.0,-13.0,0,1002.0,1.0,-2.0,-1.0,0.26,3395.96,-0.66
20240815,3301.4455,3356.7644,3297.9711,3341.953,-45.45,1,62.25,61.35,78.81,0.3,1,-81.0,0,-3.0,3.0,-9.0,0,2000.0,2.0,-0.0,2.0,0.46,3387.01,-0.34
20240816,3342.0346,3356.9071,3335.6239,3345.634,-37.29,1,8.16,41.57,63.89,0.36,1,-88.0,-1,-7.0,-9.0,-12.0,-1,5000.0,5.0,-0.0,5.0,0.64,3377.34,-0.24
20240819,3344.2614,3375.9621,3343.7116,3356.9677,-4.99,1,32.3,102.71,94.28,0.66,1,-87.0,0,1.0,-9.0,-7.0,0,8000.0,8.0,-0.0,8.0,0.79,3369.44,-0.09
20240820,3361.6394,3362.3338,3321.6397,3332.7034,-55.29,-1,-50.3,-9.84,55.61,0.07,-1,-88.0,0,-1.0,-7.0,-5.0,0,6001.0,6.0,-1.0,5.0,0.58,3364.09,-0.24
20240821,3322.9134,3339.443,3307.9917,3321.635,-74.08,-1,-18.79,-36.79,32.72,-0.13,-1,-89.0,0,-1.0,-1.0,-5.0,0,5000.0,5.0,-0.0,5.0,0.56,3359.26,-0.29
20240822,3322.8723,3327.6962,3305.2453,3313.1357,-75.76,0,-1.68,-70.77,3.1,-0.14,0,-97.0,-1,-8.0,-10.0,-18.0,-1,8003.0,8.0,-3.0,5.0,0.51,3354.95,-0.32
20240823,3305.9307,3336.2414,3305.6403,3327.1905,-57.54,0,18.22,-2.25,50.16,0.07,0,-102.0,-1,-5.0,-14.0,-24.0,-1,5000.0,5.0,-0.0,5.0,0.47,3350.85,-0.18
20240826,3330.7184,3336.5271,3311.5701,3324.2231,-58.12,0,-0.58,15.96,-12.67,0.05,0,-100.0,0,2.0,-11.0,-19.0,0,7002.0,7.0,-2.0,5.0,0.43,3347.52,-0.18
20240827,3315.686,3320.5667,3299.5635,3305.3338,-79.52,-1,-21.4,-3.76,-42.23,-0.18,-1,-103.0,0,-3.0,-6.0,-15.0,0,9005.0,9.0,-5.0,4.0,0.33,3344.32,-0.3
20240828,3298.9089,3305.3496,3274.5881,3286.4956,-91.48,-1,-11.96,-33.94,-86.49,-0.28,-1,-106.0,0,-3.0,-4.0,-19.0,0,6002.0,6.0,-2.0,4.0,0.3,3336.54,-0.38
20240829,3273.541,3290.7857,3269.5288,3277.6812,-122.68,-1,-31.2,-64.56,-67.39,-0.58,-1,-108.0,0,-2.0,-8.0,-20.0,0,1006.0,1.0,-6.0,-5.0,-0.22,3329.46,-0.39
20240830,3273.7532,3351.6254,3273.6496,3321.4323,-73.66,0,49.02,5.86,0.42,-0.01,1,-100.0,1,8.0,3.0,-11.0,1,13.0,0.0,-13.0,-13.0,-0.67,3326.31,-0.04
20240902,3307.5432,3307.7627,3264.7565,3265.011,-131.38,-1,-57.72,-39.9,-55.62,-0.62,-1,-94.0,1,6.0,12.0,3.0,1,1016.0,1.0,-16.0,-15.0,-0.8,3322.4,-0.44
20240903,3261.741,3281.5935,3261.1877,3273.4282,-121.74,0,9.64,0.94,-64.2,-0.46,0,-91.0,0,3.0,17.0,11.0,0,2021.0,2.0,-21.0,-19.0,-1.01,3318.92,-0.35
20240904,3253.898,3272.9861,3249.9809,3252.1649,-144.38,0,-22.64,-70.72,-86.26,-0.65,0,-97.0,0,-6.0,3.0,3.0,0,24.0,0.0,-24.0,-24.0,-1.25,3314.45,-0.47
20240905,3252.96,3266.882,3247.1725,3257.7578,-123.96,0,20.42,7.42,-44.44,-0.38,1,-107.0,-1,-10.0,-13.0,-4.0,-1,19.0,0.0,-19.0,-19.0,-0.93,3310.19,-0.4
20240906,3261.1542,3274.8144,3231.0685,3231.3457,-158.08,-1,-34.12,-36.34,-66.6,-0.7,-1,-109.0,0,-2.0,-18.0,-3.0,0,17.0,0.0,-17.0,-17.0,-0.78,3305.18,-0.56
20240909,3214.7996,3222.9278,3180.9277,3192.9516,-207.77,-1,-49.69,-63.39,-85.09,-1.15,-1,-112.0,0,-3.0,-15.0,-4.0,0,25.0,0.0,-25.0,-25.0,-1.18,3298.53,-0.8
20240910,3193.4557,3205.0972,3171.7932,3195.7552,-179.69,0,28.08,-55.73,-106.03,-0.75,0,-109.0,0,3.0,-2.0,-9.0,0,21.0,0.0,-21.0,-21.0,-0.89,3291.6,-0.73
20240911,3187.0508,3197.3363,3174.0343,3186.1299,-209.59,0,-29.9,-51.51,-78.21,-0.99,0,-113.0,-1,-4.0,-4.0,-19.0,0,34.0,0.0,-34.0,-34.0,-1.54,3285.45,-0.75
20240912,3189.4271,3201.5544,3171.8775,3172.4747,-203.44,0,6.15,4.33,-81.7,-0.83,0,-107.0,1,6.0,5.0,-16.0,1,28.0,0.0,-28.0,-28.0,-1.11,3276.97,-0.79
20240913,3174.0344,3188.9145,3159.247,3159.247,-200.54,0,2.9,-20.85,-56.16,-0.72,0,-87.0,1,20.0,22.0,10.0,1,22.0,0.0,-22.0,-22.0,-0.69,3267.65,-0.82
20240918,3158.8179,3179.9012,3145.7908,3171.0102,-149.5,1,51.04,60.09,-25.54,-0.12,1,-66.0,1,21.0,47.0,41.0,1,1012.0,1.0,-12.0,-11.0,0.0,3258.36,-0.66
20240919,3178.3959,3213.8378,3149.7925,3196.0357,-97.73,1,51.77,105.71,60.35,0.43,1,-41.0,1,25.0,66.0,68.0,1,2011.0,2.0,-11.0,-9.0,0.16,3251.52,-0.42
20240920,3192.4322,3207.9875,3173.2238,3201.0497,-75.48,1,22.25,125.06,132.29,0.63,1,-11.0,1,30.0,76.0,101.0,1,2009.0,2.0,-9.0,-7.0,0.3,3245.49,-0.34
20240923,3200.8678,3230.1613,3198.0248,3212.7639,-37.28,1,38.2,112.22,142.41,0.97,1,18.0,1,29.0,84.0,127.0,1,2005.0,2.0,-5.0,-3.0,0.56,3240.47,-0.21
20240924,3244.6468,3351.9684,3222.4885,3351.909,174.82,1,212.1,272.55,384.41,3.09,1,55.0,1,37.0,96.0,168.0,1,16000.0,16.0,-0.0,16.0,1.62,3241.71,0.84
20240925,3403.7021,3465.4882,3393.438,3401.533,226.55,1,51.73,302.03,429.99,3.34,1,91.0,1,36.0,102.0,198.0,1,27000.0,27.0,-0.0,27.0,2.19,3245.58,1.18
20240926,3399.3188,3545.3249,3391.6772,3545.3204,404.18,1,177.63,441.46,604.72,4.88,1,138.0,1,47.0,120.0,225.0,1,67000.0,67.0,-0.0,67.0,4.3,3257.57,2.18
20240927,3617.9203,3708.4951,3596.5833,3703.6849,566.08,1,161.9,391.26,715.58,6.11,1,198.0,1,60.0,143.0,264.0,1,114000.0,114.0,-0.0,114.0,6.68,3278.43,3.23
20240930,3846.6515,4038.6968,3796.5045,4017.8545,1002.36,1,436.28,775.81,1100.09,10.09,1,242.0,1,44.0,151.0,283.0,1,251000.0,251.0,-0.0,251.0,13.82,3315.44,5.33
20241008,4450.3675,4450.3675,4094.3519,4256.0962,1218.4,1,216.04,814.22,1293.88,11.39,1,253.0,1,11.0,115.0,264.0,0,273000.0,273.0,-0.0,273.0,14.26,3362.18,6.78
20241009,4168.8436,4197.6,3942.5118,3955.9839,624.56,0,-593.84,58.48,661.84,4.09,-1,117.0,-1,-136.0,-81.0,99.0,-1,126000.0,126.0,-0.0,126.0,5.41,3396.72,4.24
20241010,3979.6116,4098.4967,3912.7708,3997.7879,656.77,0,32.21,-345.59,481.95,4.04,0,84.0,-1,-33.0,-158.0,29.0,-1,151000.0,151.0,-0.0,151.0,6.36,3432.94,4.28
20241011,3969.7576,3978.2389,3847.1228,3887.167,432.28,-1,-224.49,-786.12,205.73,1.31,-1,53.0,0,-31.0,-200.0,-38.0,0,77000.0,77.0,-0.0,77.0,1.82,3464.69,3.2
20241014,3915.2186,3979.5431,3868.779,3961.3424,512.54,0,80.26,-112.02,108.36,2.02,0,42.0,-1,-11.0,-75.0,-96.0,-1,95000.0,95.0,-0.0,95.0,2.53,3499.87,3.5
20241015,3942.5342,3967.8712,3855.9949,3855.9949,296.63,-1,-215.91,-360.14,-269.45,-0.43,-1,35.0,0,-7.0,-49.0,-163.0,0,50000.0,50.0,-0.0,50.0,-0.25,3531.1,2.46
20241016,3806.1373,3877.7483,3805.0868,3831.589,252.56,-1,-44.07,-179.72,-749.8,-0.85,-1,33.0,0,-2.0,-20.0,-209.0,0,41001.0,41.0,-1.0,40.0,-1.01,3563.04,2.04
20241017,3853.841,3882.0733,3787.7498,3788.2217,164.1,-1,-88.46,-348.44,-1054.3,-1.69,-1,30.0,0,-3.0,-12.0,-223.0,0,31001.0,31.0,-1.0,30.0,-1.73,3592.66,1.48
20241018,3780.3143,3998.214,3765.1615,3925.234,327.43,1,163.33,30.8,-297.13,0.18,1,34.0,0,4.0,-1.0,-83.0,1,51000.0,51.0,-0.0,51.0,-0.77,3629.62,2.24
20241021,3946.9016,3979.2638,3896.165,3935.1974,309.99,0,-17.44,57.43,-346.78,-0.02,0,38.0,1,4.0,5.0,-46.0,1,54001.0,54.0,-1.0,53.0,-0.89,3667.75,2.03
20241022,3923.7443,3965.9084,3917.5218,3957.7755,321.22,0,11.23,157.12,-111.06,0.1,0,40.0,0,2.0,10.0,-13.0,0,42000.0,42.0,-0.0,42.0,-1.7,3707.68,1.9
20241023,3955.3191,4012.1795,3939.0986,3973.2089,309.26,-1,-11.96,-18.17,-203.28,-0.04,-1,40.0,0,0.0,6.0,-2.0,0,35000.0,35.0,-0.0,35.0,-2.24,3747.79,1.71
20241024,3950.8987,3957.9832,3914.0887,3928.8334,216.49,-1,-92.77,-93.5,-80.14,-1.0,-1,34.0,-1,-6.0,-4.0,-1.0,-1,15000.0,15.0,-0.0,15.0,-3.45,3784.43,1.1
20241025,3931.3205,3992.8918,3921.9396,3956.421,219.86,0,3.37,-101.36,-32.7,-0.87,0,31.0,0,-3.0,-9.0,-2.0,0,16003.0,16.0,-3.0,13.0,-3.63,3822.2,1.02
20241028,3953.1063,3964.1569,3917.2042,3964.1569,217.61,0,-2.25,-91.65,53.51,-0.81,0,29.0,0,-2.0,-11.0,-1.0,0,13001.0,13.0,-1.0,12.0,-3.73,3859.77,0.79
20241029,3970.008,3991.3091,3921.5795,3924.649,129.13,-1,-88.48,-87.36,-198.3,-1.66,-1,30.0,0,1.0,-4.0,-4.0,0,11002.0,11.0,-2.0,9.0,-3.88,3888.4,0.27
20241030,3904.1595,3926.0581,3864.3051,3889.4487,61.47,-1,-67.66,-158.39,-248.52,-2.21,-1,32.0,0,2.0,1.0,-6.0,0,5003.0,5.0,-3.0,2.0,-4.21,3912.8,-0.18
20241031,3888.4229,3923.8997,3859.1079,3891.0396,60.29,0,-1.18,-157.32,-260.93,-2.01,0,31.0,0,-1.0,2.0,-9.0,0,13002.0,13.0,-2.0,11.0,-3.53,3930.08,-0.3
20241101,3882.4579,3933.2204,3879.9588,3890.0203,60.16,0,-0.13,-68.97,-249.1,-1.82,0,36.0,1,5.0,6.0,-4.0,1,8001.0,8.0,-1.0,7.0,-3.45,3939.4,-0.37
20241104,3897.7144,3944.7619,3891.2109,3944.7619,126.87,1,66.71,65.4,-89.62,-0.95,1,44.0,1,8.0,12.0,10.0,1,12000.0,12.0,-0.0,12.0,-2.48,3935.75,0.07
20241105,3937.6228,4046.6977,3925.4138,4044.5725,254.65,1,127.78,194.36,34.79,0.48,1,55.0,1,11.0,24.0,24.0,1,29000.0,29.0,-0.0,29.0,-0.8,3925.17,0.91
20241106,4051.2891,4091.7031,4002.5027,4024.2831,214.1,0,-40.55,153.94,-3.51,0.01,0,58.0,0,3.0,22.0,29.0,0,23001.0,23.0,-1.0,22.0,-0.91,3928.59,0.73
20241107,3987.2665,4146.151,3984.6652,4145.6952,360.75,1,146.65,233.88,231.62,1.54,1,60.0,0,2.0,16.0,30.0,0,54000.0,54.0,-0.0,54.0,1.21,3935.98,1.59
20241108,4192.0794,4200.908,4094.1631,4104.047,278.88,0,-81.87,24.23,217.41,0.54,0,65.0,1,5.0,10.0,33.0,1,34001.0,34.0,-1.0,33.0,0.13,3946.82,1.19
20241111,4066.9336,4132.5111,4048.039,4131.1312,288.96,0,10.08,74.86,228.67,0.59,0,60.0,0,-5.0,2.0,29.0,-1,46002.0,46.0,-2.0,44.0,0.91,3955.31,1.33
20241112,4133.3528,4181.7096,4060.7936,4085.743,188.35,-1,-100.61,-172.4,128.19,-0.52,-1,57.0,0,-3.0,-3.0,21.0,0,24006.0,24.0,-6.0,18.0,-0.49,3966.8,0.9
20241113,4059.5898,4121.0735,4059.5898,4110.8901,211.79,0,23.44,-67.09,84.92,-0.22,0,48.0,-1,-9.0,-17.0,4.0,-1,28002.0,28.0,-2.0,26.0,0.01,3980.77,0.99
20241114,4101.2228,4118.1686,4034.9441,4039.6191,79.35,-1,-132.44,-209.61,-175.3,-1.59,-1,34.0,-1,-14.0,-26.0,-21.0,-1,15002.0,15.0,-2.0,13.0,-0.69,3993.34,0.35
20241115,4025.6482,4049.071,3968.8308,3968.8308,-19.55,-1,-98.9,-207.9,-233.65,-2.47,-1,21.0,-1,-13.0,-36.0,-37.0,-1,4002.0,4.0,-2.0,2.0,-1.18,3995.52,-0.2
20241118,3982.1036,4034.0596,3931.1872,3950.3806,-32.42,0,-12.87,-244.21,-393.17,-2.37,0,16.0,-1,-5.0,-32.0,-44.0,-1,4003.0,4.0,-3.0,1.0,-1.09,3996.28,-0.35
20241119,3954.6038,3979.1505,3896.7493,3976.8912,10.39,0,42.81,-68.96,-268.49,-1.7,0,12.0,-1,-4.0,-22.0,-53.0,0,5001.0,5.0,-1.0,4.0,-0.81,3997.23,-0.15
20241120,3966.1238,4001.0847,3958.3383,3985.7727,27.03,1,16.64,46.58,-261.93,-1.36,1,9.0,0,-3.0,-12.0,-51.0,0,7000.0,7.0,-0.0,7.0,-0.56,3997.86,-0.09
20241121,3979.4554,3999.5693,3966.0658,3989.2979,28.93,0,1.9,61.35,-159.42,-1.21,0,8.0,0,-1.0,-8.0,-49.0,0,6000.0,6.0,-0.0,6.0,-0.59,4000.88,-0.09
20241122,3984.2435,3990.2647,3865.6989,3865.6989,-167.45,-1,-196.38,-177.84,-379.24,-3.15,-1,6.0,0,-2.0,-6.0,-42.0,0,2002.0,2.0,-2.0,0.0,-0.9,3996.35,-0.99
20241125,3875.6126,3889.7069,3812.3179,3848.0909,-173.45,-1,-6.0,-200.48,-252.8,-2.91,0,2.0,-1,-4.0,-7.0,-32.0,0,2007.0,2.0,-7.0,-5.0,-1.13,3990.54,-1.08
20241126,3836.259,3875.229,3833.2842,3840.1847,-169.93,0,3.52,-198.86,-150.38,-2.6,0,3.0,0,1.0,-5.0,-18.0,0,1005.0,1.0,-5.0,-4.0,-1.04,3986.32,-1.11
20241127,3829.3442,3907.164,3817.9125,3907.0447,-43.68,1,126.25,123.77,-11.26,-1.03,1,3.0,0,0.0,-3.0,-13.0,0,7001.0,7.0,-1.0,6.0,-0.48,3987.2,-0.61
20241128,3904.2525,3908.3918,3866.0136,3872.5505,-86.87,0,-43.19,86.58,-97.26,-1.38,0,2.0,0,-1.0,0.0,-10.0,0,5002.0,5.0,-2.0,3.0,-0.63,3986.28,-0.86
20241129,3869.8903,3962.7002,3869.8903,3916.5832,-13.26,1,73.61,156.67,-40.29,-0.48,1,4.0,0,2.0,1.0,-5.0,0,6000.0,6.0,-0.0,6.0,-0.45,3987.6,-0.54
20241202,3909.7029,3955.1252,3902.1697,3947.632,38.4,1,51.66,82.08,9.47,0.1,1,7.0,0,3.0,4.0,-1.0,0,7000.0,7.0,-0.0,7.0,-0.38,3987.75,-0.3
20241203,3946.7034,3963.9474,3922.8425,3951.8912,54.7,1,16.3,141.57,222.15,0.26,0,6.0,0,-1.0,4.0,0.0,0,9000.0,9.0,-0.0,9.0,-0.21,3983.11,-0.24
20241204,3948.13,3957.365,3917.7467,3930.5568,25.48,0,-29.22,38.74,198.93,-0.07,0,5.0,0,-1.0,1.0,3.0,0,11000.0,11.0,-0.0,11.0,-0.06,3978.43,-0.36
20241205,3916.5638,3936.3358,3910.0834,3921.5881,9.09,-1,-16.39,-29.31,179.02,-0.23,-1,5.0,0,0.0,-2.0,2.0,0,8000.0,8.0,-0.0,8.0,-0.1,3967.22,-0.35
20241206,3923.8954,3995.1168,3923.8954,3973.1405,76.5,1,67.41,21.8,120.18,0.5,1,5.0,0,0.0,-1.0,2.0,0,10000.0,10.0,-0.0,10.0,0.08,3960.68,0.09
20241209,3970.6628,3995.5116,3948.4206,3966.5708,67.28,0,-9.22,41.8,154.15,0.35,0,9.0,1,4.0,4.0,7.0,1,9000.0,9.0,-0.0,9.0,0.12,3952.45,0.11
20241210,4094.05,4098.3804,3988.9676,3995.6369,89.41,0,22.13,80.32,102.67,0.55,0,13.0,1,4.0,8.0,9.0,1,10000.0,10.0,-0.0,10.0,0.2,3947.94,0.36
20241211,3988.0179,4005.3253,3977.3522,3988.8308,86.38,0,-3.03,9.88,47.98,0.47,0,19.0,1,6.0,14.0,12.0,1,5000.0,5.0,-0.0,5.0,-0.02,3941.84,0.36
20241212,3987.1525,4031.7441,3981.3485,4028.5048,135.44,1,49.06,68.16,80.74,0.94,1,20.0,0,1.0,11.0,14.0,0,10000.0,10.0,-0.0,10.0,0.27,3941.28,0.66
20241213,4000.9854,4000.9854,3931.7392,3933.1808,-7.07,-1,-142.51,-96.48,-32.55,-0.65,-1,12.0,-1,-8.0,-1.0,7.0,-1,2000.0,2.0,-0.0,2.0,-0.19,3939.5,-0.05
20241216,3930.7807,3938.7595,3901.6465,3911.8416,-31.6,-1,-24.53,-117.98,-40.69,-0.84,-1,14.0,0,2.0,-5.0,9.0,0,11000.0,11.0,-0.0,11.0,0.3,3937.57,-0.2
20241217,3908.1263,3955.945,3908.1263,3922.0334,-32.75,0,-1.15,-168.19,-109.25,-0.77,0,12.0,0,-2.0,-8.0,7.0,0,10000.0,10.0,-0.0,10.0,0.23,3934.83,-0.1
20241218,3934.5425,3956.1441,3933.9693,3941.89,6.7,1,39.45,13.77,-60.58,-0.29,1,12.0,0,0.0,0.0,3.0,0,12000.0,12.0,-0.0,12.0,0.33,3932.64,0.07
20241219,3911.8901,3954.3491,3899.7479,3945.4635,4.73,0,-1.97,36.33,-84.68,-0.28,0,14.0,0,2.0,0.0,1.0,0,12000.0,12.0,-0.0,12.0,0.31,3930.45,0.11
20241220,3937.4722,3958.6336,3923.2562,3927.7441,-20.21,0,-24.94,12.54,-106.59,-0.51,0,12.0,0,-2.0,0.0,-7.0,0,7002.0,7.0,-2.0,5.0,-0.11,3933.55,-0.04
20241223,3928.1493,3965.8502,3928.1493,3933.5718,-5.4,0,14.81,-12.1,-140.84,-0.31,0,10.0,0,-2.0,-2.0,-10.0,0,11001.0,11.0,-1.0,10.0,0.14,3937.82,-0.03
20241224,3934.9422,3985.8588,3934.7338,3983.6882,72.86,1,78.26,68.13,79.93,0.54,1,11.0,0,1.0,-3.0,-1.0,0,15002.0,15.0,-2.0,13.0,0.26,3945.0,0.29
20241225,3987.9557,4007.7626,3969.4766,3985.6291,79.94,1,7.08,100.15,111.54,0.56,1,15.0,1,4.0,3.0,1.0,1,23000.0,23.0,-0.0,23.0,0.79,3948.93,0.28
