trade_date,obv,obv_rate,obv_trend,obv_rate_trend,net_flow_ratio,net_flow_ratio_ema_7
20150907,1.98,0.17,-1,-1,-0.4754,-0.36926521177100996
20150908,72.18,0.7,1,1,0.224,-0.22094890882825746
20150909,173.01,1.42,1,1,-0.0173,-0.1700366816211931
20150910,116.46,0.84,0,0,-0.2098,-0.1799775112158948
20150911,102.32,0.65,0,0,-0.1621,-0.17550813341192112
20150914,36.02,0.07,-1,-1,-0.51,-0.25913110005894086
20150915,-41.81,-0.54,-1,-1,-0.3009,-0.2695733250442056
20150916,48.3,0.21,0,0,0.2898,-0.1297299937831542
20150917,-10.45,-0.26,0,0,-0.1052,-0.12359749533736565
20150918,24.53,0.03,0,0,-0.0973,-0.11702312150302424
20150921,107.32,0.68,1,1,0.2762,-0.01871734112726818
20150922,130.13,0.79,1,1,-0.1554,-0.05288800584545114
20150923,77.6,0.3,0,0,-0.2045,-0.09079100438408835
20150924,125.62,0.65,0,0,-0.1862,-0.11464325328806627
20150925,53.3,0.02,-1,-1,-0.4466,-0.1976324399660497
20150928,103.28,0.41,0,0,0.1345,-0.11459932997453728
20150929,42.56,-0.1,-1,-1,-0.225,-0.14219949748090296
20150930,75.93,0.17,0,0,-0.0402,-0.11669962311067722
20151008,222.75,1.3,1,1,-0.0952,-0.11132471733300792
20151009,303.27,1.8,1,1,0.1277,-0.051568537999755935
20151012,432.86,2.64,1,1,-0.0458,-0.05012640349981695
20151013,380.04,1.98,0,0,-0.1126,-0.06574480262486271
20151014,267.02,0.91,-1,-1,-0.3531,-0.13758360196864705
20151015,376.55,1.68,0,0,0.2783,-0.03361270147648529
20151016,432.22,1.95,1,0,-0.1736,-0.06860952610736397
20151019,372.05,1.3,0,0,-0.2279,-0.10843214458052297
20151020,425.75,1.59,0,0,0.0006,-0.08117410843539223
20151021,253.71,0.1,-1,-1,-0.688,-0.23288058132654416
20151022,346.0,0.81,0,0,0.0408,-0.16446043599490812
20151023,431.24,1.4,0,0,-0.042,-0.1338453269961811
20151026,430.98,1.26,0,0,-0.1992,-0.15018399524713583
20151027,341.07,0.44,-1,-1,-0.1101,-0.14016299643535188
20151028,241.08,-0.38,-1,-1,-0.3269,-0.18684724732651392
20151029,254.12,-0.24,0,0,-0.0585,-0.15476043549488544
20151030,228.97,-0.42,0,0,-0.0098,-0.11852032662116407
20151102,179.65,-0.76,-1,-1,-0.1755,-0.13276524496587305
20151103,169.48,-0.77,-1,0,-0.1543,-0.1381489337244048
20151104,351.12,0.72,1,1,0.5025,0.02201329970669641
20151105,467.16,1.56,1,1,-0.3525,-0.07161502521997769
20151106,560.48,2.14,1,1,0.1347,-0.020036268914983266
20151109,563.79,1.96,0,0,-0.1848,-0.06122720168623745
20151110,456.47,0.94,-1,-1,-0.3341,-0.12944540126467807
20151111,426.5,0.61,-1,-1,-0.095,-0.12083405094850855
20151112,355.05,-0.0,-1,-1,-0.2928,-0.1638255382113814
20151113,259.43,-0.75,-1,-1,-0.4777,-0.24229415365853607
20151116,278.14,-0.53,0,0,-0.0147,-0.18539561524390205
20151117,237.14,-0.8,-1,0,-0.6349,-0.2977717114329266
20151118,175.49,-1.2,-1,-1,-0.4421,-0.3338537835746949
20151119,242.09,-0.57,0,0,0.1735,-0.2070153376810212
20151120,225.43,-0.65,0,0,-0.2458,-0.2167115032607659
20151123,168.88,-1.03,-1,0,-0.5461,-0.29905862744557443
20151124,156.74,-1.02,-1,0,0.0076,-0.2223939705841808
20151125,218.89,-0.44,0,1,0.0266,-0.1601454779381356
20151126,160.7,-0.85,0,0,-0.4785,-0.2397341084536017
20151127,19.81,-1.87,-1,-1,-0.7859,-0.3762755813402013
20151130,34.57,-1.58,0,0,-0.1647,-0.32338168600515094
20151201,65.4,-1.19,0,0,-0.2112,-0.2953362645038632
20151202,133.7,-0.54,1,1,0.08,-0.2015021983778974
20151203,177.67,-0.15,1,1,0.0835,-0.13025164878342305
20151204,116.69,-0.61,0,0,-0.3595,-0.18756373658756728
20151207,148.01,-0.31,0,0,-0.0157,-0.14459780244067547
20151208,81.83,-0.79,-1,-1,-0.2902,-0.1809983518305066
20151209,80.81,-0.73,0,0,-0.1067,-0.16242376387287996
20151210,55.9,-0.85,-1,0,-0.2916,-0.19471782290465997
20151211,22.45,-1.03,-1,-1,-0.1883,-0.19311336717849498
20151214,124.37,-0.14,1,1,0.1982,-0.09528502538387124
20151215,103.34,-0.29,0,0,-0.0703,-0.08903876903790342
20151216,98.52,-0.3,0,0,-0.1544,-0.10537907677842756
20151217,231.86,0.77,1,1,0.08,-0.05903430758382067
20151218,219.89,0.6,0,0,-0.2437,-0.1052007306878655
20151221,338.56,1.47,1,1,0.0299,-0.07142554801589912
20151222,314.0,1.14,0,0,-0.1061,-0.08009416101192435
20151223,251.32,0.54,0,-1,-0.2552,-0.12387062075894326
20151224,194.02,0.04,-1,-1,-0.1819,-0.13837796556920745
20151225,210.63,0.17,0,0,-0.1303,-0.13635847417690558
20151228,81.63,-0.85,-1,-1,-0.504,-0.22826885563267918
20151229,152.72,-0.22,0,0,0.0531,-0.15792664172450938
20151230,163.61,-0.11,0,0,-0.135,-0.15219498129338205
20151231,96.45,-0.62,0,0,-0.2683,-0.18122123597003653
20160104,-36.8,-1.6,-1,-1,-0.5185,-0.2655409269775274
20160105,1.4,-1.15,0,0,-0.1881,-0.24618069523314556
20160106,144.05,0.07,1,1,0.0349,-0.1759105214248592
20160107,88.22,-0.37,0,0,-0.1694,-0.1742828910686444
20160108,198.09,0.52,1,1,-0.0991,-0.1554871683014833
20160111,29.85,-0.84,-1,-1,-0.3982,-0.21616537622611248
20160112,74.04,-0.42,0,0,-0.0947,-0.18579903216958438
20160113,-38.15,-1.25,-1,-1,-0.3601,-0.22937427412718828
20160114,102.59,-0.04,1,1,0.2064,-0.12043070559539121
20160115,-16.81,-0.96,0,0,-0.4238,-0.1962730291965434
20160118,22.87,-0.56,0,0,0.0922,-0.12415477189740756
20160119,170.66,0.64,1,1,0.1988,-0.04341607892305567
20160120,93.72,-0.02,0,0,-0.362,-0.12306205919229175
20160121,-40.69,-1.06,-1,-1,-0.3264,-0.1738965443942188
20160122,38.02,-0.35,0,0,-0.0461,-0.1419474082956641
20160125,92.66,0.11,0,0,-0.0547,-0.12013555622174807
20160126,-84.6,-1.28,-1,-1,-0.5148,-0.21880166716631105
20160127,-97.62,-1.26,-1,0,-0.1573,-0.20342625037473328
20160128,-171.67,-1.72,-1,0,-0.2199,-0.20754468778104995
20160129,-4.97,-0.26,1,1,0.1968,-0.10645851583578747
20160201,-64.46,-0.7,0,0,-0.2187,-0.1345188868768406
20160202,61.66,0.35,1,1,0.1944,-0.05228916515763046
20160203,34.1,0.11,0,0,-0.057,-0.053466873868222846
20160204,153.11,1.02,1,1,0.068,-0.02310015540116713
20160205,89.5,0.43,0,0,-0.2171,-0.07160011655087534
20160215,57.05,0.14,0,0,0.0617,-0.0382750874131565
20160216,207.8,1.3,1,1,0.1848,0.01749368444013262
20160217,280.28,1.74,1,1,-0.043,0.002370263330099466
20160218,203.1,0.97,0,0,-0.1277,-0.0301473025024254
20160219,173.82,0.65,-1,-1,-0.1527,-0.06078547687681905
20160222,337.58,1.87,1,1,0.1143,-0.01701410765761429
20160223,246.64,0.98,0,0,-0.3274,-0.09461058074321071
20160224,273.38,1.1,0,0,-0.1008,-0.09615793555740804
20160225,35.93,-0.86,-1,-1,-0.8973,-0.296443451668056
20160226,126.4,-0.07,0,0,-0.0227,-0.22800758875104202
20160229,-6.63,-1.1,-1,-1,-0.3236,-0.2519056915632815
20160301,126.99,0.04,0,1,0.2174,-0.13457926867246114
20160302,330.11,1.62,1,1,0.4965,0.023190548495654134
20160303,303.97,1.26,0,0,-0.2481,-0.0446320886282594
20160304,334.04,1.38,0,0,-0.4987,-0.15814906647119453
20160307,363.78,1.48,1,0,-0.0728,-0.1368117998533959
20160308,321.08,1.01,0,-1,-0.0994,-0.1274588498900469
20160309,202.01,-0.02,-1,-1,-0.2859,-0.16706913741753518
20160310,128.96,-0.59,-1,-1,-0.2017,-0.1757268530631514
20160311,137.93,-0.46,0,0,-0.0293,-0.13912013979736354
20160314,264.7,0.57,1,1,0.2613,-0.03901510484802266
20160315,244.33,0.36,0,0,-0.1733,-0.072586328636017
20160316,226.27,0.18,0,0,-0.2328,-0.11263974647701275
20160317,337.0,1.03,1,1,0.3929,0.01374519014224046
20160318,464.34,1.92,1,1,0.1196,0.04020889260668034
20160321,563.13,2.51,1,1,-0.2839,-0.040818330544989734
20160322,442.57,1.33,0,0,-0.1727,-0.07378874790874229
20160323,405.27,0.91,-1,-1,-0.1145,-0.08396656093155672
20160324,296.94,-0.02,-1,-1,-0.3183,-0.14254992069866754
20160325,299.53,0.0,0,0,-0.2075,-0.15878744052400065
20160328,250.25,-0.38,-1,-1,-0.2238,-0.1750405803930005
20160329,164.98,-1.01,-1,-1,-0.3942,-0.22983043529475036
20160330,281.13,-0.01,0,0,0.4573,-0.05804782647106277
20160331,272.87,-0.07,0,0,-0.0733,-0.06186086985329708
20160401,257.85,-0.18,0,0,-0.2802,-0.11644565238997281
20160405,374.34,0.74,1,1,0.2489,-0.0251092392924796
20160406,327.91,0.31,0,0,-0.2134,-0.0721819294693597
20160407,206.85,-0.66,-1,-1,-0.4656,-0.17053644710201976
20160408,147.02,-1.07,-1,-1,-0.3218,-0.20835233532651481
20160411,261.93,-0.07,0,0,0.0926,-0.1331142514948861
20160412,203.4,-0.52,0,0,-0.4736,-0.21823568862116458
20160413,353.83,0.7,1,1,0.3113,-0.08585176646587342
20160414,395.0,0.96,1,1,-0.1156,-0.09328882484940507
20160415,339.35,0.43,0,0,-0.2993,-0.1447916186370538
20160418,238.38,-0.4,-1,-1,-0.3101,-0.18611871397779034
20160419,250.47,-0.26,0,0,-0.1905,-0.18721403548334276
20160420,80.29,-1.57,-1,-1,-0.6589,-0.3051355266125071
20160421,40.75,-1.72,-1,-1,-0.1193,-0.2586766449593803
20160422,79.56,-1.26,0,0,0.0221,-0.18848248371953524
20160425,66.69,-1.24,0,1,-0.201,-0.19161186278965142
20160426,99.11,-0.87,1,1,0.0594,-0.12885889709223858
20160427,69.3,-1.02,0,0,-0.1423,-0.13221917281917894
20160428,62.17,-0.98,0,0,-0.0391,-0.10893937961438421
20160429,65.73,-0.86,0,0,-0.0193,-0.08652953471078816
20160503,194.17,0.23,1,1,0.2878,0.007052848966908887
20160504,175.12,0.06,0,0,-0.1725,-0.03783536327481833
20160505,184.13,0.12,0,0,0.0559,-0.014401522456113751
20160506,20.4,-1.17,-1,-1,-0.7046,-0.18695114184208533
20160509,-78.09,-1.82,-1,-1,-0.3197,-0.22013835638156398
20160510,-58.38,-1.5,0,0,-0.1654,-0.20645376728617298
20160511,-4.6,-0.93,0,1,-0.1006,-0.17999032546462973
20160512,1.99,-0.79,1,1,0.1239,-0.1040177440984723
20160513,-39.93,-1.04,0,0,-0.2,-0.12801330807385422
20160516,33.61,-0.37,1,1,0.2009,-0.04578498105539067
20160517,1.21,-0.59,0,0,-0.2061,-0.085863735791543
20160518,-106.28,-1.37,-1,-1,-0.3988,-0.16409780184365724
20160519,-105.42,-1.23,0,0,0.0971,-0.09879835138274293
20160520,-36.4,-0.58,0,1,0.0296,-0.0666987635370572
20160523,45.65,0.12,1,1,0.0282,-0.0429740726527929
20160524,-9.72,-0.33,0,0,-0.2345,-0.09085555448959468
20160525,-33.48,-0.48,0,0,-0.2482,-0.130191665867196
20160526,-25.36,-0.37,0,0,-0.0481,-0.109668749400397
20160527,-20.01,-0.29,0,1,-0.0521,-0.09527656205029775
20160530,-14.4,-0.22,1,1,-0.0776,-0.0908574215377233
20160531,231.08,1.71,1,1,0.6736,0.10025693384670753
20160601,166.73,1.05,0,0,-0.0446,0.06404270038503065
20160602,179.48,1.05,0,0,-0.0545,0.03440702528877299
20160603,250.5,1.5,1,0,-0.0017,0.025380268966579744
20160606,191.18,0.9,0,0,-0.0824,-0.001564798275065192
20160607,171.53,0.66,0,-1,-0.1359,-0.03514859870629889
20160608,112.99,0.14,-1,-1,-0.008,-0.028361449029724168
20160613,-52.93,-1.17,-1,-1,-0.4643,-0.13734608677229312
20160614,-19.63,-0.8,0,0,-0.1581,-0.14253456507921985
20160615,145.81,0.57,1,1,0.1583,-0.06732592380941489
20160616,67.79,-0.09,0,0,-0.1454,-0.08684444285706117
20160617,160.85,0.64,1,0,-0.0557,-0.07905833214279587
20160620,164.58,0.61,0,0,-0.0949,-0.0830187491070969
20160621,96.46,0.02,0,0,-0.4017,-0.16268906183032267
20160622,200.47,0.83,1,1,0.1591,-0.08224179637274201
20160623,149.28,0.35,0,0,-0.2831,-0.13245634727955652
20160624,16.97,-0.71,-1,-1,-0.286,-0.17084226045966738
20160627,171.28,0.56,0,0,0.2874,-0.05628169534475054
20160628,220.49,0.89,1,1,-0.0713,-0.0600362715085629
20160629,266.39,1.16,1,0,-0.0388,-0.05472720363142218
20160630,249.1,0.92,0,0,-0.2819,-0.11152040272356663
20160701,228.67,0.67,0,-1,-0.1591,-0.12341530204267497
20160704,413.41,2.05,1,1,0.3892,0.004738523467993763
20160705,399.85,1.75,0,0,-0.0974,-0.020796107399004678
20160706,348.68,1.18,0,0,-0.0766,-0.03474708054925351
20160707,322.26,0.86,-1,-1,0.0051,-0.024785310411940133
20160708,224.38,0.02,-1,-1,-0.2872,-0.0903889828089551
20160711,242.23,0.15,0,0,-0.1763,-0.11186673710671632
20160712,391.93,1.31,1,1,0.1386,-0.04925005283003725
20160713,414.2,1.36,1,1,-0.0429,-0.047662539622527936
20160714,339.91,0.65,0,0,-0.2375,-0.09512190471689595
20160715,307.72,0.33,-1,-1,-0.2163,-0.12541642853767196
20160718,247.63,-0.17,-1,-1,-0.2416,-0.15446232140325397
20160719,214.79,-0.41,-1,-1,-0.1702,-0.15839674105244048
20160720,182.36,-0.62,-1,-1,-0.1546,-0.15744755578933034
20160721,223.2,-0.24,0,0,-0.1123,-0.14616066684199774
20160722,142.56,-0.85,-1,-1,-0.4025,-0.21024550013149831
20160725,140.15,-0.79,0,0,-0.1319,-0.19065912509862373
20160726,227.88,-0.03,1,1,0.1137,-0.1145693438239678
20160727,92.74,-1.08,-1,0,-0.5993,-0.23575200786797587
20160728,120.2,-0.76,0,0,-0.014,-0.1803140059009819
20160729,103.55,-0.82,0,0,-0.1463,-0.17181050442573642
20160801,54.7,-1.12,-1,-1,-0.1746,-0.1725078783193023
20160802,81.36,-0.81,0,0,-0.0031,-0.13015590873947674
20160803,76.14,-0.77,0,0,-0.082,-0.11811693155460756
20160804,80.37,-0.66,0,1,-0.0056,-0.08998769866595567
20160805,71.09,-0.67,-1,0,-0.29,-0.13999077399946674
20160808,142.87,-0.05,1,1,0.0907,-0.08231808049960006
20160809,222.02,0.57,1,1,0.1104,-0.03413856037470005
20160810,173.33,0.14,0,0,-0.1329,-0.05882892028102503
20160811,130.6,-0.21,-1,-1,-0.3596,-0.13402169021076876
20160812,239.04,0.66,1,1,0.1957,-0.05159126765807656
20160815,444.58,2.2,1,1,0.3731,0.05458154925644257
20160816,341.09,1.18,0,0,-0.3014,-0.03441383805766807
20160817,305.99,0.79,0,0,-0.28,-0.09581037854325106
20160818,214.1,0.0,-1,-1,-0.3625,-0.16248278390743828
20160819,197.5,-0.13,-1,-1,-0.1451,-0.1581370879305787
20160822,129.76,-0.64,-1,-1,-0.2959,-0.19257781594793402
20160823,134.86,-0.54,0,0,-0.117,-0.17368336196095052
20160824,122.23,-0.59,0,0,-0.0949,-0.1539875214707129
20160825,68.43,-0.95,-1,-1,-0.1811,-0.16076564110303468
20160826,79.36,-0.78,0,0,-0.0935,-0.143949230827276
20160829,73.6,-0.75,0,0,-0.1484,-0.14506192312045701
20160830,84.71,-0.59,1,1,-0.1193,-0.13862144234034277
20160831,93.85,-0.46,1,1,-0.115,-0.13271608175525706
20160901,34.42,-0.88,-1,-1,-0.2852,-0.1708370613164428
20160902,29.54,-0.84,-1,0,-0.2365,-0.1872527959873321
20160905,44.9,-0.64,0,0,-0.0964,-0.16453959699049908
20160906,133.32,0.11,1,1,0.1596,-0.0835046977428743
20160907,124.03,0.03,0,0,-0.1648,-0.10382852330715572
20160908,126.08,0.04,0,0,-0.0626,-0.0935213924803668
20160909,67.72,-0.42,-1,-1,-0.2197,-0.1250660443602751
20160912,-89.3,-1.6,-1,-1,-0.7359,-0.2777745332702063
20160913,-89.9,-1.45,0,0,-0.1618,-0.24878089995265473
20160914,-126.37,-1.6,0,0,-0.128,-0.21858567496449105
20160919,-34.46,-0.73,1,1,0.035,-0.1551892562233683
20160920,-47.64,-0.76,0,0,-0.0753,-0.13521694216752622
20160921,-30.62,-0.56,0,0,0.0026,-0.10076270662564467
20160922,43.28,0.07,1,1,0.038,-0.0660720299692335
20160923,18.27,-0.13,0,0,-0.1215,-0.07992902247692513
20160926,-107.17,-1.1,-1,-1,-0.3991,-0.15972176685769385
20160927,-37.17,-0.45,0,0,0.0014,-0.11944132514327038
20160928,-51.21,-0.51,0,0,-0.0561,-0.10360599385745278
20160929,1.78,-0.05,1,1,0.0356,-0.06880449539308958
20160930,38.95,0.24,1,1,0.0343,-0.04302837154481719
20161010,169.89,1.24,1,1,0.1455,0.004103721341387104
20161011,210.45,1.44,1,1,-0.0583,-0.011497208993959672
20161012,165.4,0.95,0,0,-0.1885,-0.055747906745469755
20161013,135.55,0.63,-1,-1,-0.1649,-0.08303593005910231
20161014,139.97,0.6,0,0,-0.0995,-0.08715194754432673
20161017,41.94,-0.22,-1,-1,-0.122,-0.09586396065824504
20161018,215.42,1.15,1,1,0.2321,-0.013872970493683773
20161019,179.01,0.76,0,0,-0.1206,-0.04055472787026283
20161020,156.37,0.51,0,0,-0.0857,-0.05184104590269713
20161021,192.82,0.75,0,0,-0.1324,-0.07198078442702284
20161024,346.6,1.88,1,1,0.1785,-0.009360588320267135
20161025,295.98,1.3,0,0,-0.1369,-0.04124544124020035
20161026,203.56,0.46,0,-1,-0.2829,-0.10165908093015026
20161027,142.2,-0.06,-1,-1,-0.0927,-0.0994193106976127
20161028,111.67,-0.3,-1,-1,-0.232,-0.13256448302320953
20161031,95.93,-0.39,-1,0,-0.0052,-0.10072336226740715
20161101,185.78,0.35,1,1,0.0079,-0.07356752170055536
20161102,88.26,-0.45,0,0,-0.3172,-0.1344756412754165
20161103,183.9,0.34,0,0,0.0441,-0.08983173095656238
20161104,128.41,-0.12,0,0,-0.2429,-0.1280987982174218
20161107,124.71,-0.14,0,0,-0.1079,-0.12304909866306635
20161108,188.41,0.37,1,1,-0.0687,-0.10946182399729976
20161109,74.82,-0.55,-1,-1,-0.32,-0.16209636799797483
20161110,231.7,0.72,1,1,0.1337,-0.08814727599848113
20161111,301.44,1.2,1,1,0.0646,-0.04996045699886084
20161114,322.12,1.25,0,0,-0.0751,-0.05624534274914563
20161115,266.65,0.69,0,-1,-0.2866,-0.11383400706185923
20161116,237.7,0.4,-1,-1,-0.1892,-0.13267550529639444
20161117,223.59,0.25,-1,-1,-0.2654,-0.16585662897229583
20161118,140.48,-0.42,-1,-1,-0.3103,-0.2019674717292219
20161121,177.13,-0.09,0,0,-0.183,-0.19722560379691642
20161122,241.89,0.42,1,1,0.042,-0.13741920284768733
20161123,213.47,0.16,0,0,-0.2995,-0.17793940213576548
20161124,193.18,-0.01,0,0,-0.2632,-0.1992545516018241
20161125,235.92,0.32,0,0,-0.0094,-0.15179091370136807
20161128,211.2,0.1,0,0,-0.1239,-0.14481818527602605
20161129,262.93,0.49,1,1,-0.1303,-0.14118863895701955
20161130,172.81,-0.26,-1,-1,-0.3402,-0.19094147921776466
20161201,210.24,0.06,0,0,-0.0413,-0.15353110941332349
20161202,106.02,-0.76,-1,-1,-0.5186,-0.2447983320599926
20161205,57.2,-1.07,-1,-1,-0.214,-0.23709874904499445
20161206,50.59,-1.02,0,0,-0.281,-0.24807406178374586
20161207,96.01,-0.57,0,1,0.0491,-0.1737805463378094
20161208,84.93,-0.6,0,0,-0.1888,-0.17753540975335705
20161209,85.51,-0.54,0,0,-0.173,-0.17640155731501778
20161212,-66.46,-1.67,-1,-1,-0.6548,-0.29600116798626336
20161213,-41.58,-1.32,0,0,-0.0443,-0.23307587598969753
20161214,-66.68,-1.39,0,0,-0.2625,-0.24043190699227315
20161215,-76.59,-1.33,-1,0,-0.137,-0.21457393024420487
20161216,-50.11,-1.0,0,1,-0.1391,-0.19570544768315365
20161219,-58.44,-0.97,0,1,-0.2135,-0.20015408576236524
20161220,-86.85,-1.1,-1,0,-0.2181,-0.2046405643217739
20161221,-5.15,-0.36,1,1,-0.0033,-0.15430542324133042
20161222,-20.43,-0.44,0,0,-0.1045,-0.14185406743099782
20161223,-71.63,-0.8,0,0,-0.3019,-0.18186555057324838
20161226,-53.08,-0.58,0,0,0.027,-0.12964916292993628
20161227,-58.96,-0.57,0,0,-0.111,-0.1249868721974522
20161228,-92.05,-0.77,-1,0,-0.1365,-0.12786515414808916
20161229,-96.32,-0.73,-1,0,-0.0354,-0.10474886561106687
20161230,-48.3,-0.29,1,1,-0.029,-0.08581164920830016
20170103,47.43,0.49,1,1,0.0551,-0.05058373690622512
20170104,154.78,1.28,1,1,0.1527,0.00023719732033115892
20170105,142.09,1.06,0,0,-0.1123,-0.02789710200975163
20170106,76.21,0.44,0,-1,-0.3086,-0.09807282650731372
20170109,132.67,0.84,0,0,0.0537,-0.06012961988048529
20170110,99.63,0.5,0,0,-0.1701,-0.08762221491036397
20170111,41.36,-0.0,-1,-1,-0.2372,-0.125016661182773
20170112,-16.06,-0.45,-1,-1,-0.1865,-0.14038749588707974
20170113,-9.64,-0.36,0,0,-0.2406,-0.1654406219153098
20170116,51.51,0.16,1,1,-0.2825,-0.19470546643648234
20170117,70.55,0.29,1,1,0.0333,-0.13770409982736176
20170118,87.51,0.39,1,0,-0.0215,-0.10865307487052131
20170119,61.37,0.15,0,0,-0.0824,-0.10208980615289098
20170120,140.77,0.76,1,1,0.1484,-0.03946735461466824
20170123,181.25,1.0,1,1,-0.0031,-0.03037551596100118
20170124,183.94,0.93,0,0,-0.0427,-0.03345663697075089
20170125,201.28,0.97,1,0,0.0345,-0.016467477728063167
20170126,228.95,1.1,1,1,-0.0306,-0.020000608296047374
20170203,184.89,0.65,0,-1,-0.2304,-0.07260045622203552
20170206,216.39,0.83,0,0,-0.0325,-0.06257534216652665
20170207,193.28,0.57,0,-1,-0.1962,-0.09598150662489499
20170208,252.34,0.98,1,1,0.1732,-0.028686129968671245
20170209,297.39,1.24,1,1,-0.0816,-0.04191459747650343
20170210,343.19,1.48,1,1,0.0619,-0.015960948107377575
20170213,416.28,1.91,1,1,-0.0181,-0.01649571108053318
20170214,348.97,1.2,0,0,-0.173,-0.05562178331039988
20170215,274.26,0.5,-1,-1,-0.2589,-0.10644133748279991
20170216,347.31,1.02,0,0,0.1449,-0.04360600311209993
20170217,233.87,0.04,-1,-1,-0.4345,-0.14132950233407493
20170220,390.75,1.26,1,1,0.21,-0.053497126750556206
20170221,416.57,1.34,0,0,-0.0124,-0.04322284506291715
20170222,406.98,1.14,0,0,-0.0627,-0.048092133797187867
20170223,334.02,0.46,-1,-1,-0.0767,-0.0552441003478909
20170224,313.8,0.26,-1,-1,-0.0544,-0.05503307526091818
20170227,207.18,-0.6,-1,-1,-0.3192,-0.12107480644568863
20170228,235.68,-0.32,0,0,0.0542,-0.07725610483426648
20170301,229.09,-0.34,0,0,-0.2075,-0.10981707862569987
20170302,148.91,-0.93,-1,-1,-0.0635,-0.09823780896927489
20170303,145.06,-0.87,0,0,-0.0473,-0.08550335672695616
20170306,205.45,-0.32,0,1,0.0583,-0.049552517545217126
20170307,209.3,-0.26,0,0,-0.1171,-0.06643938815891284
20170308,172.52,-0.52,0,0,-0.2487,-0.11200454111918463
20170309,91.88,-1.1,-1,-1,-0.2922,-0.15705340583938848
20170310,105.3,-0.89,0,0,0.0207,-0.11261505437954136
20170313,196.92,-0.09,1,1,0.0598,-0.06951129078465602
20170314,172.95,-0.27,0,0,-0.1509,-0.08985846808849202
20170315,177.67,-0.21,0,0,-0.2563,-0.13146885106636902
20170316,241.46,0.31,1,1,0.1264,-0.06700163829977676
20170317,127.21,-0.61,-1,-1,-0.5463,-0.18682622872483257
20170320,139.2,-0.46,0,0,-0.2211,-0.19539467154362442
20170321,159.44,-0.26,0,0,-0.0598,-0.16149600365771832
20170322,118.55,-0.55,-1,0,-0.1472,-0.15792200274328874
20170323,135.41,-0.37,0,0,-0.1603,-0.15851650205746656
20170324,207.17,0.23,1,1,0.0775,-0.09951237654309993
20170327,155.65,-0.2,0,0,-0.1084,-0.10173428240732495
20170328,119.06,-0.46,-1,0,-0.0979,-0.10077571180549372
20170329,93.35,-0.62,-1,-1,-0.1978,-0.12503178385412028
20170330,0.08,-1.29,-1,-1,-0.4158,-0.19772383789059023
20170331,63.78,-0.67,0,0,-0.0525,-0.16141787841794267
20170405,213.71,0.56,1,1,0.218,-0.066563408813457
20170406,199.52,0.4,0,0,-0.1065,-0.07654755661009274
20170407,200.72,0.37,0,0,-0.1346,-0.09106066745756955
20170410,132.09,-0.2,-1,-1,-0.3418,-0.15374550059317715
20170411,147.78,-0.06,0,0,-0.0681,-0.13233412544488288
20170412,120.35,-0.27,0,0,-0.3364,-0.18335059408366217
20170413,114.33,-0.29,-1,0,-0.0166,-0.1416629455627466
20170414,33.33,-0.89,-1,-1,-0.255,-0.16999720917205996
20170417,13.01,-0.97,-1,-1,-0.1718,-0.17044790687904499
20170418,-7.24,-1.03,0,0,-0.1632,-0.16863593015928374
20170419,-32.06,-1.13,-1,-1,-0.1698,-0.1689269476194628
20170420,26.5,-0.56,1,1,-0.0123,-0.1297702107145971
20170421,42.75,-0.38,1,1,-0.1547,-0.13600265803594783
20170424,-9.25,-0.75,0,0,-0.2202,-0.15705199352696086
20170425,20.56,-0.45,0,0,0.0033,-0.11696399514522066
20170426,36.47,-0.28,0,1,0.0455,-0.0763479963589155
20170427,49.46,-0.15,1,1,0.0273,-0.05043599726918662
20170428,28.9,-0.3,0,0,-0.1304,-0.07042699795188996
20170502,14.16,-0.39,-1,-1,-0.1453,-0.08914524846391747
20170503,-3.2,-0.48,-1,-1,-0.1135,-0.0952339363479381
20170504,-26.45,-0.62,-1,-1,-0.1406,-0.10657545226095358
20170505,-66.19,-0.87,-1,-1,-0.3084,-0.1570315891957152
20170508,-88.62,-0.96,-1,-1,-0.2025,-0.1683986918967864
20170509,-59.68,-0.64,0,0,0.0432,-0.1154990189225898
20170510,-92.46,-0.84,-1,0,-0.2296,-0.14402426419194236
20170511,-49.93,-0.43,1,1,-0.0588,-0.12271819814395676
20170512,-5.62,-0.04,1,1,-0.0609,-0.10726364860796757
20170515,13.45,0.11,1,1,-0.1043,-0.10652273645597568
20170516,112.61,0.87,1,1,0.2477,-0.01796705234198176
20170517,81.33,0.55,0,0,-0.1584,-0.05307528925648632
20170518,43.7,0.2,0,0,-0.191,-0.08755646694236474
20170519,40.26,0.16,0,0,-0.2603,-0.13074235020677355
20170522,25.88,0.03,-1,-1,-0.2724,-0.16615676265508017
20170523,56.95,0.27,1,1,-0.1481,-0.16164257199131013
20170524,61.6,0.28,1,0,0.0219,-0.1157569289934826
20170525,152.01,0.96,1,1,0.0461,-0.07529269674511195
20170526,137.99,0.76,0,0,-0.2605,-0.12159452255883396
20170531,141.23,0.71,0,0,-0.249,-0.15344589191912547
20170601,115.42,0.44,-1,-1,-0.2217,-0.1705094189393441
20170602,103.08,0.3,-1,-1,0.0233,-0.12205706420450807
20170605,95.57,0.22,-1,-1,-0.0762,-0.11059279815338105
20170606,135.38,0.51,1,1,-0.0325,-0.09106959861503579
20170607,269.9,1.51,1,1,0.2968,0.005897801038723158
20170608,282.78,1.46,1,0,0.0352,0.013223350779042369
20170609,285.96,1.35,0,0,0.0191,0.014692513084281777
20170612,239.16,0.86,-1,-1,-0.1751,-0.03275561518678867
20170613,284.27,1.13,0,0,0.155,0.014183288609908501
20170614,212.56,0.46,-1,-1,-0.2227,-0.04503753354256863
20170615,204.78,0.35,0,-1,0.0221,-0.02825315015692647
20170616,153.28,-0.08,-1,-1,-0.1642,-0.062239862617694854
20170619,215.94,0.42,0,0,0.0085,-0.04455489696327114
20170620,186.85,0.15,0,0,-0.1099,-0.060891172722453354
20170621,242.0,0.57,1,1,-0.0536,-0.059068379541840015
20170622,231.86,0.43,0,0,-0.1886,-0.09145128465638
20170623,260.07,0.61,1,0,-0.1279,-0.10056346349228501
20170626,371.79,1.42,1,1,0.1595,-0.03554759761921375
20170627,344.6,1.08,0,0,-0.1403,-0.061735698214410314
20170628,275.81,0.44,0,-1,-0.1835,-0.09217677366080773
20170629,293.72,0.54,0,0,0.0135,-0.0657575802456058
20170630,296.41,0.51,0,0,0.0263,-0.04274318518420435
20170703,281.16,0.34,0,-1,-0.0332,-0.04035738888815326
20170704,202.81,-0.3,-1,-1,-0.3548,-0.11896804166611494
20170705,271.39,0.26,0,0,0.1946,-0.0405760312495862
20170706,252.5,0.09,0,0,-0.2058,-0.08188202343718964
20170707,258.0,0.12,0,0,0.0606,-0.046261517577892236
20170710,244.57,0.01,-1,-1,-0.3087,-0.11187113818341918
20170711,211.39,-0.25,-1,-1,-0.2429,-0.14462835363756438
20170712,181.78,-0.46,-1,-1,-0.1294,-0.1408212652281733
20170713,225.69,-0.07,0,0,-0.0964,-0.12971594892112998
20170714,243.75,0.07,1,1,-0.0706,-0.11493696169084748
20170717,127.99,-0.84,-1,-1,-0.3504,-0.17380272126813562
20170718,140.43,-0.66,0,0,-0.0889,-0.15257704095110172
20170719,270.27,0.42,1,1,0.3218,-0.033982780713326305
20170720,255.19,0.26,0,0,-0.051,-0.038237085534994726
20170721,219.39,-0.05,0,0,-0.2459,-0.09015281415124604
20170724,222.37,-0.02,0,0,-0.1723,-0.11068961061343453
20170725,145.12,-0.62,-1,-1,-0.2724,-0.15111720796007588
20170726,117.71,-0.77,-1,-1,-0.2621,-0.1788629059700569
20170727,144.6,-0.49,0,0,-0.0495,-0.1465221794775427
20170728,141.87,-0.46,0,0,-0.0046,-0.11104163460815702
20170731,187.23,-0.07,1,1,0.0828,-0.06258122595611777
20170801,203.32,0.07,1,1,-0.0501,-0.05946091946708833
20170802,139.01,-0.44,-1,0,-0.1918,-0.09254568960031624
20170803,100.39,-0.7,-1,-1,-0.1965,-0.11853426720023719
20170804,64.05,-0.92,-1,-1,-0.2699,-0.1563757004001779
20170807,99.88,-0.55,0,0,-0.0371,-0.12655677530013343
20170808,94.83,-0.54,0,0,-0.054,-0.10841758147510007
20170809,103.21,-0.42,0,0,-0.1886,-0.12846318610632504
20170810,71.06,-0.63,-1,-1,-0.2497,-0.15877238957974377
20170811,-30.13,-1.36,-1,-1,-0.5099,-0.24655429218480784
20170814,62.26,-0.51,0,0,0.2181,-0.1303907191386059
20170815,78.59,-0.33,0,0,-0.105,-0.12404303935395442
20170816,72.62,-0.35,0,0,0.0347,-0.08435727951546582
20170817,130.97,0.14,1,1,0.0078,-0.06131795963659936
20170818,102.81,-0.09,0,0,-0.2721,-0.11401346972744952
20170821,142.26,0.22,1,1,0.1053,-0.05918510229558714
20170822,99.88,-0.13,-1,-1,-0.201,-0.09463882672169036
20170823,91.45,-0.18,0,0,-0.1904,-0.11857912004126778
20170824,37.12,-0.59,-1,-1,-0.3333,-0.17225934003095084
20170825,167.05,0.48,1,1,0.3902,-0.03164450502321314
20170828,281.2,1.32,1,1,0.1202,0.006316621232590143
20170829,212.13,0.66,0,0,-0.2694,-0.06261253407555739
20170830,215.58,0.62,0,0,0.0327,-0.03878440055666804
20170831,187.34,0.34,-1,-1,-0.1219,-0.05956330041750103
20170901,207.98,0.47,0,0,-0.0088,-0.04687247531312577
20170904,221.25,0.53,1,0,-0.0446,-0.04630435648484433
20170905,211.76,0.41,0,0,0.0421,-0.02420326736363325
20170906,235.65,0.55,1,1,-0.0121,-0.021177450522724937
20170907,144.26,-0.21,-1,-1,-0.5176,-0.1452830878920437
20170908,142.41,-0.21,0,0,-0.2132,-0.16226231591903278
20170911,159.82,-0.05,0,0,-0.0129,-0.12492173693927458
20170912,137.62,-0.22,-1,0,-0.2277,-0.15061630270445595
20170913,144.13,-0.15,0,0,-0.1386,-0.14761222702834195
20170914,108.05,-0.41,-1,-1,-0.1893,-0.15803417027125646
20170915,98.93,-0.45,-1,-1,-0.1955,-0.16740062770344236
20170918,164.94,0.11,1,1,0.1473,-0.08872547077758178
20170919,115.0,-0.29,0,0,-0.3388,-0.15124410308318634
20170920,157.83,0.07,0,0,0.2321,-0.05540807731238975
20170921,120.91,-0.22,0,0,-0.4415,-0.15193105798429232
20170922,91.53,-0.43,-1,-1,-0.2537,-0.17737329348821923
20170925,64.93,-0.6,-1,-1,-0.3553,-0.22185497011616442
20170926,74.19,-0.47,0,0,-0.0871,-0.1881662275871233
20170927,82.35,-0.36,0,1,0.1091,-0.11384967069034249
20170928,80.86,-0.34,0,0,-0.0048,-0.08658725301775687
20170929,105.95,-0.11,1,1,-0.0613,-0.08026543976331765
20171009,184.48,0.51,1,1,-0.1847,-0.10637407982248824
20171010,202.23,0.6,1,1,-0.2701,-0.14730555986686616
20171011,192.37,0.47,0,0,-0.4997,-0.23540416990014962
20171012,162.25,0.19,-1,-1,-0.2848,-0.2477531274251122
20171013,174.1,0.26,0,0,-0.0251,-0.19208984556883416
20171016,147.33,0.03,-1,-1,-0.2687,-0.2112423841766256
20171017,125.62,-0.14,-1,-1,-0.1114,-0.1862817881324692
20171018,145.11,0.02,0,0,-0.164,-0.1807113410993519
20171019,123.59,-0.15,-1,-1,-0.1686,-0.17768350582451392
20171020,145.25,0.04,1,1,0.1392,-0.09846262936838544
20171023,139.42,-0.01,0,0,-0.115,-0.10259697202628909
20171024,190.76,0.39,1,1,-0.0627,-0.09262272901971683
20171025,198.1,0.41,1,1,-0.0319,-0.07744204676478762
20171026,220.63,0.55,1,1,-0.0294,-0.06543153507359072
20171027,197.99,0.32,0,-1,-0.3104,-0.12667365130519304
20171030,144.51,-0.13,-1,-1,-0.2869,-0.1667302384788948
20171031,134.7,-0.19,-1,-1,0.0298,-0.11759767885917109
20171101,115.15,-0.33,-1,-1,-0.0556,-0.10209825914437831
20171102,115.59,-0.29,0,0,-0.1966,-0.12572369435828373
20171103,86.62,-0.49,-1,-1,-0.1129,-0.1225177707687128
20171106,128.21,-0.12,1,1,0.0381,-0.0823633280765346
20171107,195.2,0.41,1,1,-0.0729,-0.07999749605740095
20171108,203.44,0.44,1,0,-0.1525,-0.09812312204305071
20171109,218.82,0.52,0,0,0.0547,-0.05991734153228803
20171110,240.21,0.63,1,1,0.0094,-0.042588006149216026
20171113,254.3,0.68,1,1,0.0566,-0.01779100461191202
20171114,166.08,-0.07,-1,-1,-0.456,-0.12734325345893402
20171115,73.48,-0.78,-1,-1,-0.3121,-0.17353244009420052
20171116,80.84,-0.65,0,0,-0.1427,-0.1658243300706504
20171117,64.56,-0.72,0,0,-0.5184,-0.2539682475529878
20171120,122.99,-0.19,1,1,0.2259,-0.13400118566474084
20171121,189.88,0.35,1,1,-0.0527,-0.11367588924855562
20171122,185.07,0.28,0,0,-0.2136,-0.1386569169364167
20171123,6.76,-1.14,-1,-1,-0.5313,-0.23681768770231254
20171124,25.67,-0.88,0,0,-0.2863,-0.24918826577673442
20171127,-35.1,-1.27,0,0,-0.4138,-0.2903411993325508
20171128,24.35,-0.69,0,1,0.1817,-0.1723308994994131
20171129,49.94,-0.42,1,1,-0.1839,-0.17522317462455983
20171130,-4.26,-0.81,0,0,-0.2644,-0.19751738096841986
20171201,18.12,-0.56,0,0,0.0804,-0.1280380357263149
20171204,15.12,-0.53,0,0,-0.1257,-0.12745352679473618
20171205,18.77,-0.45,0,0,-0.3448,-0.18179014509605212
20171206,25.67,-0.35,1,1,0.0352,-0.1275426088220391
20171207,-14.51,-0.63,-1,-1,-0.2593,-0.1604819566165293
20171208,19.96,-0.3,0,1,0.1028,-0.09466146746239698
20171211,110.39,0.43,1,1,0.1555,-0.032121100596797736
20171212,47.32,-0.1,0,0,-0.2237,-0.0800158254475983
20171213,88.94,0.23,0,0,0.0498,-0.04756186908569873
20171214,66.86,0.04,0,0,-0.1239,-0.06664640181427404
20171215,-1.0,-0.49,-1,-1,-0.3049,-0.12620980136070553
20171218,-9.42,-0.51,-1,-1,-0.2829,-0.16538235102052914
20171219,68.8,0.15,1,1,0.1116,-0.09613676326539686
20171220,51.26,-0.0,0,0,-0.1563,-0.11117757244904763
20171221,113.6,0.48,1,1,0.0712,-0.06558317933678573
20171222,112.66,0.43,0,0,-0.0237,-0.0551123845025893
20171225,64.25,0.01,0,0,-0.3437,-0.12725928837694198
20171226,99.39,0.28,0,0,0.0835,-0.07456946628270648
20171227,35.97,-0.24,-1,-1,-0.3238,-0.13687709971202985
20171228,76.86,0.1,0,0,-0.0648,-0.11885782478402239
20171229,112.67,0.37,1,1,-0.1095,-0.11651836858801679
20180102,221.97,1.19,1,1,0.0214,-0.0820387764410126
20180103,274.72,1.49,1,1,0.0285,-0.05440408233075945
20180104,265.93,1.28,0,0,-0.041,-0.05105306174806959
20180105,252.99,1.05,0,-1,-0.4537,-0.1517147963110522
20180108,285.33,1.21,1,0,-0.001,-0.11403609723328914
20180109,237.88,0.72,-1,-1,-0.3751,-0.17930207292496686
20180110,217.28,0.49,-1,-1,-0.3648,-0.22567655469372516
20180111,190.63,0.24,-1,-1,-0.0944,-0.19285741602029388
20180112,173.47,0.08,-1,-1,-0.3782,-0.2391930620152204
20180115,104.53,-0.46,-1,-1,-0.6866,-0.3510447965114153
20180116,141.5,-0.13,0,0,-0.1007,-0.2884585973835615
20180117,159.2,0.02,0,0,-0.099,-0.24109394803767112
20180118,173.15,0.13,1,1,-0.2458,-0.24227046102825334
20180119,170.65,0.09,0,0,-0.1381,-0.21622784577119
20180122,199.24,0.31,1,1,-0.1643,-0.2032458843283925
20180123,231.12,0.53,1,1,-0.0999,-0.17740941324629436
20180124,258.99,0.69,1,1,0.1067,-0.10638205993472077
20180125,213.85,0.28,0,-1,-0.2261,-0.1363115449510406
20180126,210.99,0.23,0,0,-0.194,-0.15073365871328043
20180129,114.97,-0.54,-1,-1,-0.3679,-0.2050252440349603
20180130,79.68,-0.77,-1,-1,-0.1737,-0.19719393302622024
20180131,49.44,-0.93,-1,0,-0.3581,-0.23742044976966517
20180201,-7.44,-1.28,-1,-1,-0.3412,-0.26336533732724887
20180202,39.35,-0.8,0,0,0.0518,-0.18457400299543664
20180205,43.95,-0.69,0,1,-0.0266,-0.14508050224657748
20180206,-116.49,-1.87,-1,-1,-0.6705,-0.2764353766849331
20180207,-153.07,-1.98,-1,-1,-0.4022,-0.30787653251369984
20180208,-149.69,-1.76,0,0,-0.142,-0.26640739938527486
20180209,-276.33,-2.58,-1,-1,-0.4482,-0.3118555495389561
20180212,-170.69,-1.51,0,1,0.2508,-0.17119166215421708
20180213,-108.14,-0.88,1,1,-0.1829,-0.17411874661566282
20180214,-84.34,-0.61,1,1,-0.1184,-0.16018905996174712
20180222,7.45,0.16,1,1,0.1018,-0.09469179497131033
20180223,30.37,0.33,1,1,-0.1114,-0.09886884622848274
20180226,141.5,1.16,1,1,0.2092,-0.021851634671362058
20180227,92.82,0.67,0,0,-0.3268,-0.09808872600352153
20180228,70.09,0.43,0,0,-0.0724,-0.09166654450264115
20180301,104.89,0.66,0,0,0.1338,-0.03529990837698087
20180302,63.17,0.27,-1,-1,-0.2549,-0.09019993128273565
20180305,73.69,0.33,0,0,0.0154,-0.06379994846205174
20180306,137.77,0.8,1,1,0.0991,-0.023074961346538803
20180307,77.03,0.25,0,0,-0.2553,-0.08113122100990411
20180308,108.01,0.47,0,0,-0.1315,-0.09372341575742808
20180309,171.79,0.92,1,1,0.2985,0.004332438181928938
20180312,244.7,1.4,1,1,0.0701,0.020774328636446703
20180313,169.1,0.68,0,0,-0.3232,-0.06521925352266497
20180314,109.72,0.15,-1,-1,-0.2751,-0.11768944014199872
20180315,109.7,0.13,0,0,-0.1273,-0.12009208010649905
20180316,45.65,-0.38,-1,-1,-0.3661,-0.18159406007987428
20180319,44.33,-0.35,0,0,0.0797,-0.11627054505990571
20180320,68.66,-0.13,0,0,-0.0156,-0.09110290879492929
20180321,24.02,-0.46,-1,-1,-0.2767,-0.13750218159619698
20180322,-41.18,-0.93,-1,-1,-0.2524,-0.16622663619714773
20180323,-248.7,-2.46,-1,-1,-0.5105,-0.25229497714786076
20180326,-191.33,-1.78,0,0,0.2513,-0.12639623286089557
20180327,-39.21,-0.42,0,1,0.0633,-0.07897217464567169
20180328,-124.44,-1.05,0,0,-0.233,-0.11747913098425378
20180329,-31.9,-0.22,0,1,-0.0207,-0.09328434823819033
20180330,35.76,0.32,1,1,0.2239,-0.013988261178642755
20180402,28.83,0.24,0,0,-0.2578,-0.07494119588398206
20180403,-20.74,-0.17,0,0,-0.1852,-0.10250589691298655
20180404,-52.63,-0.4,-1,-1,-0.2917,-0.14980442268473992
20180409,-54.85,-0.38,0,0,-0.1172,-0.14165331701355494
20180410,19.83,0.24,1,1,0.0583,-0.09166498776016621
20180411,53.67,0.48,1,1,-0.1049,-0.09497374082012466
20180412,-0.95,0.01,0,0,-0.1577,-0.1106553056150935
20180413,-33.32,-0.25,-1,-1,-0.1216,-0.11339147921132012
20180416,-92.5,-0.68,-1,-1,-0.2146,-0.1386936094084901
20180417,-188.42,-1.37,-1,-1,-0.3683,-0.19609520705636757
20180418,-101.54,-0.56,0,0,0.2775,-0.07769640529227567
20180419,-28.2,0.07,1,1,-0.1237,-0.08919730396920675
20180420,-132.91,-0.76,0,0,-0.2295,-0.12427297797690506
20180423,-129.21,-0.66,0,0,-0.275,-0.1619547334826788
20180424,38.12,0.71,1,1,0.2856,-0.0500660501120091
20180425,10.91,0.43,0,0,-0.1741,-0.08107453758400682
20180426,-90.54,-0.4,0,0,-0.2606,-0.12595590318800512
20180427,-53.37,-0.07,0,0,-0.1024,-0.12006692739100384
20180502,-28.5,0.13,0,0,-0.1159,-0.11902519554325289
20180503,34.37,0.61,1,1,0.1524,-0.051168896657439664
20180504,4.04,0.31,0,0,-0.0843,-0.05945167249307975
20180507,146.72,1.39,1,1,0.2921,0.028436245630190198
20180508,213.09,1.78,1,1,-0.0515,0.008452184222642649
20180509,174.75,1.31,0,0,-0.135,-0.027410861833018017
20180510,200.11,1.38,0,0,-0.1695,-0.06293314637476352
20180511,143.91,0.81,-1,-1,-0.2619,-0.11267485978107264
20180514,158.37,0.85,0,0,-0.0688,-0.10170614483580448
20180515,183.82,0.97,0,0,0.0375,-0.06690460862685335
20180516,116.68,0.35,-1,-1,-0.2416,-0.11057845647014002
20180517,67.53,-0.07,-1,-1,-0.2157,-0.136858842352605
20180518,137.74,0.49,0,0,-0.017,-0.10689413176445375
20180521,205.62,0.97,1,1,0.1205,-0.050045598823340316
20180522,180.78,0.68,0,0,-0.0952,-0.06133419911750524
20180523,86.78,-0.11,-1,-1,-0.2228,-0.10170064933812893
20180524,27.21,-0.57,-1,-1,-0.2283,-0.1333504870035967
20180525,-8.12,-0.79,-1,-1,-0.3492,-0.18731286525269752
20180528,-10.24,-0.73,0,0,-0.1296,-0.17288464893952316
20180529,-53.46,-1.0,-1,-1,-0.2636,-0.19556348670464235
20180530,-147.42,-1.64,-1,-1,-0.4249,-0.25289761502848174
20180531,-11.16,-0.42,0,1,-0.1643,-0.2307482112713613
20180601,-65.9,-0.8,0,0,-0.2185,-0.22768615845352097
20180604,-20.96,-0.38,0,0,-0.0811,-0.19103961884014073
20180605,64.74,0.33,1,1,0.208,-0.09127971413010555
20180606,55.37,0.22,0,0,-0.0406,-0.07860978559757917
20180607,33.45,0.03,0,0,-0.171,-0.10170733919818438
20180608,-60.9,-0.71,-1,-1,-0.2081,-0.12830550439863828
20180611,-74.68,-0.75,-1,-1,-0.156,-0.1352291282989787
20180612,12.69,0.0,0,0,0.0799,-0.08144684622423404
20180613,-55.32,-0.53,0,0,-0.2313,-0.11891013466817553
20180614,-44.78,-0.39,0,0,-0.1059,-0.11565760100113165
20180615,-83.31,-0.66,-1,-1,-0.231,-0.14449320075084873
20180619,-219.92,-1.66,-1,-1,-0.53,-0.24086990056313656
20180620,-183.02,-1.21,0,0,0.0033,-0.17982742542235242
20180621,-242.59,-1.56,0,0,-0.423,-0.24062056906676432
20180622,-154.24,-0.72,1,1,0.1896,-0.13306542680007324
20180625,-199.16,-1.01,0,0,-0.18,-0.14479907010005494
20180626,-169.7,-0.68,0,0,0.1165,-0.0794743025750412
20180627,-216.37,-0.98,-1,0,-0.2223,-0.1151807269312809
20180628,-235.74,-1.04,-1,0,-0.2318,-0.14433554519846067
20180629,-70.54,0.35,1,1,0.444,0.002748341101154489
20180702,-171.79,-0.47,0,0,-0.4621,-0.11346374417413413
20180703,-109.65,0.06,0,0,0.0874,-0.0632478081306006
20180704,-173.86,-0.45,0,0,-0.4,-0.14743585609795046
20180705,-229.75,-0.84,-1,-1,-0.1766,-0.15472689207346285
20180706,-172.34,-0.31,0,0,-0.0898,-0.13849516905509715
20180709,-17.24,0.92,1,1,0.2385,-0.04424637679132287
20180710,23.72,1.16,1,1,-0.0854,-0.054534782593492155
20180711,-81.86,0.22,0,0,-0.2338,-0.09935108694511913
20180712,100.1,1.62,1,1,0.4584,0.04008668479116065
20180713,117.38,1.6,0,0,-0.0937,0.006640013593370485
20180716,77.76,1.14,0,0,-0.1816,-0.04041998980497214
20180717,37.31,0.72,-1,-1,-0.1389,-0.0650399923537291
20180718,-2.8,0.33,-1,-1,-0.3736,-0.14217999426529682
20180719,-42.55,-0.01,-1,-1,-0.1843,-0.15270999569897262
20180720,114.34,1.22,1,1,0.2835,-0.043657496774229476
20180723,244.48,2.12,1,1,0.2016,0.017656877419327893
20180724,359.46,2.81,1,1,0.1216,0.04364265806449592
20180725,277.69,1.91,0,0,-0.2488,-0.02946800645162806
20180726,174.18,0.92,-1,-1,-0.5511,-0.15987600483872105
20180727,121.08,0.42,-1,-1,-0.2239,-0.17588200362904077
20180730,86.63,0.11,-1,-1,-0.266,-0.1984115027217806
20180731,80.03,0.05,0,0,-0.2034,-0.19965862704133544
20180801,-21.8,-0.75,-1,-1,-0.3044,-0.2258439702810016
20180802,-136.83,-1.58,-1,-1,-0.3356,-0.2532829777107512
20180803,-174.92,-1.72,-1,-1,-0.2776,-0.2593622332830634
20180806,-219.85,-1.91,-1,0,-0.2144,-0.24812167496229756
20180807,-46.36,-0.38,1,1,0.2859,-0.11461625622172317
20180808,-101.06,-0.77,0,0,-0.3867,-0.18263719216629237
20180809,48.01,0.47,1,1,0.4367,-0.027802894124719285
20180810,62.97,0.54,1,1,-0.0291,-0.028127170593539464
20180813,59.55,0.46,0,0,0.0798,-0.0011453779451546
20180814,27.02,0.16,-1,-1,-0.226,-0.05735903345886595
20180815,-83.17,-0.71,-1,-1,-0.4594,-0.15786927509414944
20180816,-116.93,-0.91,-1,-1,-0.0509,-0.13112695632061208
20180817,-197.47,-1.45,-1,-1,-0.3357,-0.18227021724045905
20180820,-132.5,-0.8,0,0,0.0923,-0.11362766293034429
20180821,-15.41,0.19,1,1,0.1198,-0.05527074719775822
20180822,-76.29,-0.31,0,0,-0.2231,-0.09722806039831866
20180823,-23.54,0.13,0,0,0.2351,-0.014146045298739002
20180824,-6.14,0.26,0,0,-0.0423,-0.021184533974054252
20180827,178.35,1.67,1,1,0.3277,0.06603659951945931
20180828,170.22,1.45,0,0,-0.0509,0.03680244963959448
20180829,106.35,0.81,0,0,-0.1861,-0.018923162770304133
20180830,12.14,0.0,-1,-1,-0.3258,-0.09564237207772809
20180831,-18.78,-0.24,-1,-1,-0.1614,-0.11208177905829607
20180903,-35.14,-0.35,0,0,-0.0661,-0.10058633429372205
20180904,78.97,0.58,1,1,0.1023,-0.049864750720291534
20180905,-44.84,-0.44,0,0,-0.3311,-0.12017356304021864
20180906,-91.45,-0.76,-1,-1,-0.1073,-0.11695517228016399
20180907,-70.3,-0.53,0,0,-0.0707,-0.10539137921012298
20180910,-171.47,-1.27,-1,-1,-0.3702,-0.17159353440759223
20180911,-154.82,-1.01,0,0,-0.0024,-0.12929515080569418
20180912,-144.13,-0.83,0,0,-0.031,-0.10472136310427063
20180913,-44.54,0.02,1,1,-0.0179,-0.08301602232820297
20180914,-41.76,0.04,0,0,-0.2148,-0.11596201674615222
20180917,-125.43,-0.62,0,0,-0.1728,-0.13017151255961418
20180918,48.65,0.8,1,1,0.2911,-0.024853634419710627
20180919,196.38,1.88,1,1,0.1526,0.01950977418521703
20180920,163.41,1.44,0,0,-0.0865,-0.006992669361087226
20180921,332.15,2.62,1,1,0.3335,0.07813049797918459
20180925,244.77,1.69,0,0,-0.1566,0.019447873484388443
20180926,339.75,2.27,0,0,0.0635,0.03046090511329133
20180927,243.64,1.3,-1,-1,-0.3194,-0.05700432116503151
20180928,318.93,1.77,0,0,0.0673,-0.025928240873773635
20181008,112.03,-0.02,-1,-1,-0.4815,-0.13982118065533022
20181009,90.19,-0.18,-1,-1,-0.1489,-0.14209088549149768
20181010,118.66,0.05,0,0,-0.1408,-0.14176816411862325
20181011,-130.04,-1.89,-1,-1,-0.5184,-0.23592612308896743
20181012,-58.3,-1.15,0,0,-0.0261,-0.18346959231672558
20181015,-135.63,-1.64,0,0,-0.2566,-0.20175219423754417
20181016,-184.2,-1.87,-1,0,-0.2201,-0.20633914567815814
20181017,-88.86,-0.94,0,1,0.0435,-0.1438793592586186
20181018,-197.51,-1.7,-1,0,-0.1801,-0.15293451944396397
20181019,-1.96,-0.02,1,1,0.4486,-0.002550889582972976
20181022,264.27,2.06,1,1,0.3059,0.07456183281277026
20181023,92.28,0.52,0,0,-0.5838,-0.0900286253904223
20181024,110.97,0.62,0,0,0.0349,-0.058796469042816726
20181025,94.05,0.43,0,0,0.0833,-0.023272351782112545
20181026,64.44,0.16,-1,-1,-0.2765,-0.0865792638365844
20181029,-39.91,-0.67,-1,-1,-0.174,-0.1084344478774383
20181030,56.54,0.15,0,0,0.1675,-0.03945083590807873
20181031,170.02,1.02,1,1,0.1834,0.01626187306894096
20181101,207.57,1.21,1,1,-0.0091,0.009921404801705721
20181102,415.83,2.72,1,1,0.4627,0.1231160536012793
20181105,296.2,1.53,0,0,-0.2669,0.02561204020095946
20181106,226.27,0.84,0,-1,-0.1525,-0.0189159698492804
20181107,154.07,0.2,-1,-1,-0.1805,-0.0593119773869603
20181108,91.86,-0.31,-1,-1,-0.2807,-0.11465898304022022
20181109,25.86,-0.79,-1,-1,-0.1045,-0.11211923728016517
20181112,133.38,0.12,0,0,0.3099,-0.006614427960123875
20181113,231.22,0.87,1,1,0.1669,0.03676417902990709
20181114,152.06,0.17,0,0,-0.2249,-0.028651865727569677
20181115,271.09,1.08,1,1,0.3145,0.05713610070432274
20181116,283.69,1.08,0,0,-0.0663,0.026277075528242058
20181119,306.29,1.15,0,0,-0.0486,0.007557806646181546
20181120,142.1,-0.24,-1,-1,-0.5942,-0.14288164501536382
20181121,133.48,-0.28,-1,-1,-0.1333,-0.14048623376152286
20181122,112.21,-0.42,0,0,-0.1456,-0.14176467532114215
20181123,-16.68,-1.39,-1,-1,-0.615,-0.2600735064908566
20181126,-26.76,-1.33,-1,0,-0.1503,-0.23263012986814244
20181127,-13.41,-1.1,0,0,-0.1509,-0.21219759740110683
20181128,93.73,-0.16,1,1,0.275,-0.09039819805083012
20181129,5.87,-0.83,0,0,-0.4389,-0.17752364853812258
20181130,98.54,-0.03,1,1,0.0853,-0.11181773640359194
20181203,334.09,1.81,1,1,0.2268,-0.027163302302693954
20181204,342.05,1.7,1,0,0.019,-0.015622476727020464
20181205,264.12,0.93,0,0,0.0325,-0.003591857545265347
20181206,102.87,-0.42,-1,-1,-0.3862,-0.099243893158949
20181207,118.7,-0.25,0,0,-0.1156,-0.10333291986921175
20181210,43.41,-0.82,-1,-1,-0.1527,-0.11567468990190882
20181211,76.09,-0.48,0,0,-0.0221,-0.09228101742643162
20181212,106.8,-0.2,0,0,-0.0222,-0.07476076306982371
20181213,248.64,0.93,1,1,0.2785,0.013554427697632224
20181214,83.24,-0.45,0,0,-0.3939,-0.08830917922677582
20181217,63.13,-0.56,0,0,-0.0466,-0.07788188442008187
20181218,-10.66,-1.09,-1,-1,-0.1464,-0.09501141331506141
20181219,-101.52,-1.69,-1,-1,-0.2736,-0.13965855998629606
20181220,-131.94,-1.77,-1,-1,-0.0312,-0.11254391998972205
20181221,-171.84,-1.91,-1,0,-0.1655,-0.12578293999229154
20181224,-100.1,-1.17,0,1,0.0981,-0.06981220499421865
20181225,-147.28,-1.43,0,0,-0.1015,-0.07773415374566399
20181226,-157.59,-1.37,0,0,-0.1256,-0.08970061530924799
20181227,-169.4,-1.33,0,0,-0.1833,-0.11310046148193599
20181228,-104.52,-0.7,1,1,0.0229,-0.079100346111452
20190102,-171.06,-1.15,0,0,-0.1829,-0.105050259583589
20190103,-163.85,-0.99,0,0,-0.1071,-0.10556269468769175
20190104,21.07,0.55,1,1,0.3312,0.0036279789842311866
20190107,113.3,1.22,1,1,0.1189,0.032445984238173395
20190108,57.81,0.67,0,0,-0.0897,0.0019094881786300456
20190109,141.29,1.26,1,1,0.0777,0.020857116133972536
20190110,84.6,0.69,0,0,-0.1278,-0.016307162899520597
20190111,126.77,0.96,0,0,0.0117,-0.009305372174640447
20190114,59.54,0.34,-1,-1,-0.2475,-0.06885402913098033
20190115,183.66,1.28,1,1,0.3492,0.03565947815176475
20190116,164.64,1.01,0,0,-0.0656,0.01034460861382356
20190117,85.29,0.29,0,-1,-0.2035,-0.043116543539632325
20190118,217.25,1.29,1,0,0.2144,0.021262592345275756
20190121,243.65,1.38,1,0,0.0414,0.026296944258956817
20190122,109.02,0.2,0,-1,-0.307,-0.05702729180578239
20190123,106.93,0.16,0,0,-0.0559,-0.056745468854336796
20190124,150.67,0.49,0,0,0.2098,0.009890898359247398
20190125,176.66,0.64,1,1,0.0764,0.02651817376943555
20190128,164.01,0.48,0,0,-0.1282,-0.01216136967292334
20190129,142.53,0.27,-1,-1,-0.066,-0.025621027254692508
20190130,81.71,-0.23,-1,-1,-0.1833,-0.06504077044101939
20190131,115.06,0.05,0,0,-0.0054,-0.050130577830764536
20190201,255.74,1.14,1,1,0.3434,0.04825206662692659
20190211,423.32,2.34,1,1,0.2702,0.10373904997019494
20190212,499.87,2.72,1,1,0.0192,0.0826042874776462
20190213,650.58,3.63,1,1,0.2292,0.11925321560823465
20190214,545.8,2.47,0,0,-0.0858,0.06798991170617599
20190215,351.5,0.72,-1,-1,-0.3752,-0.04280756622036799
20190218,569.01,2.35,0,0,0.4746,0.086544325334724
20190219,432.85,1.06,0,0,-0.4289,-0.04231675599895701
20190220,418.19,0.85,0,0,-0.1014,-0.057087566999217756
20190221,317.58,-0.02,-1,-1,-0.183,-0.08856567524941332
20190222,448.02,1.0,0,0,0.3412,0.018875743562940014
20190225,745.45,3.22,1,1,0.354,0.102656807672205
20190226,548.31,1.38,0,0,-0.2857,0.005567605754153743
20190227,423.63,0.28,0,-1,-0.5102,-0.12337429568438468
20190228,372.28,-0.15,-1,-1,-0.136,-0.1265307217632885
20190301,465.8,0.59,0,0,0.1232,-0.06409804132246638
20190304,599.66,1.58,1,1,-0.0432,-0.05887353099184979
20190305,573.96,1.23,0,0,0.0434,-0.03330514824388734
20190306,593.38,1.26,0,0,-0.1781,-0.06950386118291552
20190307,461.75,0.12,-1,-1,-0.3274,-0.13397789588718664
20190308,247.3,-1.57,-1,-1,-0.6047,-0.25165842191539
20190311,397.22,-0.25,0,0,0.2196,-0.1338438164365425
20190312,434.98,0.07,0,0,-0.2773,-0.16970786232740687
20190313,307.38,-0.93,0,0,-0.7488,-0.3144808967455551
20190314,225.59,-1.48,-1,-1,-0.3736,-0.32926067255916636
20190315,306.27,-0.71,0,0,-0.0851,-0.2682205044193748
20190318,441.71,0.41,1,1,0.4391,-0.09139037831453109
20190319,369.16,-0.19,0,0,-0.278,-0.13804278373589832
20190320,301.72,-0.7,0,0,-0.3723,-0.19660708780192374
20190321,293.29,-0.7,0,0,-0.0294,-0.1548053158514428
20190322,256.42,-0.92,-1,-1,-0.3425,-0.2017289868885821
20190325,161.04,-1.58,-1,-1,-0.5292,-0.28359674016643655
20190326,65.41,-2.17,-1,-1,-0.5023,-0.3382725551248274
20190327,122.33,-1.52,0,0,-0.0334,-0.26205441634362053
20190328,79.05,-1.71,0,0,-0.2549,-0.2602658122577154
20190329,228.24,-0.39,1,1,0.6532,-0.03189935919328654
20190401,405.39,1.03,1,1,0.3417,0.0615004806050351
20190402,337.91,0.41,0,0,-0.1669,0.004400360453776328
20190403,387.58,0.76,0,0,0.0622,0.018850270340332244
20190404,420.1,0.94,1,0,-0.12,-0.015862297244750814
20190408,340.56,0.23,0,-1,-0.6747,-0.1805717229335631
20190409,299.13,-0.12,-1,-1,-0.2557,-0.19935379220017233
20190410,262.65,-0.39,-1,-1,-0.1377,-0.18394034415012925
20190411,139.12,-1.32,-1,-1,-0.576,-0.2819552581125969
20190412,138.01,-1.2,0,0,-0.1485,-0.24859144358444768
20190415,76.89,-1.56,-1,-1,-0.493,-0.30969358268833574
20190416,209.5,-0.38,1,1,0.3421,-0.1467451870162518
20190417,213.5,-0.31,0,1,-0.0954,-0.13390889026218886
20190418,164.06,-0.67,0,0,-0.298,-0.17493166769664165
20190419,199.3,-0.33,0,0,-0.0467,-0.14287375077248124
20190422,99.34,-1.08,-1,-1,-0.4977,-0.23158031307936092
20190423,48.18,-1.37,-1,-1,-0.2222,-0.22923523480952068
20190424,95.15,-0.88,0,0,-0.0116,-0.1748264261071405
20190425,-0.87,-1.54,-1,-1,-0.5092,-0.25841981958035537
20190426,-52.64,-1.8,-1,-1,-0.0805,-0.21393986468526655
20190429,-42.22,-1.55,0,0,-0.1584,-0.20005489851394992
20190430,-6.49,-1.12,0,1,-0.1076,-0.17694117388546243
20190506,-177.59,-2.35,-1,-1,-0.4303,-0.24028088041409684
20190507,-103.42,-1.55,0,0,0.0071,-0.17843566031057262
20190508,-155.97,-1.81,0,0,-0.0416,-0.14422674523292947
20190509,-224.24,-2.17,-1,0,-0.2321,-0.1661950589246971
20190510,-51.13,-0.61,1,1,0.3188,-0.044946294193522834
20190513,-106.08,-0.98,0,0,-0.3369,-0.11793472064514213
20190514,-144.69,-1.19,0,0,-0.0889,-0.1106760404838566
20190515,-0.5,0.05,1,1,0.1909,-0.03528203036289246
20190516,38.2,0.35,1,1,-0.1499,-0.06393652277216935
20190517,-110.52,-0.85,0,0,-0.6749,-0.21667739207912703
20190520,-140.66,-1.0,-1,-1,-0.0854,-0.18385804405934528
20190521,-27.04,-0.02,0,0,0.1203,-0.10781853304450896
20190522,-53.59,-0.23,0,0,-0.1446,-0.11701389978338173
20190523,-179.99,-1.19,-1,-1,-0.3436,-0.1736604248375363
20190524,-166.67,-0.97,0,0,-0.0616,-0.14564531862815222
20190527,-10.53,0.34,1,1,0.2097,-0.056808988971114166
20190528,69.25,0.93,1,1,-0.1535,-0.08098174172833562
20190529,21.22,0.46,0,0,-0.0282,-0.06778630629625172
20190530,-24.09,0.07,-1,-1,-0.2288,-0.1080397297221888
20190531,-34.07,-0.02,-1,-1,0.0211,-0.0757547972916416
20190603,-50.42,-0.14,-1,-1,-0.255,-0.1205660979687312
20190604,-132.99,-0.77,-1,-1,-0.3131,-0.1686995734765484
20190605,-116.87,-0.57,0,0,-0.0886,-0.1486746801074113
20190606,-207.46,-1.23,-1,-1,-0.2969,-0.18573101008055848
20190610,-96.28,-0.24,1,1,0.167,-0.09754825756041885
20190611,161.56,1.79,1,1,0.5522,0.06488880682968587
20190612,59.09,0.82,0,0,-0.2199,-0.006308394877735601
20190613,43.03,0.62,0,0,-0.0451,-0.0160062961583017
20190614,-54.23,-0.2,-1,-1,-0.3463,-0.09857972211872629
20190617,-45.26,-0.11,0,0,-0.0813,-0.09425979158904471
20190618,-35.2,-0.02,0,0,-0.034,-0.07919484369178353
20190619,154.61,1.46,1,1,-0.046,-0.07089613276883765
20190620,362.22,2.94,1,1,0.4233,0.05265290042337177
20190621,391.68,2.89,1,0,0.0803,0.05956467531752883
20190624,353.71,2.32,0,0,-0.1649,0.0034485064881466243
20190625,219.94,1.06,-1,-1,-0.3016,-0.07281362013389003
20190626,223.24,0.98,0,0,0.0653,-0.038285215100417526
20190627,301.88,1.5,0,0,0.1641,0.012311088674686853
20190628,221.95,0.73,0,-1,-0.1656,-0.03216668349398486
20190701,394.01,2.01,1,1,0.2523,0.038949987379511365
20190702,355.47,1.51,0,0,-0.1854,-0.017137509465366477
20190703,271.05,0.71,0,0,-0.574,-0.15635313209902485
20190704,213.11,0.19,-1,-1,-0.2196,-0.17216484907426863
20190705,233.0,0.33,0,0,0.0093,-0.12679863680570147
20190708,65.53,-1.01,-1,-1,-0.5393,-0.2299239776042761
20190709,67.01,-0.9,0,0,-0.0874,-0.1942929832032071
20190710,27.9,-1.12,0,0,-0.1642,-0.18676973740240532
20190711,29.98,-1.0,0,0,-0.1642,-0.181127303051804
20190712,80.27,-0.51,1,1,-0.013,-0.139095477288853
20190715,140.35,0.01,1,1,0.0034,-0.10347160796663975
20190716,141.7,0.02,0,0,-0.1331,-0.11087870597497981
20190717,145.48,0.04,0,0,-0.0922,-0.10620902948123487
20190718,61.15,-0.62,-1,-1,-0.1749,-0.12338177211092616
20190719,127.25,-0.04,0,0,-0.086,-0.11403632908319461
20190722,46.22,-0.67,-1,-1,-0.4171,-0.18980224681239596
20190723,119.68,-0.03,0,1,0.0643,-0.12627668510929696
20190724,197.85,0.58,1,1,0.1366,-0.06055751383197272
20190725,250.87,0.94,1,1,0.1094,-0.01806813537397954
20190726,258.81,0.91,0,0,-0.1634,-0.05440110153048465
20190729,237.41,0.66,0,0,-0.0351,-0.04957582614786349
20190730,273.71,0.88,1,0,0.0095,-0.034806869610897614
20190731,195.26,0.18,-1,-1,0.0114,-0.02325515220817321
20190801,83.24,-0.71,-1,-1,-0.2463,-0.0790163641561299
20190802,-59.98,-1.76,-1,-1,-0.0321,-0.06728727311709742
20190805,-186.8,-2.58,-1,-1,-0.193,-0.09871545483782307
20190806,-280.16,-3.06,-1,-1,-0.0988,-0.0987365911283673
20190807,-249.6,-2.53,0,0,-0.3445,-0.16017744334627548
20190808,-126.96,-1.33,1,1,-0.0757,-0.1390580825097066
20190809,-178.34,-1.61,0,0,-0.4619,-0.21976856188227994
20190812,-57.17,-0.51,1,1,0.1844,-0.11872642141170996
20190813,-95.76,-0.76,0,0,-0.2118,-0.14199481605878247
20190814,-40.82,-0.26,0,1,-0.0874,-0.12834611204408686
20190815,-16.67,-0.05,1,1,0.1911,-0.048484584033065145
20190816,4.1,0.12,1,1,0.0972,-0.01206343802479886
20190819,169.45,1.4,1,1,0.4564,0.10505242148140084
20190820,135.14,1.0,0,0,-0.2156,0.024889316111050636
20190821,105.89,0.67,0,0,-0.1698,-0.023783012916712025
20190822,103.4,0.59,0,0,-0.1487,-0.05501225968753402
20190823,92.17,0.45,-1,-1,-0.1846,-0.08740919476565051
20190826,12.79,-0.22,-1,-1,-0.1092,-0.09285689607423789
20190827,158.16,0.94,1,1,0.2791,0.0001323279443215808
20190828,112.93,0.5,0,0,-0.2489,-0.06212575404175882
20190829,68.79,0.1,0,0,-0.0305,-0.05421931553131911
20190830,24.3,-0.25,-1,-1,-0.2944,-0.11426448664848933
20190902,182.45,1.01,1,1,0.3,-0.010698364986367004
20190903,195.3,1.01,1,0,-0.0355,-0.016898773739775254
20190904,276.29,1.55,1,1,-0.0662,-0.029224080304831437
20190905,373.28,2.15,1,1,0.0335,-0.013543060228623578
20190906,363.01,1.87,0,0,-0.3219,-0.09063229517146769
20190909,422.59,2.16,1,0,0.179,-0.023224221378600765
20190910,344.5,1.34,-1,-1,-0.2408,-0.07761816603395057
20190911,284.72,0.75,-1,-1,-0.3694,-0.15056362452546293
20190912,327.12,1.01,0,0,-0.0166,-0.11707271839409719
20190916,295.35,0.66,0,-1,-0.1747,-0.1314795387955729
20190917,161.18,-0.45,-1,-1,-0.622,-0.2541096540966797
20190918,161.7,-0.4,0,0,-0.1963,-0.23965724057250976
20190919,187.69,-0.16,0,0,0.1622,-0.1391929304293823
20190920,217.31,0.09,1,1,-0.0622,-0.11994469782203673
20190923,130.58,-0.6,-1,-1,-0.1956,-0.13885852336652754
20190924,129.13,-0.55,0,0,0.103,-0.07839389252489566
20190925,60.1,-1.04,-1,-1,-0.4394,-0.16864541939367175
20190926,-8.59,-1.47,-1,-1,-0.4497,-0.23890906454525382
20190927,-7.46,-1.33,0,0,0.0191,-0.17440679840894036
20190930,-47.67,-1.51,-1,0,-0.3734,-0.22415509880670526
20191008,-26.92,-1.21,0,1,-0.183,-0.21386632410502893
20191009,7.2,-0.83,1,1,0.0362,-0.1513497430787717
20191010,71.82,-0.24,1,1,0.1136,-0.08511230730907876
20191011,112.77,0.1,1,1,-0.1363,-0.09790923048180908
20191014,204.1,0.8,1,1,-0.0,-0.0734319228613568
20191015,132.91,0.17,0,0,-0.3401,-0.1400989421460176
20191016,87.91,-0.2,-1,-1,-0.295,-0.1788242066095132
20191017,58.26,-0.41,-1,-1,-0.1688,-0.1763181549571349
20191018,-42.4,-1.16,-1,-1,-0.3776,-0.22663861621785117
20191021,-50.48,-1.11,-1,0,-0.1162,-0.1990289621633884
20191022,1.63,-0.6,0,0,0.0878,-0.1273217216225413
20191023,-48.62,-0.93,0,0,-0.134,-0.12899129121690597
20191024,-59.2,-0.93,0,0,-0.0593,-0.11156846841267948
20191025,20.93,-0.21,1,1,0.1274,-0.051826351309509605
20191028,140.47,0.74,1,1,0.1137,-0.010444763482132205
20191029,57.69,0.02,0,0,-0.3799,-0.10280857261159916
20191030,17.43,-0.29,0,0,-0.1322,-0.11015642945869937
20191031,-5.08,-0.44,-1,0,-0.1915,-0.13049232209402453
20191101,130.89,0.66,1,1,0.1968,-0.0486692415705184
20191104,225.44,1.34,1,1,0.0864,-0.014901931177888794
20191105,306.67,1.84,1,1,0.2107,0.041498551616583404
20191106,217.81,0.97,0,0,-0.2782,-0.038426086287562444
20191107,218.15,0.88,0,0,-0.0102,-0.03136956471567183
20191108,131.8,0.13,-1,-1,-0.0593,-0.038352173536753874
20191111,-40.69,-1.23,-1,-1,-0.4095,-0.1311391301525654
20191112,-23.05,-0.98,0,0,-0.0985,-0.12297934761442406
20191113,-37.93,-1.0,0,0,0.1075,-0.06535951071081804
20191114,1.6,-0.6,1,1,0.0963,-0.024944633033113534
20191115,-70.0,-1.1,-1,0,-0.1824,-0.06430847477483514
20191118,4.51,-0.41,0,1,-0.1396,-0.08313135608112636
20191119,137.12,0.66,1,1,0.2847,0.008826482939155236
20191120,67.23,0.05,0,0,-0.267,-0.06013013779563357
20191121,45.59,-0.12,0,0,-0.1323,-0.07817260334672518
20191122,9.96,-0.39,-1,-1,-0.3246,-0.1397794525100439
20191125,67.14,0.1,0,0,-0.017,-0.10908458938253292
20191126,129.84,0.58,1,1,-0.1245,-0.11293844203689969
20191127,94.29,0.24,0,0,-0.0431,-0.09547883152767477
20191128,59.43,-0.05,-1,-1,-0.1253,-0.10293412364575608
20191129,16.27,-0.38,-1,-1,-0.0761,-0.09622559273431705
20191202,36.65,-0.19,0,0,-0.0721,-0.0901941945507378
20191203,72.35,0.11,1,1,0.116,-0.03864564591305335
20191204,53.8,-0.05,0,0,0.0121,-0.02595923443479001
20191205,162.64,0.81,1,1,0.2828,0.0512305741739075
20191206,193.57,0.97,1,1,0.0094,0.04077293063043062
20191209,175.23,0.74,0,0,-0.0345,0.021954697972822967
20191210,160.07,0.55,0,-1,0.0557,0.030391023479617224
20191211,160.97,0.5,0,0,-0.1707,-0.01988173239028708
20191212,113.42,0.08,-1,-1,-0.0581,-0.02943629929271531
20191213,329.51,1.76,1,1,0.4271,0.08469777553046351
20191216,395.51,2.11,1,1,0.1573,0.10284833164784762
20191217,495.79,2.69,1,1,0.1781,0.12166124873588571
20191218,378.86,1.52,0,-1,-0.1349,0.05752093655191429
20191219,341.64,1.09,-1,-1,-0.2775,-0.026234297586064298
20191220,270.87,0.43,-1,-1,-0.1587,-0.059350723189548225
20191223,145.51,-0.59,-1,-1,-0.3678,-0.13646304239216117
20191224,220.53,0.05,0,0,0.1937,-0.05392228179412087
20191225,209.5,-0.04,0,0,-0.0098,-0.04289171134559065
20191226,265.01,0.4,1,1,0.0577,-0.01774378350919299
20191227,229.43,0.08,0,0,-0.2456,-0.07470783763189474
20191230,343.23,0.96,1,1,0.2316,0.0018691217760789386
20191231,362.21,1.02,1,1,-0.0415,-0.008973158667940797
20200102,497.14,1.97,1,1,0.2098,0.0457201309990444
20200103,424.69,1.22,0,0,-0.2156,-0.019609901750716696
20200106,352.18,0.54,0,-1,-0.0202,-0.01975742631303752
20200107,415.92,0.99,0,0,-0.0402,-0.02486806973477814
20200108,273.48,-0.22,-1,-1,-0.3998,-0.11860105230108361
20200109,396.74,0.76,0,0,0.1567,-0.04977578922581272
20200110,356.9,0.38,0,0,-0.0935,-0.06070684191935954
20200113,423.99,0.87,1,0,0.311,0.03221986856048035
20200114,369.42,0.36,0,-1,-0.1432,-0.011635098579639735
20200115,288.64,-0.31,-1,-1,-0.0717,-0.0266513239347298
20200116,234.37,-0.7,-1,-1,-0.1001,-0.045013492951047354
20200117,224.37,-0.71,0,0,-0.0793,-0.053585119713285514
20200120,306.48,-0.0,1,1,0.3766,0.05396116021503586
20200121,191.34,-0.9,-1,0,-0.469,-0.07677912983872309
20200122,220.87,-0.58,0,0,0.2458,0.0038656526209576714
20200123,36.7,-1.97,-1,-1,-0.6985,-0.17172576053428174
20200203,-145.36,-3.2,-1,-1,0.7625,0.061830679599288674
20200204,5.32,-1.72,0,0,0.189,0.0936230096994665
20200205,128.05,-0.6,1,1,-0.2906,-0.0024327427254001305
20200206,269.38,0.56,1,1,0.0726,0.0163254429559499
20200207,229.92,0.2,0,0,-0.2403,-0.04783091778303758
20200210,255.48,0.38,0,0,-0.0573,-0.05019818833727818
20200211,271.75,0.47,0,0,-0.1696,-0.08004864125295863
20200212,362.4,1.13,1,1,0.2673,0.006788519060281023
20200213,281.97,0.4,0,0,-0.3335,-0.07828361070478923
20200214,281.46,0.36,0,0,-0.2652,-0.12501270802859193
20200217,431.36,1.49,1,1,0.3381,-0.009234531021443948
20200218,364.66,0.83,0,0,-0.3891,-0.10420089826608296
20200219,300.05,0.25,0,0,-0.4,-0.17815067369956222
20200220,426.98,1.21,0,0,0.2602,-0.06856300527467167
20200221,371.43,0.66,0,0,-0.0782,-0.07097225395600376
20200224,271.42,-0.18,-1,-1,-0.2675,-0.12010419046700282
20200225,157.72,-1.05,-1,-1,-0.2255,-0.14645314285025213
20200226,103.51,-1.37,-1,-1,-0.3983,-0.2094148571376891
20200227,98.15,-1.28,0,0,-0.1449,-0.1932861428532668
20200228,-93.43,-2.65,-1,-1,-0.6344,-0.3035646071399501
20200302,109.64,-0.82,0,1,0.2259,-0.1711984553549626
20200303,154.33,-0.39,0,1,-0.2986,-0.20304884151622193
20200304,187.32,-0.1,0,0,-0.2248,-0.20848663113716645
20200305,343.83,1.13,1,1,0.1125,-0.12823997335287485
20200306,203.18,-0.07,0,0,-0.4552,-0.20997998001465612
20200309,6.86,-1.6,-1,-1,-0.9241,-0.3885099850109921
20200310,155.15,-0.29,0,0,0.3699,-0.19890748875824407
20200311,53.62,-1.05,0,0,-0.6221,-0.30470561656868306
20200312,-67.75,-1.9,-1,-1,-0.4265,-0.3351542124265123
20200313,-167.96,-2.5,-1,-1,0.1659,-0.2098906593198842
20200316,-297.07,-3.27,-1,-1,-0.8366,-0.3665679944899132
20200317,-268.33,-2.73,0,0,0.0829,-0.2542009958674349
20200318,-310.25,-2.8,0,0,-0.3602,-0.28070074690057617
20200319,-333.25,-2.71,-1,0,-0.0506,-0.22317556017543214
20200320,-231.36,-1.66,1,1,-0.1364,-0.2014816701315741
20200323,-310.66,-2.12,0,0,-0.3948,-0.24981125259868056
20200324,-178.87,-0.89,1,1,0.1407,-0.15218343944901042
20200325,-26.53,0.38,1,1,0.0374,-0.10478757958675781
20200326,-58.64,0.1,0,0,-0.1974,-0.12794068469006836
20200327,-43.71,0.2,0,0,-0.1584,-0.13555551351755127
20200330,-87.67,-0.16,-1,-1,-0.151,-0.13941663513816344
20200331,-81.03,-0.09,0,0,-0.0959,-0.1285374763536226
20200401,-81.65,-0.09,0,0,-0.0251,-0.10267810726521694
20200402,23.79,0.74,1,1,0.4512,0.03579141955108729
20200403,-23.19,0.31,0,0,-0.2739,-0.04163143533668452
20200407,138.84,1.54,1,1,0.1478,0.005726423497486602
20200408,99.93,1.09,0,0,-0.1308,-0.028405182376885052
20200409,115.87,1.11,0,0,-0.093,-0.04455388678266379
20200410,33.49,0.36,-1,-1,-0.3929,-0.13164041508699784
20200413,3.13,0.09,-1,-1,-0.106,-0.12523031131524837
20200414,129.31,1.07,1,0,0.3583,-0.004347733486436273
20200415,97.2,0.71,0,0,-0.0768,-0.022460800114827203
20200416,120.4,0.83,0,0,0.1272,0.0149543999138796
20200417,179.62,1.21,1,1,-0.0423,0.000640799935409702
20200420,205.57,1.3,1,1,0.0424,0.011080599951557277
20200421,92.2,0.29,-1,-1,-0.4679,-0.10866455003633205
20200422,137.44,0.61,0,0,0.0861,-0.05997341252724904
20200423,89.86,0.19,0,0,-0.3419,-0.13045505939543678
20200424,7.85,-0.47,-1,-1,-0.3474,-0.18469129454657757
20200427,47.1,-0.12,0,0,-0.0124,-0.14161847090993318
20200428,86.7,0.2,0,0,0.1562,-0.06716385318244988
20200429,150.93,0.68,1,1,0.0592,-0.03557288988683741
20200430,294.08,1.73,1,1,0.5497,0.11074533258487193
20200506,324.78,1.81,1,1,0.226,0.13955899943865396
20200507,228.36,0.88,0,0,-0.2984,0.030069249578990473
20200508,319.93,1.51,0,0,0.0627,0.03822693718424286
20200511,253.06,0.85,0,-1,-0.2563,-0.03540479711181785
20200512,209.74,0.43,-1,-1,-0.1165,-0.05567859783386339
20200513,206.43,0.36,0,0,-0.0071,-0.04353394837539754
20200514,106.07,-0.45,-1,-1,-0.2214,-0.08800046128154816
20200515,97.6,-0.48,-1,-1,0.0737,-0.04757534596116112
20200518,115.91,-0.29,0,0,-0.187,-0.08243150947087084
20200519,233.95,0.66,1,1,0.2642,0.004226367896846869
20200520,150.48,-0.05,0,0,-0.3619,-0.08730522407736485
20200521,44.39,-0.88,-1,-1,-0.3648,-0.15667891805802364
20200522,-108.22,-1.98,-1,-1,-0.3694,-0.20985918854351773
20200525,-101.05,-1.74,0,0,-0.1417,-0.1928193914076383
20200526,16.95,-0.65,0,1,0.212,-0.09161454355572872
20200527,-12.17,-0.82,0,0,-0.3262,-0.15026090766679653
20200528,19.42,-0.49,0,0,-0.1235,-0.1435706807500974
20200529,40.93,-0.28,1,1,0.078,-0.08817801056257306
20200601,258.82,1.45,1,1,0.3914,0.031716492078070216
20200602,257.53,1.3,0,0,-0.2129,-0.029437630941447343
20200603,207.42,0.78,0,0,-0.1833,-0.06790322320608551
20200604,158.62,0.33,-1,-1,-0.246,-0.11242741740456413
20200605,183.26,0.49,0,0,-0.0823,-0.1048955630534231
20200608,210.99,0.66,0,0,-0.1133,-0.10699667229006732
20200609,278.25,1.12,1,1,0.1063,-0.05367250421755049
20200610,208.47,0.47,0,0,-0.2243,-0.09632937816316287
20200611,95.5,-0.46,-1,-1,-0.1649,-0.11347203362237215
20200612,46.44,-0.79,-1,-1,0.1445,-0.04897902521677912
20200615,-49.65,-1.47,-1,-1,-0.4792,-0.15653426891258435
20200616,108.82,-0.09,0,1,0.1352,-0.08360070168443826
20200617,105.38,-0.11,0,0,-0.3668,-0.1544005262633287
20200618,170.42,0.41,1,1,0.061,-0.10055039469749652
20200619,293.81,1.33,1,1,0.3642,0.015637203976877623
20200622,293.21,1.2,0,0,0.0232,0.017527902982658217
20200623,266.55,0.88,0,0,0.0491,0.025420927236993664
20200624,282.02,0.91,0,0,-0.0219,0.013590695427745249
20200629,197.05,0.16,-1,-1,-0.2855,-0.06118197842919106
20200630,298.53,0.94,0,0,0.0935,-0.022511483821893295
20200701,393.89,1.59,1,1,-0.098,-0.04138361286641997
20200702,519.26,2.42,1,1,0.4886,0.091112290350185
20200703,599.6,2.82,1,1,0.1286,0.10048421776263874
20200706,733.11,3.59,1,1,0.673,0.24361316332197908
20200707,614.17,2.32,0,0,-0.3319,0.09973487249148433
20200708,646.86,2.35,0,0,0.1334,0.10815115436861325
20200709,681.67,2.4,0,0,-0.1236,0.050213365776459934
20200710,522.61,0.93,-1,-1,-0.6313,-0.12016497566765505
20200713,616.06,1.57,0,0,0.2247,-0.033948731750741284
20200714,490.49,0.44,-1,-1,-0.4831,-0.14623654881305595
20200715,392.62,-0.36,-1,-1,-0.5574,-0.24902741160979197
20200716,174.53,-2.03,-1,-1,-0.8172,-0.391070558707344
20200717,198.32,-1.65,0,0,-0.1411,-0.328577919030508
20200720,308.22,-0.64,0,0,0.2909,-0.173708439272881
20200721,302.47,-0.62,0,0,-0.1198,-0.16023132945466073
20200722,299.2,-0.59,0,0,0.0072,-0.11837349709099554
20200723,267.54,-0.78,-1,-1,-0.1453,-0.12510512281824665
20200724,84.26,-2.13,-1,-1,-1.0358,-0.352778842113685
20200727,110.23,-1.73,0,0,-0.083,-0.2853341315852638
20200728,134.81,-1.37,0,0,-0.1543,-0.25257559868894786
20200729,255.17,-0.3,1,1,0.5861,-0.0429066990167109
20200730,227.5,-0.49,0,0,-0.204,-0.08318002426253318
20200731,248.3,-0.28,0,0,0.0429,-0.05166001819689989
20200803,327.0,0.36,1,1,0.0734,-0.020395013647674917
20200804,280.92,-0.03,0,0,-0.4678,-0.1322462602357562
20200805,271.74,-0.1,0,0,0.0051,-0.09790969517681715
20200806,254.02,-0.23,-1,-1,-0.0727,-0.09160727138261286
20200807,172.74,-0.84,-1,-1,-0.483,-0.18945545353695964
20200810,203.67,-0.52,0,0,0.0963,-0.11801659015271973
20200811,121.11,-1.11,-1,-1,-0.3527,-0.1766874426145398
20200812,70.57,-1.4,-1,-1,-0.2101,-0.18504058196090487
20200813,68.81,-1.28,0,0,-0.1585,-0.17840543647067864
20200814,157.25,-0.47,1,1,0.1756,-0.08990407735300898
20200817,289.62,0.61,1,1,0.4348,0.041271941985243255
20200818,261.68,0.33,0,0,-0.2238,-0.02499604351106756
20200819,178.3,-0.35,0,0,-0.3827,-0.11442203263330067
20200820,79.64,-1.09,-1,-1,-0.2799,-0.1557915244749755
20200821,118.85,-0.68,0,0,-0.0518,-0.1297936433562316
20200824,144.73,-0.41,0,0,0.019,-0.09259523251717372
20200825,104.4,-0.69,0,0,-0.3095,-0.1468214243878803
20200826,21.03,-1.27,-1,-1,-0.4765,-0.2292410682909102
20200827,81.55,-0.68,0,0,0.1142,-0.14338080121818264
20200828,193.43,0.26,1,1,0.2589,-0.042810600913636976
20200831,117.07,-0.36,0,0,-0.2042,-0.08315795068522773
20200901,150.51,-0.07,0,0,0.0646,-0.046218463013920796
20200902,122.82,-0.28,0,0,-0.2018,-0.0851138472604406
20200903,71.74,-0.65,-1,-1,-0.2187,-0.11851038544533046
20200904,16.14,-1.02,-1,-1,-0.0376,-0.09828278908399785
20200907,-88.13,-1.74,-1,-1,-0.4758,-0.19266209181299837
20200908,-37.68,-1.18,0,0,0.0254,-0.13814656885974877
20200909,-141.63,-1.88,-1,-1,-0.2472,-0.16540992664481158
20200910,-168.7,-1.91,-1,0,-0.1652,-0.1653574449836087
20200911,-89.61,-1.11,0,1,0.1581,-0.08449308373770652
20200914,-44.04,-0.65,1,1,-0.0347,-0.07204481280327989
20200915,7.43,-0.19,1,1,0.1261,-0.022508609602459914
20200916,10.59,-0.14,0,0,-0.0237,-0.022806457201844935
20200917,-0.5,-0.22,0,0,0.1485,0.020020157098616296
20200918,146.84,0.95,1,1,0.3228,0.0957151178239622
20200921,72.23,0.28,0,0,-0.2358,0.012836338367971656
20200922,-52.01,-0.71,-1,-1,-0.2145,-0.04399774622402126
20200923,-30.65,-0.48,0,0,0.1018,-0.007548309668015944
20200924,-168.79,-1.51,-1,-1,-0.3706,-0.09831123225101196
20200925,-174.09,-1.41,-1,0,-0.072,-0.09173342418825897
20200928,-155.75,-1.13,0,0,-0.0931,-0.09207506814119423
20200929,-125.99,-0.79,1,1,0.1066,-0.042406301105895675
20200930,-138.08,-0.81,0,0,-0.1275,-0.06367972582942176
20201009,34.67,0.61,1,1,0.1423,-0.012184794372066321
20201012,259.12,2.31,1,1,0.2431,0.051636404220950255
20201013,226.53,1.83,0,0,-0.0435,0.027852303165712692
20201014,130.21,0.91,0,0,-0.2272,-0.03591077262571549
20201015,98.93,0.58,-1,-1,-0.1112,-0.054733079469286613
20201016,126.24,0.73,0,0,-0.104,-0.06704980960196497
20201019,44.87,0.03,-1,-1,-0.2336,-0.10868735720147372
20201020,76.56,0.27,0,0,0.0517,-0.06859051790110529
20201021,25.53,-0.15,-1,-1,-0.1897,-0.09886788842582897
20201022,-15.64,-0.46,-1,-1,-0.0762,-0.09320091631937173
20201023,-71.5,-0.85,-1,-1,-0.1341,-0.1034256872395288
20201026,-87.86,-0.9,-1,-1,-0.0024,-0.0781692654296466
20201027,-74.08,-0.7,0,0,-0.0162,-0.06267694907223495
20201028,-11.29,-0.15,1,1,0.0611,-0.03173271180417621
20201029,5.24,-0.0,1,1,0.0873,-0.0019745338531321557
20201030,-87.2,-0.72,-1,-1,-0.2332,-0.059780900389849116
20201102,-47.01,-0.34,0,0,0.0441,-0.033810675292386835
20201103,88.0,0.74,1,1,0.1517,0.012566993530709877
20201104,93.44,0.72,1,0,-0.0033,0.008600245148032409
20201105,247.44,1.85,1,1,0.2584,0.07105018386102431
20201106,244.7,1.65,0,0,-0.0472,0.04148763789576823
20201109,395.72,2.67,1,1,0.3942,0.12966572842182617
20201110,292.87,1.61,0,0,-0.1984,0.04764929631636963
20201111,205.86,0.78,-1,-1,-0.2613,-0.029588027762722763
20201112,178.05,0.49,-1,-1,-0.0064,-0.023791020822042073
20201113,111.9,-0.07,-1,-1,-0.1053,-0.04416826561653156
20201116,187.42,0.52,0,0,0.1726,0.01002380078760133
20201117,146.18,0.15,0,0,-0.1393,-0.027307149409299
20201118,156.7,0.22,0,0,0.0501,-0.007955362056974252
20201119,179.1,0.37,0,0,-0.0118,-0.008916521542730689
20201120,200.25,0.5,1,1,0.2071,0.04508760884295198
20201123,292.98,1.18,1,1,0.2073,0.08564070663221399
20201124,239.32,0.65,0,0,-0.013,0.060980529974160494
20201125,106.89,-0.45,-1,-1,-0.2869,-0.025989602519379623
20201126,107.69,-0.4,0,0,-0.0194,-0.024342201889534718
20201127,196.87,0.34,0,0,0.0849,0.0029683485828489627
20201130,159.46,0.01,0,0,0.2018,0.05267626143713672
20201201,306.62,1.16,1,1,0.3075,0.11638219607785254
20201202,264.81,0.72,0,0,-0.1044,0.0611866470583894
20201203,230.81,0.39,0,0,-0.1899,-0.001585014706207949
20201204,211.39,0.2,-1,-1,-0.025,-0.007438761029655962
20201207,137.25,-0.4,-1,-1,-0.1871,-0.05235407077224197
20201208,112.23,-0.55,-1,-1,-0.0932,-0.06256555307918148
20201209,8.09,-1.31,-1,-1,-0.3779,-0.1413991648093861
20201210,11.72,-1.16,0,0,0.072,-0.08804937360703959
20201211,-38.67,-1.44,-1,0,-0.1728,-0.1092370302052797
20201214,8.53,-0.94,0,1,0.1931,-0.03365277265395977
20201215,13.4,-0.81,0,1,-0.0792,-0.04503957949046983
20201216,-1.57,-0.85,0,0,-0.1293,-0.06610468461785238
20201217,72.42,-0.19,1,1,0.2442,0.011471486536610717
20201218,58.74,-0.28,0,0,0.0161,0.012628614902458039
20201221,115.15,0.19,1,1,0.2259,0.06594646117684352
20201222,-10.74,-0.81,-1,-1,-0.4803,-0.07061515411736735
20201223,74.36,-0.07,0,0,0.1148,-0.02426136558802551
20201224,42.51,-0.31,0,0,-0.226,-0.07469602419101913
20201225,99.85,0.16,1,1,0.1248,-0.024822018143264346
20201228,76.65,-0.03,0,0,-0.1144,-0.04721651360744826
20201229,34.2,-0.36,-1,-1,-0.1484,-0.0725123852055862
20201230,113.92,0.3,1,1,0.245,0.006865711095810356
20201231,278.33,1.55,1,1,0.1348,0.03884928332185777
20210104,308.27,1.64,1,1,0.1172,0.058436962491393324
20210105,320.0,1.57,0,0,-0.037,0.03457772186854499
20210106,327.08,1.48,1,-1,-0.0854,0.004583291401408743
20210107,359.34,1.59,1,0,0.0509,0.016162468551056557
20210108,320.15,1.13,0,-1,-0.009,0.009871851413292419
20210111,205.88,0.13,-1,-1,-0.2721,-0.0606211114400307
20210112,323.79,1.04,0,0,0.2788,0.02423416641997697
20210113,306.72,0.81,0,0,-0.1216,-0.012224375185017275
20210114,241.26,0.22,0,0,-0.0588,-0.023868281388762957
20210115,200.09,-0.12,-1,-1,-0.1045,-0.044026211041572214
20210118,249.53,0.27,0,0,0.0632,-0.01721965828117916
20210119,178.43,-0.31,-1,-1,-0.4354,-0.12176474371088437
20210120,199.68,-0.11,0,0,0.1406,-0.05617355778316328
20210121,261.91,0.38,1,1,0.2135,0.011244831662627533
20210122,224.77,0.06,0,0,-0.2319,-0.049541376253029346
20210125,188.45,-0.23,-1,-1,-0.158,-0.07665603218977202
20210126,119.38,-0.75,-1,-1,-0.3371,-0.141767024142329
20210127,139.1,-0.52,0,0,-0.0586,-0.12097526810674675
20210128,8.48,-1.49,-1,-1,-0.3824,-0.18633145108006005
20210129,-9.28,-1.49,-1,0,-0.1856,-0.18614858831004505
20210201,52.43,-0.86,0,0,0.0478,-0.12766144123253378
20210202,109.42,-0.34,1,1,0.0676,-0.07884608092440035
20210203,63.54,-0.66,0,0,-0.1754,-0.10298456069330025
20210204,13.71,-0.99,-1,-1,-0.0952,-0.10103842051997519
20210205,19.55,-0.85,0,0,-0.1497,-0.1132038153899814
20210208,90.35,-0.22,1,1,0.1689,-0.04267786154248604
20210209,178.36,0.49,1,1,0.2197,0.022916603843135472
20210210,223.23,0.79,1,1,0.0566,0.0313374528823516
20210218,238.33,0.84,0,0,-0.1888,-0.023696910338236295
20210219,238.12,0.75,0,0,0.0287,-0.010597682753677222
20210222,157.8,0.06,-1,-1,-0.2904,-0.08054826206525792
20210223,93.69,-0.45,-1,-1,-0.1167,-0.08958619654894344
20210224,-36.12,-1.42,-1,-1,-0.2939,-0.1406646474117076
20210225,15.56,-0.88,0,0,-0.1052,-0.13179848555878068
20210226,-105.57,-1.74,-1,-1,-0.1441,-0.1348738641690855
20210301,-30.35,-0.99,0,0,0.07,-0.08365539812681413
20210302,-80.03,-1.28,0,0,-0.2805,-0.1328665485951106
20210303,11.02,-0.45,1,1,0.2716,-0.03174991144633295
20210304,-79.2,-1.11,0,0,-0.3999,-0.12378743358474971
20210305,-55.79,-0.82,0,0,0.0987,-0.06816557518856228
20210308,-151.04,-1.49,-1,-1,-0.3978,-0.1505741813914217
20210309,-222.86,-1.91,-1,-1,-0.0904,-0.13553063604356627
20210310,-206.89,-1.6,0,0,-0.166,-0.1431479770326747
20210311,-58.41,-0.29,1,1,0.19,-0.05986098277450602
20210312,-26.31,-0.01,1,1,-0.133,-0.07814573708087952
20210315,-81.94,-0.44,0,0,-0.1931,-0.10688430281065964
20210316,-46.41,-0.12,0,0,-0.0138,-0.08361322710799474
20210317,-24.0,0.06,0,0,0.0375,-0.05333492033099605
20210318,6.01,0.29,1,1,-0.0241,-0.046026190248247036
20210319,-106.26,-0.61,-1,-1,-0.2641,-0.10054464268618528
20210322,-22.42,0.1,0,0,0.091,-0.05265848201463896
20210323,-84.61,-0.4,0,0,-0.3071,-0.11626886151097922
20210324,-151.04,-0.88,-1,-1,-0.1306,-0.11985164613323442
20210325,-139.25,-0.7,0,0,0.1175,-0.06051373459992582
20210326,0.99,0.46,1,1,0.2939,0.028089699050055636
20210329,34.36,0.68,1,1,-0.1198,-0.008882725712458274
20210330,88.45,1.03,1,1,0.1267,0.025012955715656295
20210331,49.76,0.63,0,0,-0.2032,-0.032040283213257775
20210401,100.08,0.97,1,0,0.1773,0.020294787590056672
20210402,108.43,0.94,0,0,0.046,0.026721090692542505
20210406,108.64,0.85,0,0,-0.043,0.009290818019406878
20210407,106.52,0.75,0,0,-0.0384,-0.0026318864854448405
20210408,90.15,0.55,-1,-1,0.023,0.0037760851359163695
20210409,9.15,-0.13,-1,-1,-0.22,-0.05216793614806273
20210412,-79.42,-0.81,-1,-1,-0.2767,-0.10830095211104704
20210413,-87.47,-0.79,0,0,-0.0169,-0.08545071408328528
20210414,-10.56,-0.12,0,1,0.1574,-0.024738035562463956
20210415,-33.99,-0.29,0,0,-0.0682,-0.03560352667184796
20210416,9.32,0.08,1,1,0.0018,-0.026252645003885973
20210419,175.7,1.37,1,1,0.4516,0.09321051624708551
20210420,130.52,0.88,0,0,-0.1004,0.04480788718531413
20210421,121.21,0.73,0,0,-0.011,0.0308559153889856
20210422,102.65,0.51,-1,-1,-0.0564,0.009041936541739199
20210423,106.73,0.5,0,0,0.0139,0.010256452406304399
20210426,11.2,-0.3,-1,-1,-0.4401,-0.1023326606952717
20210427,8.66,-0.29,0,0,-0.1685,-0.11887449552145377
20210428,61.23,0.15,0,0,0.0703,-0.07158087164109032
20210429,135.14,0.71,1,1,0.021,-0.04843565373081774
20210430,41.23,-0.09,0,0,-0.0529,-0.04955174029811331
20210506,13.46,-0.3,-1,-1,-0.1341,-0.07068880522358498
20210507,-18.37,-0.52,-1,-1,-0.2567,-0.11719160391768874
20210510,-18.56,-0.47,0,0,-0.0848,-0.10909370293826655
20210511,-0.22,-0.28,0,1,-0.0366,-0.0909702772036999
20210512,30.12,-0.02,1,1,-0.0087,-0.07040270790277493
20210513,-28.95,-0.48,-1,0,-0.2324,-0.1109020309270812
20210514,147.18,0.94,1,1,0.3181,-0.003651523195310896
20210517,213.9,1.37,1,1,0.2076,0.04916135760351683
20210518,205.29,1.17,0,0,-0.0356,0.027971018202637622
20210519,159.09,0.7,0,-1,-0.0547,0.007303263651978219
20210520,155.65,0.61,0,0,-0.1303,-0.027097552261016337
20210521,72.58,-0.1,-1,-1,-0.1757,-0.06424816419576225
20210524,97.96,0.11,0,0,0.0001,-0.04816112314682169
20210525,306.77,1.73,1,1,0.5171,0.09315415763988372
20210526,254.76,1.16,0,0,-0.1254,0.038515618229912785
20210527,281.2,1.25,0,0,0.014,0.03238671367243459
20210528,218.24,0.64,-1,-1,-0.1722,-0.018759964745674054
20210531,235.38,0.72,0,0,0.0773,0.005255026440744458
20210601,220.44,0.53,0,0,-0.0977,-0.020483730169441654
20210602,133.89,-0.19,-1,-1,-0.3953,-0.11418779762708123
20210603,67.9,-0.69,-1,-1,-0.1059,-0.11211584822031093
20210604,105.39,-0.33,0,0,-0.0336,-0.09248688616523319
20210607,124.6,-0.15,0,0,-0.0347,-0.0780401646239249
20210608,85.99,-0.44,0,0,-0.222,-0.11403012346794367
20210609,101.67,-0.27,0,0,-0.0585,-0.10014759260095775
20210610,143.55,0.08,1,1,0.0452,-0.06381069445071831
20210611,80.66,-0.42,0,0,-0.1235,-0.07873302083803874
20210615,-17.68,-1.15,-1,-1,-0.5186,-0.18869976562852903
20210616,-76.71,-1.5,-1,-1,-0.1961,-0.19054982422139677
20210617,-22.66,-0.93,0,0,0.1971,-0.09363736816604758
20210618,-5.4,-0.71,0,1,0.055,-0.05647802612453568
20210621,-17.57,-0.74,0,0,-0.1248,-0.07355851959340176
20210622,33.42,-0.27,1,1,-0.0036,-0.05606888969505132
20210623,98.32,0.26,1,1,0.1201,-0.01202666727128849
20210624,82.48,0.11,0,0,-0.2926,-0.08217000045346637
20210625,200.51,1.02,1,1,0.3039,0.014347499659900231
20210628,182.06,0.78,0,0,-0.0949,-0.012964375255074826
20210629,76.52,-0.12,-1,-1,-0.1521,-0.04774828144130612
20210630,136.36,0.36,0,0,0.0792,-0.01601121108097959
20210701,114.38,0.16,0,0,-0.1978,-0.061458408310734694
20210702,-25.27,-0.95,-1,-1,-0.2573,-0.11041880623305102
20210705,-14.69,-0.77,0,0,0.0865,-0.06118910467478826
20210706,3.18,-0.56,0,0,-0.1206,-0.0760418285060912
20210707,54.86,-0.11,1,1,0.1673,-0.0152063713795684
20210708,-14.16,-0.63,0,0,-0.1968,-0.0606047785346763
20210709,-16.88,-0.59,0,0,0.0176,-0.041053583901007225
20210712,52.75,0.01,0,1,-0.0669,-0.04751518792575542
20210713,83.1,0.24,1,1,-0.0892,-0.05793639094431656
20210714,-9.33,-0.5,0,0,-0.3276,-0.12535229320823743
20210715,71.46,0.18,0,0,0.0895,-0.07163921990617808
20210716,39.49,-0.09,0,0,-0.0925,-0.07685441492963356
20210719,13.99,-0.28,0,0,-0.0968,-0.08184081119722517
20210720,-2.07,-0.38,-1,-1,-0.0304,-0.06898060839791888
20210721,33.65,-0.06,0,1,0.0118,-0.04878545629843915
20210722,111.5,0.55,1,1,0.0502,-0.024039092223829363
20210723,54.33,0.05,0,0,-0.2325,-0.07615431916787202
20210726,-108.56,-1.22,-1,-1,-0.2336,-0.11551573937590401
20210727,-230.59,-2.06,-1,-1,-0.2791,-0.15641180453192802
20210728,-228.46,-1.85,0,0,-0.0136,-0.12070885339894602
20210729,-128.23,-0.89,0,1,0.0691,-0.07325664004920951
20210730,-114.35,-0.7,1,1,-0.0033,-0.05576748003690713
20210802,58.23,0.72,1,1,0.1478,-0.0048756100276803535
20210803,44.63,0.54,0,0,-0.2007,-0.05383170752076026
20210804,61.1,0.62,0,0,0.2034,0.0104762193594298
20210805,36.01,0.36,-1,-1,-0.0754,-0.010992835480427648
20210806,10.53,0.13,-1,-1,-0.0815,-0.028619626610320737
20210809,98.1,0.8,1,1,0.1461,0.015060280042259452
20210810,151.05,1.14,1,1,-0.0317,0.00337021003169459
20210811,145.79,0.99,0,0,-0.1362,-0.03152234247622905
20210812,97.33,0.52,-1,-1,-0.1167,-0.052816756857171784
20210813,46.24,0.07,-1,-1,-0.2632,-0.10541256764287883
20210816,59.18,0.16,0,0,-0.0473,-0.09088442573215913
20210817,-45.23,-0.67,-1,-1,-0.3038,-0.14411331929911936
20210818,43.81,0.09,0,0,0.1389,-0.07335998947433953
20210819,1.12,-0.25,0,0,-0.1,-0.08001999210575464
20210820,-66.12,-0.75,-1,-1,-0.1839,-0.10598999407931597
20210823,25.63,0.04,0,0,0.1675,-0.037617495559486985
20210824,89.99,0.53,1,1,0.1241,0.002811878330384765
20210825,109.18,0.63,1,0,-0.0508,-0.010591091252211426
20210826,25.22,-0.08,0,-1,-0.2597,-0.07286831843915857
20210827,46.15,0.09,0,0,0.0459,-0.043176238829368926
20210830,24.54,-0.09,0,0,-0.1878,-0.0793321791220267
20210831,89.66,0.43,1,1,0.0108,-0.05679913434152002
20210901,194.74,1.21,1,1,0.1349,-0.008874350756140015
20210902,200.57,1.14,0,0,0.1139,0.02181923693289499
20210903,158.74,0.7,0,0,-0.2175,-0.038010572300328754
20210906,260.91,1.43,1,1,0.2551,0.03526707077475344
20210907,307.39,1.66,1,1,0.1516,0.06435030308106508
20210908,278.0,1.27,0,0,-0.2246,-0.007887272689201183
20210909,251.69,0.95,-1,-1,-0.0194,-0.010765454516900887
20210910,262.86,0.94,0,0,0.0117,-0.005149090887675666
20210913,217.55,0.5,-1,-1,-0.1178,-0.03331181816575675
20210914,103.66,-0.44,-1,-1,-0.4112,-0.12778386362431757
20210915,29.23,-0.98,-1,-1,-0.1831,-0.14161289771823818
20210916,-47.66,-1.48,-1,-1,-0.3628,-0.19690967328867864
20210917,-5.12,-1.01,0,0,0.0078,-0.145732254966509
20210922,2.14,-0.86,0,0,0.1132,-0.08099919122488175
20210923,52.25,-0.38,1,1,-0.0291,-0.06802439341866132
20210924,26.86,-0.55,0,0,-0.1702,-0.09356829506399598
20210927,35.74,-0.42,0,0,-0.1412,-0.10547622129799698
20210928,55.57,-0.23,1,1,0.0748,-0.06040716597349774
20210929,-6.99,-0.7,-1,-1,-0.1689,-0.0875303744801233
20210930,40.55,-0.26,0,0,0.0299,-0.05817278086009248
20211008,84.04,0.11,1,1,-0.0764,-0.06272958564506936
20211011,81.7,0.08,0,0,-0.1206,-0.07719718923380202
20211012,6.54,-0.52,-1,-1,-0.252,-0.12089789192535151
20211013,42.4,-0.19,0,0,0.1323,-0.05759841894401363
20211014,37.85,-0.21,0,0,-0.0046,-0.04434881420801022
20211015,65.64,0.03,1,1,0.077,-0.014011610656007666
20211018,30.53,-0.25,-1,0,-0.0584,-0.02510870799200575
20211019,77.9,0.15,1,1,-0.0202,-0.02388153099400431
20211020,38.05,-0.18,0,0,-0.0435,-0.028786148245503233
20211021,38.03,-0.16,0,0,-0.1612,-0.061889611184127426
20211022,54.23,-0.02,0,0,-0.0235,-0.05229220838809557
20211025,83.54,0.21,1,1,0.1284,-0.007119156291071682
20211026,62.19,0.02,0,0,-0.0928,-0.02853936721830376
20211027,-46.12,-0.82,-1,-1,-0.2072,-0.07320452541372782
20211028,-98.08,-1.15,-1,-1,-0.0763,-0.07397839406029587
20211029,13.56,-0.17,0,0,0.1858,-0.009033795545221907
20211101,45.25,0.09,1,1,0.0237,-0.0008503466589164302
20211102,-29.1,-0.49,0,0,-0.1561,-0.03966275999418732
20211103,-24.18,-0.41,0,0,-0.0449,-0.040972069995640494
20211104,14.88,-0.07,0,0,0.0441,-0.019704052496730372
20211105,-38.38,-0.47,0,0,-0.2124,-0.06787803937254777
20211108,-23.81,-0.32,0,0,0.043,-0.04015852952941083
20211109,-0.87,-0.11,0,0,-0.0666,-0.046768897147058126
20211110,-47.24,-0.46,-1,0,-0.2104,-0.0876766728602936
20211111,72.3,0.52,1,1,0.153,-0.0275075046452202
20211112,27.2,0.12,0,0,-0.1013,-0.04595562848391515
20211115,27.65,0.11,0,0,-0.147,-0.07121672136293636
20211116,-12.08,-0.21,-1,-1,-0.1411,-0.08868754102220228
20211117,5.46,-0.05,0,0,0.0145,-0.0628906557666517
20211118,-53.21,-0.51,-1,-1,-0.1043,-0.07324299182498878
20211119,53.39,0.37,1,1,0.1238,-0.023982243868741586
20211122,86.27,0.59,1,1,0.1661,0.02353831709844381
20211123,94.92,0.6,0,0,-0.0629,0.0019287378238328594
20211124,69.37,0.35,0,-1,-0.0852,-0.019853446632125356
20211125,37.13,0.06,-1,-1,-0.1138,-0.043340084974094015
20211126,-57.36,-0.68,-1,-1,-0.1811,-0.07778006373057052
20211129,-97.06,-0.92,-1,-1,-0.0381,-0.06786004779792788
20211130,-83.63,-0.73,0,0,-0.1001,-0.07592003584844591
20211201,-31.21,-0.25,1,1,-0.0062,-0.05849002688633443
20211202,-6.42,-0.04,1,1,-0.0004,-0.04396752016475082
20211203,97.46,0.78,1,1,0.1378,0.0014743598764368898
20211206,63.24,0.44,0,0,-0.1268,-0.030594230092672328
20211207,135.05,0.96,1,1,0.0253,-0.016620672569504245
20211208,208.64,1.44,1,1,0.1637,0.02845949557287182
20211209,352.33,2.42,1,1,0.2991,0.09611962167965386
20211210,232.72,1.26,0,0,-0.0054,0.0707397162597404
20211213,238.76,1.19,0,0,0.0464,0.0646547871948053
20211214,144.76,0.34,-1,-1,-0.2472,-0.013308909603896024
20211215,78.95,-0.21,-1,-1,-0.185,-0.05623168220292202
20211216,162.03,0.46,0,0,0.0765,-0.02304876165219151
20211217,64.8,-0.34,-1,-1,-0.2377,-0.07671157123914363
20211220,-19.09,-0.96,-1,-1,-0.12,-0.08753367842935772
20211221,71.34,-0.17,0,0,0.1029,-0.03992525882201829
20211222,65.55,-0.19,0,0,-0.1158,-0.05889394411651372
20211223,111.31,0.18,1,1,0.1359,-0.010195458087385291
20211224,79.26,-0.09,0,0,-0.0929,-0.030871593565538966
20211227,81.61,-0.06,0,0,-0.0149,-0.026878695174154223
20211228,119.12,0.24,1,1,-0.0105,-0.022784021380615666
20211229,46.96,-0.35,-1,-1,-0.144,-0.053088016035461746
20211230,91.98,0.04,0,0,0.1619,0.0006589879734036908
20211231,144.33,0.44,1,1,0.0796,0.02039424098005277
20220104,155.95,0.49,1,0,-0.1503,-0.02227931926496042
20220105,92.36,-0.05,0,-1,-0.1616,-0.05710948944872031
20220106,31.64,-0.52,-1,-1,-0.0108,-0.04553211708654023
20220107,62.72,-0.23,0,0,-0.0081,-0.03617408781490517
20220110,99.04,0.08,1,1,0.0788,-0.007430565861178878
20220111,23.67,-0.52,-1,0,-0.1631,-0.04634792439588416
20220112,72.73,-0.09,0,0,0.0321,-0.026735943296913117
20220113,-23.01,-0.83,-1,-1,-0.3081,-0.09707695747268483
20220114,-96.25,-1.32,-1,-1,-0.1718,-0.11575771810451363
20220117,-27.15,-0.65,0,0,-0.0152,-0.09061828857838522
20220118,90.92,0.33,1,1,0.1438,-0.03201371643378891
20220119,49.64,-0.02,0,0,-0.2003,-0.07408528732534168
20220120,102.18,0.39,0,0,0.1457,-0.01913896549400626
20220121,12.74,-0.35,-1,-1,-0.1359,-0.048329224120504694
20220124,16.45,-0.28,0,0,0.0725,-0.01812191809037852
20220125,-133.34,-1.43,-1,-1,-0.3253,-0.0949164385677839
20220126,-53.97,-0.67,0,0,-0.0169,-0.07541232892583792
20220127,-170.78,-1.52,-1,-1,-0.3247,-0.13773424669437845
20220128,-221.73,-1.77,-1,-1,-0.1331,-0.13657568502078382
20220207,-92.14,-0.59,0,1,0.0271,-0.09565676376558786
20220208,-39.6,-0.13,1,1,0.0819,-0.05126757282419089
20220209,21.99,0.37,1,1,0.1566,0.0006993203818568272
20220210,46.98,0.53,1,1,-0.0816,-0.01987550971360738
20220211,-17.54,-0.03,0,0,-0.1366,-0.049056632285205536
20220214,-108.08,-0.73,-1,-1,-0.2436,-0.09769247421390415
20220215,-47.64,-0.19,0,0,0.094,-0.04976935566042811
20220216,5.8,0.25,1,1,-0.0862,-0.05887701674532108
20220217,19.39,0.33,1,0,0.0302,-0.036607762558990814
20220218,64.37,0.65,1,1,0.0158,-0.02350582191924311
20220221,54.16,0.51,0,0,-0.1134,-0.04597936643943233
20220222,-27.14,-0.18,-1,-1,-0.1677,-0.07640952482957425
20220223,51.45,0.45,0,0,0.1121,-0.029282143622180686
20220224,-122.35,-0.94,-1,-1,-0.316,-0.10096160771663551
20220225,-55.03,-0.33,0,0,-0.033,-0.08397120578747663
20220228,-24.0,-0.06,0,0,0.056,-0.048978404340607476
20220301,25.49,0.33,1,1,-0.0963,-0.06080880325545561
20220302,-1.8,0.09,0,0,-0.0181,-0.050131602441591705
20220303,5.56,0.14,0,0,-0.1106,-0.06524870183119377
20220304,-73.25,-0.49,-1,-1,-0.0449,-0.06016152637339533
20220307,-239.92,-1.74,-1,-1,-0.3105,-0.1227461447800465
20220308,-366.06,-2.56,-1,-1,-0.2954,-0.16590960858503487
20220309,-389.99,-2.5,0,0,-0.1541,-0.16295720643877615
20220310,-255.58,-1.22,0,1,-0.0143,-0.12579290482908212
20220311,-183.65,-0.54,1,1,-0.0052,-0.09564467862181159
20220314,-323.84,-1.58,0,0,-0.267,-0.1384835089663587
20220315,-500.29,-2.81,-1,-1,-0.2839,-0.17483763172476902
20220316,-205.55,-0.24,0,1,0.2468,-0.06942822379357677
20220317,-87.86,0.7,1,1,-0.1537,-0.09049616784518258
20220318,-19.32,1.17,0,0,0.0892,-0.045572125883886934
20220321,-49.17,0.82,0,0,-0.1897,-0.0816040944129152
20220322,-37.18,0.84,0,0,-0.0637,-0.07712807080968641
20220323,-25.24,0.85,0,0,-0.0194,-0.06269605310726481
20220324,-68.16,0.44,-1,-1,-0.0996,-0.0719220398304486
20220325,-152.26,-0.26,-1,-1,-0.3079,-0.13091652987283647
20220328,-150.4,-0.22,0,0,0.0569,-0.08396239740462735
20220329,-158.11,-0.26,0,0,-0.1005,-0.08809679805347051
20220330,-8.04,0.93,1,1,0.2884,0.006027401459897108
20220331,-61.93,0.43,0,0,-0.2418,-0.055929448905077166
20220401,23.75,1.05,1,0,0.1378,-0.007497086678807871
20220406,-1.33,0.76,0,0,-0.1466,-0.0422728150091059
20220407,-101.1,-0.09,-1,-1,-0.1765,-0.07582961125682942
20220408,-51.46,0.3,0,0,0.0739,-0.038397208442622066
20220411,-211.02,-0.97,-1,-1,-0.2711,-0.09657290633196655
20220412,-74.98,0.18,0,0,0.1432,-0.036629679748974915
20220413,-135.56,-0.31,0,0,-0.0517,-0.04039725981173119
20220414,-12.92,0.68,1,1,0.1243,0.0007770551412016047
20220415,-26.63,0.51,0,0,-0.0278,-0.006367208644098796
20220418,-20.71,0.51,0,0,0.0479,0.007199593516925902
20220419,-57.43,0.17,-1,-1,-0.0804,-0.014700304862305572
20220420,-147.15,-0.55,-1,-1,-0.1912,-0.05882522864672918
20220421,-280.05,-1.53,-1,-1,-0.1658,-0.08556892148504688
20220422,-218.99,-0.91,0,0,0.142,-0.028676691113785166
20220425,-429.42,-2.46,-1,-1,-0.1629,-0.06223251833533887
20220426,-450.69,-2.39,-1,0,-0.0016,-0.04707438875150415
20220427,-192.66,-0.15,1,1,0.3093,0.04201920843637189
20220428,-125.04,0.39,1,1,-0.0011,0.03123940632727892
20220429,64.49,1.83,1,1,0.2101,0.07595455474545919
20220505,74.66,1.73,1,0,-0.1088,0.029765916059094392
20220506,-64.7,0.48,0,0,-0.2566,-0.041825562955679206
20220509,-77.04,0.34,-1,-1,-0.0817,-0.0517941722167594
20220510,33.29,1.17,0,0,0.1647,0.0023293708374304556
20220511,123.41,1.76,1,1,0.1154,0.030597028128072842
20220512,82.76,1.28,0,0,-0.1217,-0.0074772289039453654
20220513,126.05,1.49,0,0,0.009,-0.003357921677959024
20220516,68.65,0.9,-1,-1,-0.173,-0.04576844125846926
20220517,135.91,1.34,1,0,0.122,-0.003826330943851944
20220518,99.21,0.93,0,0,-0.0679,-0.01984474820788896
20220519,86.64,0.74,0,-1,0.0915,0.007991438844083279
20220520,209.5,1.63,1,1,0.1866,0.05264357913306246
20220523,160.73,1.09,0,0,-0.0925,0.01635768434979684
20220524,4.09,-0.23,-1,-1,-0.3935,-0.08610673673765237
20220525,85.13,0.42,0,0,0.0737,-0.046155052553239276
20220526,156.09,0.93,0,0,0.0398,-0.024666289414929456
20220527,160.97,0.88,0,0,-0.0504,-0.03109971706119709
20220530,201.24,1.11,1,1,0.0165,-0.01919978779589782
20220531,359.41,2.24,1,1,0.1483,0.02267515915307663
20220601,274.09,1.36,0,0,-0.1348,-0.016693630635192528
20220602,290.36,1.36,0,0,0.0825,0.008104777023605604
20220606,411.03,2.17,1,0,0.2045,0.0572035827677042
20220607,409.13,1.95,0,0,-0.0635,0.02702768707577815
20220608,462.31,2.18,1,0,0.0358,0.02922076530683361
20220609,349.18,1.09,-1,-1,-0.1782,-0.022634426019874795
20220610,479.62,2.0,1,0,0.287,0.0547741804850939
20220613,330.36,0.65,-1,-1,-0.2476,-0.020819364636179574
20220614,384.35,1.01,0,0,0.0123,-0.012539523477134681
20220615,456.73,1.48,0,0,0.2149,0.04432035739214899
20220616,352.16,0.52,0,-1,-0.1979,-0.016234731955888253
20220617,375.38,0.65,0,0,0.0362,-0.003126048966916189
20220620,364.11,0.5,0,0,-0.0773,-0.02166953672518714
20220621,314.43,0.07,-1,-1,-0.166,-0.05775215254389035
20220622,192.14,-0.89,-1,-1,-0.3161,-0.12233911440791775
20220623,315.11,0.15,0,0,0.1972,-0.042454335805938326
20220624,344.59,0.37,0,0,-0.0047,-0.03301575185445375
20220627,397.74,0.75,1,1,0.048,-0.012761813890840308
20220628,455.82,1.13,1,1,0.1146,0.01907863958186977
20220629,310.91,-0.11,-1,-1,-0.3223,-0.06626602031359767
20220630,370.05,0.36,0,0,0.1266,-0.018049515235198252
20220701,312.95,-0.12,0,0,-0.1344,-0.04713713642639869
20220704,329.41,0.02,0,0,0.0506,-0.022702852319799016
20220705,266.5,-0.47,-1,-1,-0.2168,-0.07122713923984926
20220706,133.81,-1.46,-1,-1,-0.3114,-0.13127035442988694
20220707,126.59,-1.38,-1,0,0.0422,-0.0879027658224152
20220708,123.33,-1.27,0,0,-0.1182,-0.0954770743668114
20220711,59.3,-1.65,-1,-1,-0.1615,-0.11198280577510855
20220712,23.41,-1.77,-1,-1,-0.1326,-0.11713710433133141
20220713,12.36,-1.69,0,0,-0.0427,-0.09852782824849857
20220714,-17.62,-1.76,-1,0,-0.0746,-0.09254587118637392
20220715,-122.77,-2.42,-1,-1,-0.2902,-0.14195940338978044
20220718,-29.13,-1.46,0,1,0.0607,-0.09129455254233533
20220719,-11.47,-1.18,0,1,-0.1739,-0.1119459144067515
20220720,41.7,-0.65,1,1,0.0068,-0.08225943580506362
20220721,-9.27,-0.99,0,0,-0.1543,-0.10026957685379771
20220722,-16.77,-0.95,0,0,-0.2011,-0.1254771826403483
20220725,-59.07,-1.19,-1,-1,-0.1675,-0.13598288698026123
20220726,-3.95,-0.65,0,1,0.0863,-0.08041216523519593
20220727,-23.6,-0.74,0,0,-0.0649,-0.07653412392639694
20220728,17.29,-0.35,1,1,0.0301,-0.04987559294479771
20220729,-95.62,-1.2,-1,-1,-0.2472,-0.09920669470859828
20220801,-81.19,-0.97,0,0,0.0438,-0.0634550210314487
20220802,-276.32,-2.4,-1,-1,-0.1766,-0.09174126577358653
20220803,-283.74,-2.23,-1,0,-0.1446,-0.1049559493301899
20220804,-199.22,-1.36,0,0,-0.0472,-0.09051696199764242
20220805,-51.42,-0.08,1,1,0.2532,-0.00458772149823182
20220808,-60.55,-0.14,0,0,-0.0557,-0.017365791123673865
20220809,-49.67,-0.04,0,0,-0.0207,-0.0181993433427554
20220810,-137.7,-0.72,-1,-1,-0.2448,-0.07484950750706655
20220811,56.94,0.86,1,1,0.311,0.021612869369700083
20220812,65.07,0.84,0,0,-0.0425,0.00558465202727506
20220815,-1.77,0.24,0,0,-0.0599,-0.010786510979543706
20220816,-50.37,-0.16,-1,-1,-0.1474,-0.04493988323465778
20220817,68.52,0.78,0,0,0.0041,-0.032679912425993336
20220818,-30.9,-0.07,0,0,-0.2146,-0.078159934319495
20220819,-62.43,-0.31,0,0,-0.1784,-0.10321995073962126
20220822,12.58,0.31,0,0,0.0646,-0.061264963054715946
20220823,-32.91,-0.08,0,0,-0.0994,-0.07079872229103695
20220824,-191.61,-1.31,-1,-1,-0.3236,-0.1339990417182777
20220825,-70.93,-0.24,0,0,0.0461,-0.08897428128870827
20220826,-76.3,-0.26,0,0,-0.1214,-0.0970807109665312
20220829,-90.52,-0.35,0,0,-0.0208,-0.0780105332248984
20220830,-88.98,-0.3,0,0,-0.0925,-0.0816328999186738
20220831,-27.58,0.21,1,1,0.0014,-0.06087467493900535
20220901,-80.39,-0.23,0,0,-0.1253,-0.07698100620425401
20220902,-113.95,-0.47,-1,-1,-0.0954,-0.08158575465319051
20220905,-83.92,-0.19,0,0,-0.061,-0.07643931598989288
20220906,27.79,0.7,1,1,0.2164,-0.003229486992419664
20220907,23.92,0.6,0,0,0.0664,0.014177884755685252
20220908,1.83,0.38,0,0,-0.0702,-0.0069165864332360605
20220909,138.12,1.4,1,1,0.2288,0.052012560175072955
20220913,144.76,1.32,1,0,-0.034,0.030509420131304716
20220914,18.42,0.21,0,-1,-0.0294,0.015532065098478537
20220915,-50.35,-0.35,-1,-1,-0.1997,-0.0382759511761411
20220916,-233.59,-1.74,-1,-1,-0.2033,-0.07953196338210583
20220919,-228.64,-1.54,0,0,-0.0382,-0.06919897253657938
20220920,-202.67,-1.19,0,0,-0.0507,-0.06457422940243453
20220921,-203.72,-1.08,0,0,-0.0065,-0.05005567205182589
20220922,-246.36,-1.31,-1,0,-0.0645,-0.05366675403886942
20220923,-240.75,-1.14,0,0,-0.0673,-0.057075065529152064
20220926,-290.97,-1.43,-1,-1,-0.0817,-0.06323129914686404
20220927,-145.91,-0.16,1,1,0.1446,-0.011273474360148028
20220928,-244.08,-0.91,0,0,-0.1906,-0.05610510577011102
20220929,-245.96,-0.84,0,0,-0.0111,-0.044853829327583264
20220930,-230.95,-0.64,0,0,-0.0352,-0.04244037199568745
20221010,-310.71,-1.2,-1,-1,-0.0802,-0.05188027899676558
20221011,-284.48,-0.88,0,0,-0.021,-0.04416020924757419
20221012,-94.02,0.69,1,1,0.0879,-0.01114515693568064
20221013,-116.2,0.45,0,0,-0.0776,-0.027758867701760483
20221014,74.17,1.89,1,1,0.1726,0.022330849223679637
20221017,101.74,1.92,1,1,-0.0135,0.013373136917759728
20221018,33.02,1.21,0,0,-0.1606,-0.030120147311680202
20221019,-88.7,0.14,-1,-1,-0.2274,-0.07944011048376015
20221020,-88.51,0.13,0,0,0.0154,-0.055730082862820114
20221021,-83.7,0.15,0,0,-0.0788,-0.06149756214711508
20221024,-241.98,-1.09,-1,-1,-0.2119,-0.09909817161033632
20221025,-227.6,-0.88,0,0,-0.0088,-0.07652362870775224
20221026,-112.98,0.1,0,0,0.126,-0.025892721530814178
20221027,-66.13,0.46,1,1,-0.0148,-0.023119541148110635
20221028,-210.39,-0.71,0,0,-0.158,-0.05683965586108298
20221031,-240.61,-0.88,-1,-1,-0.0385,-0.05225474189581224
20221101,-35.61,0.8,1,1,0.2744,0.02940894357814082
20221102,90.95,1.71,1,1,0.0896,0.044456707683605615
20221103,32.79,1.1,0,0,-0.1125,0.00521753076270421
20221104,241.19,2.62,1,1,0.392,0.10191314807202817
20221107,237.05,2.34,0,0,-0.0965,0.05230986105402113
20221108,158.82,1.5,0,0,-0.1266,0.007582395790515846
20221109,83.89,0.78,-1,-1,-0.1069,-0.021038203157113113
20221110,35.14,0.32,-1,-1,-0.1159,-0.04475365236783484
20221111,217.08,1.71,1,1,0.3104,0.04403476072412388
20221114,217.01,1.55,0,0,-0.0925,0.009901070543092909
20221115,331.51,2.29,1,1,0.2515,0.07030080290731969
20221116,256.76,1.49,0,0,-0.2339,-0.005749397819510227
20221117,231.86,1.15,0,-1,-0.0569,-0.01853704836463267
20221118,164.81,0.52,-1,-1,-0.1912,-0.0617027862734745
20221121,109.64,0.04,-1,-1,-0.1262,-0.07782708970510588
20221122,137.36,0.25,0,0,-0.1041,-0.0843953172788294
20221123,153.3,0.35,0,0,0.0447,-0.052121487959122054
20221124,101.32,-0.09,-1,-1,-0.1146,-0.06774111596934154
20221125,143.44,0.25,0,0,0.1248,-0.019605836977006158
20221128,56.44,-0.45,-1,-1,-0.0597,-0.02962937773275462
20221129,224.13,0.9,1,1,0.2518,0.04072796670043405
20221130,203.89,0.66,0,0,-0.0468,0.018845975025325534
20221201,268.22,1.1,1,0,0.0267,0.02080948126899415
20221202,158.14,0.13,-1,-1,-0.1146,-0.013042889048254389
20221205,330.63,1.47,1,1,0.3224,0.07081783321380922
20221206,342.88,1.42,0,0,0.0093,0.05543837491035691
20221207,265.62,0.68,0,0,-0.1564,0.0024787811827676823
20221208,235.68,0.38,-1,-1,-0.0986,-0.022790914112924235
20221209,263.46,0.56,0,0,0.0516,-0.004193185584693178
20221212,165.88,-0.25,-1,-1,-0.1435,-0.03901988918851988
20221213,160.6,-0.27,-1,-1,-0.0899,-0.05173991689138991
20221214,163.54,-0.22,0,0,-0.0981,-0.06332993766854243
20221215,117.24,-0.56,-1,-1,-0.0683,-0.06457245325140683
20221216,138.37,-0.34,0,0,-0.0087,-0.05060433993855512
20221219,-10.73,-1.47,-1,-1,-0.2682,-0.10500325495391634
20221220,-101.73,-2.04,-1,-1,-0.1189,-0.10847744121543726
20221221,-98.22,-1.82,0,0,-0.0964,-0.10545808091157795
20221222,-102.97,-1.68,0,0,-0.0299,-0.08656856068368346
20221223,-116.99,-1.63,-1,1,0.0132,-0.0616264205127626
20221226,-65.73,-1.08,1,1,0.1097,-0.01879481538457195
20221227,39.56,-0.15,1,1,0.102,0.011403888461571036
20221228,10.81,-0.36,0,0,-0.0488,-0.003647083653821725
20221229,-20.86,-0.58,0,0,-0.0221,-0.008260312740366295
20221230,26.51,-0.15,0,0,0.0216,-0.0007952345552747209
20230103,78.05,0.27,1,1,0.1652,0.04070357408354396
20230104,83.35,0.28,0,0,-0.112,0.002527680562657973
20230105,205.26,1.21,1,1,0.1803,0.046970760421993475
20230106,184.79,0.93,0,0,0.0419,0.045703070316495106
20230109,248.24,1.34,1,0,0.0619,0.04975230273737133
20230110,201.69,0.85,0,-1,0.0294,0.0446642270530285
20230111,141.75,0.3,-1,-1,-0.0925,0.010373170289771375
20230112,152.22,0.35,0,0,-0.0027,0.007104877717328531
20230113,252.89,1.1,1,1,0.1178,0.0347786582879964
20230116,393.79,2.1,1,1,0.3303,0.1086589937159973
20230117,353.11,1.58,0,0,0.0079,0.08346924528699798
20230118,316.59,1.14,0,0,0.0171,0.06687693396524849
20230119,355.6,1.34,0,0,0.1012,0.07545770047393636
20230120,404.51,1.59,1,0,0.0914,0.07944327535545227
20230130,331.71,0.87,0,-1,-0.217,0.005332456516589201
20230131,218.81,-0.09,-1,-1,-0.1403,-0.0310756576125581
20230201,312.52,0.65,0,0,0.0749,-0.004581743209418579
20230202,268.71,0.25,0,0,-0.1418,-0.03888630740706393
20230203,151.41,-0.69,-1,-1,-0.1879,-0.07613973055529795
20230206,55.27,-1.38,-1,-1,-0.2212,-0.11240479791647347
20230207,83.54,-1.02,0,0,-0.1109,-0.1120285984373551
20230208,33.73,-1.32,-1,0,-0.2643,-0.15009644882801632
20230209,173.32,-0.1,1,1,0.0371,-0.10329733662101223
20230210,127.81,-0.45,0,0,-0.28,-0.14747300246575917
20230213,192.24,0.1,0,0,0.0785,-0.09097975184931938
20230214,203.19,0.17,1,0,-0.1054,-0.09458481388698953
20230215,135.62,-0.37,0,0,-0.097,-0.09518861041524215
20230216,0.45,-1.39,-1,-1,-0.2135,-0.12476645781143161
20230217,-63.88,-1.76,-1,-1,-0.2801,-0.16359984335857372
20230220,144.68,0.04,1,1,0.3414,-0.03734988251893029
20230221,203.51,0.49,1,1,0.0184,-0.023412411889197716
20230222,129.62,-0.13,0,0,-0.086,-0.03905930891689829
20230223,88.1,-0.44,-1,-1,-0.1419,-0.06476948168767371
20230224,-0.03,-1.09,-1,-1,-0.159,-0.08832711126575529
20230227,-70.01,-1.53,-1,-1,-0.1637,-0.10717033344931648
20230228,40.06,-0.53,0,0,0.0856,-0.05897775008698736
20230301,199.57,0.77,1,1,0.3517,0.043691687434759485
20230302,196.43,0.67,0,0,-0.0167,0.028593765576069616
20230303,253.01,1.05,1,0,0.1916,0.0693453241820522
20230306,162.83,0.24,-1,-1,-0.0358,0.04305899313653916
20230307,23.17,-0.87,-1,-1,-0.2974,-0.04205575514759563
20230308,-17.67,-1.1,-1,-1,-0.073,-0.049791816360696725
20230309,-47.21,-1.23,0,0,-0.0467,-0.049018862270522545
20230310,-165.39,-2.03,-1,-1,-0.1873,-0.08358914670289191
20230313,-61.83,-1.03,0,0,0.1742,-0.019141860027168944
20230314,-118.06,-1.37,0,0,-0.0222,-0.019906395020376708
20230315,-75.52,-0.91,0,0,-0.0437,-0.02585479626528253
20230316,-151.27,-1.41,-1,-1,-0.1161,-0.048416097198961894
20230317,-62.82,-0.59,1,1,0.2113,0.016512927100778577
20230320,-118.85,-0.97,0,0,-0.0384,0.0027846953255839333
20230321,-55.05,-0.38,1,1,0.0152,0.00588852149418795
20230322,-13.09,-0.02,1,1,0.0517,0.017341391120640964
20230323,74.88,0.67,1,1,0.1955,0.061881043340480724
20230324,21.15,0.19,0,0,-0.1627,0.00573578250536054
20230327,-19.83,-0.15,0,-1,-0.1845,-0.0418231631209796
20230328,-40.82,-0.3,-1,-1,-0.1879,-0.0783423723407347
20230329,-44.89,-0.3,0,0,-0.1045,-0.08488177925555102
20230330,43.96,0.42,1,1,0.0825,-0.04303633444166326
20230331,46.58,0.4,0,0,0.0766,-0.013127250831247442
20230403,132.48,1.03,1,1,0.2385,0.04977956187656442
20230404,154.59,1.11,1,1,0.0255,0.043709671407423316
20230406,124.34,0.76,0,0,0.0479,0.044757253555567485
20230407,162.81,0.99,1,0,0.0533,0.04689294016667561
20230410,102.3,0.43,-1,-1,-0.1065,0.008544705125006713
20230411,105.04,0.41,0,0,-0.0202,0.001358528843755035
20230412,119.32,0.48,0,0,0.067,0.017768896632816278
20230413,79.05,0.12,-1,-1,-0.2226,-0.04232332752538779
20230414,137.84,0.57,1,1,0.1958,0.017207504355959156
20230417,277.11,1.6,1,1,0.2175,0.06728062826696937
20230418,265.04,1.35,0,0,0.0565,0.06458547120022703
20230419,137.45,0.23,-1,-1,-0.257,-0.015810896599829732
20230420,85.62,-0.2,-1,-1,0.02,-0.006858172449872298
20230421,-71.78,-1.41,-1,-1,-0.3302,-0.08769362933740422
20230424,-136.4,-1.78,-1,-1,-0.15,-0.10327022200305316
20230425,-139.05,-1.63,0,0,-0.0265,-0.08407766650228987
20230426,-124.37,-1.36,0,1,-0.0013,-0.0633832498767174
20230427,-45.97,-0.62,1,1,0.0347,-0.038862437407538045
20230428,27.47,0.01,1,1,0.089,-0.006896828055653531
20230504,73.87,0.37,1,1,-0.0653,-0.021497621041740148
20230505,28.78,-0.01,0,0,-0.1301,-0.04864821578130511
20230508,114.54,0.66,1,1,0.1386,-0.0018361618359788306
20230509,15.62,-0.18,-1,-1,-0.1613,-0.04170212137698412
20230510,-54.32,-0.71,-1,-1,-0.186,-0.0777765910327381
20230511,-67.21,-0.74,0,0,-0.1528,-0.09653244327455357
20230512,-147.0,-1.29,-1,-1,-0.2448,-0.13359933245591518
20230515,-28.71,-0.25,1,1,0.1403,-0.06512449934193638
20230516,-56.83,-0.44,0,0,-0.1203,-0.07891837450645228
20230517,-81.81,-0.59,0,0,-0.0748,-0.07788878087983922
20230518,-93.26,-0.63,-1,-1,-0.0733,-0.07674158565987942
20230519,-105.21,-0.66,-1,0,-0.1239,-0.08853118924490956
20230522,-51.27,-0.18,1,1,-0.097,-0.09064839193368217
20230523,-143.31,-0.88,-1,-1,-0.2285,-0.12511129395026163
20230524,-221.42,-1.4,-1,-1,-0.167,-0.13558347046269623
20230525,-222.93,-1.28,0,0,-0.0573,-0.11601260284702217
20230526,-197.06,-0.96,0,0,0.026,-0.08050945213526663
20230529,-217.59,-1.03,0,0,-0.0622,-0.07593208910144997
20230530,-221.7,-0.96,0,0,0.0964,-0.03284906682608747
20230531,-272.04,-1.26,-1,-1,-0.0534,-0.03798680011956561
20230601,-232.13,-0.83,0,1,0.0125,-0.025365100089674207
20230602,-94.96,0.32,1,1,0.0609,-0.0037988250672556546
20230605,-131.7,0.0,0,0,-0.1071,-0.029624118800441742
20230606,-211.39,-0.62,0,0,-0.2544,-0.08581808910033131
20230607,-240.78,-0.79,-1,-1,-0.114,-0.09286356682524849
20230608,-158.88,-0.08,0,0,0.0814,-0.04929767511893637
20230609,-87.17,0.49,1,1,0.2096,0.015426743660797722
20230612,-62.32,0.64,1,1,-0.0057,0.01014505774559829
20230613,-19.51,0.91,1,1,0.1379,0.042083793309198717
20230614,-6.17,0.93,1,1,-0.0591,0.016787844981899037
20230615,116.59,1.8,1,1,0.1251,0.04386588373642428
20230616,195.55,2.24,1,1,0.2135,0.0862744128023182
20230619,117.22,1.42,0,0,-0.0441,0.053680809601738655
20230620,48.47,0.75,-1,-1,-0.068,0.02326060720130399
20230621,-83.7,-0.36,-1,-1,-0.3356,-0.066454544599022
20230626,-169.03,-0.99,-1,-1,-0.1375,-0.0842159084492665
20230627,-64.47,-0.08,0,0,0.0312,-0.05536193133694988
20230628,-59.28,-0.03,0,0,0.0227,-0.03584644850271241
20230629,-84.16,-0.22,0,0,-0.0847,-0.04805983637703431
20230630,8.29,0.52,1,1,0.1431,-0.00026987728277572814
20230703,141.44,1.51,1,1,0.0937,0.023222592037918204
20230704,137.4,1.33,0,0,0.0246,0.023566944028438654
20230705,67.15,0.66,0,0,-0.1539,-0.02079979197867101
20230706,-16.22,-0.05,-1,-1,-0.1371,-0.049874843984003256
20230707,-20.82,-0.08,0,0,-0.0734,-0.055756132988002444
20230710,24.08,0.27,0,0,-0.002,-0.04231709974100183
20230711,98.22,0.83,1,1,0.0912,-0.008937824805751372
20230712,37.35,0.27,0,0,-0.1793,-0.05152836860431353
20230713,192.14,1.45,1,1,0.2149,0.015078723546764851
20230714,146.89,0.96,0,0,-0.0381,0.0017840426600736377
20230717,91.32,0.44,0,0,-0.1176,-0.02806196800494477
20230718,68.1,0.21,-1,-1,-0.0857,-0.042471476003708576
20230719,75.11,0.25,0,0,-0.0364,-0.04095360700278143
20230720,3.0,-0.34,-1,-1,-0.1666,-0.07236520525208608
20230721,3.82,-0.3,0,0,-0.0348,-0.06297390393906456
20230724,-31.44,-0.55,-1,-1,-0.056,-0.06123042795429842
20230725,242.63,1.64,1,1,0.3941,0.05260217903427619
20230726,219.69,1.31,0,0,-0.0639,0.023476634275707144
20230727,167.74,0.78,0,0,-0.0981,-0.006917524293219644
20230728,382.86,2.38,1,1,0.438,0.10431185678008525
20230731,368.7,2.04,0,0,0.0385,0.08785889258506394
20230801,261.2,1.01,0,0,-0.0465,0.05426916943879795
20230802,151.54,0.06,-1,-1,-0.1491,0.0034268770790984587
20230803,237.93,0.73,0,0,0.1468,0.039270157809323844
20230804,265.28,0.87,0,0,0.0315,0.03732761835699289
20230807,149.33,-0.12,-1,-1,-0.0596,0.013095713767744665
20230808,108.47,-0.42,-1,-1,-0.0927,-0.013353214674191503
20230809,58.69,-0.77,-1,-1,-0.0942,-0.03356491100564363
20230810,101.54,-0.36,0,0,0.0795,-0.00529868325423272
20230811,-75.59,-1.71,-1,-1,-0.403,-0.10472401244067454
20230814,-120.38,-1.9,-1,-1,-0.0157,-0.08246800933050591
20230815,-132.98,-1.81,0,0,-0.0879,-0.08382600699787943
20230816,-192.4,-2.1,-1,-1,-0.0914,-0.08571950524840957
20230817,-132.67,-1.44,0,1,0.0662,-0.04773962893630718
20230818,-178.36,-1.66,0,0,-0.2357,-0.09472972170223037
20230821,-253.57,-2.09,-1,0,-0.1407,-0.10622229127667278
20230822,-157.3,-1.14,0,1,0.1031,-0.05389171845750458
20230823,-239.37,-1.67,0,0,-0.1453,-0.07674378884312844
20230824,-208.74,-1.27,0,0,0.0115,-0.054682841632346324
20230825,-225.93,-1.28,0,0,-0.0449,-0.05223713122425974
20230828,-25.94,0.4,1,1,-0.1907,-0.08685284841819481
20230829,48.4,0.94,1,1,0.1628,-0.02443963631364611
20230830,38.89,0.78,0,0,-0.1419,-0.05380472723523458
20230831,-18.46,0.26,0,-1,-0.1269,-0.07207854542642594
20230901,48.66,0.75,0,0,0.0123,-0.05098390906981946
20230904,192.24,1.8,1,1,0.1553,0.0005870681976354042
20230905,85.29,0.8,0,0,-0.1407,-0.034734698851773445
20230906,35.06,0.33,0,-1,-0.0912,-0.048851024138830086
20230907,-93.67,-0.71,-1,-1,-0.2407,-0.09681326810412257
20230908,-111.68,-0.78,-1,-1,-0.0799,-0.09258495107809192
20230911,7.07,0.22,0,0,0.0798,-0.04948871330856894
20230912,2.35,0.16,0,0,-0.0543,-0.0506915349814267
20230913,-53.8,-0.29,0,0,-0.1791,-0.08279365123607002
20230914,-26.17,-0.05,0,0,-0.0037,-0.06302023842705251
20230915,-94.82,-0.58,-1,-1,-0.0856,-0.06866517882028939
20230918,-56.98,-0.23,0,0,0.0194,-0.04664888411521704
20230919,-54.11,-0.18,0,0,-0.0696,-0.05238666308641278
20230920,-92.77,-0.47,0,0,-0.0323,-0.04736499731480959
20230921,-186.86,-1.16,-1,-1,-0.1017,-0.06094874798610719
20230922,-30.15,0.18,1,1,0.363,0.045038439010419595
20230925,-75.22,-0.19,0,0,-0.123,0.003028829257814697
20230926,-142.81,-0.7,0,0,-0.062,-0.013228378056638977
20230927,-89.05,-0.22,0,0,0.0614,0.005428716457520768
20230928,-115.83,-0.4,0,0,-0.0599,-0.010903462656859424
20231009,-99.09,-0.23,0,0,0.0277,-0.0012525969926445689
20231010,-205.44,-1.04,-1,-1,-0.1875,-0.04781444774448343
20231011,-173.78,-0.7,0,0,-0.038,-0.04536083580836257
20231012,-16.13,0.6,1,1,0.0436,-0.02312062685627193
20231013,-124.26,-0.3,0,0,-0.1263,-0.048915470142203946
20231016,-215.95,-0.99,-1,-1,-0.1665,-0.07831160260665296
20231017,-126.86,-0.2,0,0,0.0216,-0.053333701954989716
20231018,-227.63,-0.97,-1,0,-0.0647,-0.056175276466242284
20231019,-378.16,-2.05,-1,-1,-0.1786,-0.0867814573496817
20231020,-412.48,-2.12,-1,0,-0.0888,-0.08728609301226128
20231023,-485.26,-2.49,-1,-1,-0.1207,-0.09563956975919596
20231024,-341.72,-1.13,1,1,0.0758,-0.05277967731939697
20231025,-256.28,-0.36,1,1,-0.0959,-0.06355975798954773
20231026,-165.48,0.39,1,1,0.0384,-0.0380698184921608
20231027,0.55,1.64,1,1,0.2026,0.0220976361308794
20231030,21.04,1.65,1,0,0.013,0.019823227098159552
20231031,-16.17,1.2,0,0,-0.142,-0.020632579676380335
20231101,-61.55,0.73,-1,-1,-0.1462,-0.05202443475728526
20231102,-111.14,0.28,-1,-1,-0.1127,-0.06719332606796394
20231103,-21.72,0.95,0,0,0.1483,-0.013319994550972956
20231106,114.49,1.92,1,1,0.1646,0.031160004086770283
20231107,59.49,1.31,0,0,-0.0278,0.016420003065077713
20231108,-2.23,0.7,0,-1,-0.1206,-0.017834997701191718
20231109,33.51,0.91,0,0,0.0081,-0.011351248275893788
20231110,-27.25,0.35,-1,-1,-0.1322,-0.041563436206920344
20231113,-30.48,0.29,0,0,-0.1078,-0.05812257715519026
20231114,-0.95,0.5,0,0,-0.0322,-0.051641932866392695
20231115,86.39,1.13,1,1,-0.0415,-0.04910644964979452
20231116,-13.91,0.24,0,0,-0.2249,-0.0930548372373459
20231117,-31.18,0.08,0,-1,-0.0975,-0.09416612792800942
20231120,2.86,0.34,0,0,-0.0811,-0.09089959594600706
20231121,38.69,0.59,1,1,-0.1355,-0.1020496969595053
20231122,-77.52,-0.38,-1,-1,-0.223,-0.13228727271962898
20231123,15.81,0.39,0,0,0.0465,-0.08759045453972174
20231124,-39.35,-0.08,0,0,-0.1855,-0.1120678409047913
20231127,-116.13,-0.67,-1,-1,-0.1331,-0.11732588067859348
20231128,-84.56,-0.36,0,0,-0.0255,-0.09436941050894511
20231129,-178.05,-1.05,-1,-1,-0.1739,-0.11425205788170884
20231130,-99.01,-0.34,0,0,0.0589,-0.07096404341128162
20231201,-116.07,-0.44,0,0,0.0344,-0.044623032558461215
20231204,-159.37,-0.73,0,0,-0.0624,-0.04906727441884591
20231205,-319.43,-1.91,-1,-1,-0.207,-0.08855045581413443
20231206,-285.31,-1.46,0,0,-0.0247,-0.07258784186060083
20231207,-262.21,-1.14,0,0,-0.0066,-0.05609088139545062
20231208,-159.69,-0.24,1,1,0.0491,-0.029793161046587965
20231211,-51.51,0.63,1,1,0.0883,-0.0002698707849409718
20231212,-30.16,0.74,1,0,-0.0504,-0.012802403088705729
20231213,-177.48,-0.48,-1,-1,-0.263,-0.0753518023165293
20231214,-236.04,-0.89,-1,-1,-0.1316,-0.08941385173739697
20231215,-282.18,-1.17,-1,0,-0.0557,-0.08098538880304773
20231218,-295.0,-1.16,-1,0,-0.0826,-0.0813890416022858
20231219,-273.92,-0.88,0,1,-0.0244,-0.06714178120171435
20231220,-345.83,-1.36,-1,-1,-0.1664,-0.09195633590128577
20231221,-205.87,-0.14,1,1,0.1445,-0.03284225192596433
20231222,-119.14,0.55,1,1,0.0306,-0.016981688944473248
20231225,-62.53,0.94,1,1,0.0698,0.0047137332916450635
20231226,-132.88,0.3,0,0,-0.1084,-0.023564700031266202
20231227,-58.35,0.85,1,0,0.0324,-0.009573525023449651
20231228,112.4,2.1,1,1,0.3894,0.09016985623241278
20231229,149.0,2.19,1,1,0.0523,0.08070239217430958
20240102,69.62,1.36,0,0,-0.1849,0.014301794130732182
20240103,59.21,1.15,-1,-1,-0.0976,-0.013673654401950865
20240104,-56.33,0.14,-1,-1,-0.2094,-0.06260524080146315
20240105,-127.84,-0.43,-1,-1,-0.1155,-0.07582893060109737
20240108,-245.74,-1.31,-1,-1,-0.099,-0.08162169795082302
20240109,-184.45,-0.71,0,0,0.0339,-0.05274127346311727
20240110,-218.83,-0.91,0,0,-0.0476,-0.051455955097337955
20240111,-142.0,-0.22,1,1,0.0958,-0.014641966323003464
20240112,-143.7,-0.21,0,0,-0.136,-0.0449814747422526
20240115,-124.84,-0.05,0,0,-0.0382,-0.04328610605668945
20240116,-30.42,0.69,1,1,0.022,-0.02696457954251709
20240117,-199.89,-0.69,-1,-1,-0.1815,-0.06559843465688782
20240118,-59.53,0.47,0,0,0.2579,0.015276174007334137
20240119,-96.72,0.13,0,0,0.0048,0.012657130505500602
20240122,-303.01,-1.49,-1,-1,0.0749,0.02821784787912545
20240123,-162.96,-0.25,0,0,0.1702,0.06371338590934408
20240124,1.83,1.05,1,1,0.0627,0.06346003943200806
20240125,235.85,2.78,1,1,0.227,0.10434502957400604
20240126,180.03,2.08,0,0,-0.0888,0.056058772180504535
20240129,105.13,1.3,0,0,-0.1422,0.006494079135378403
20240130,-79.29,-0.26,-1,-1,-0.1158,-0.024079440648466198
20240131,-167.72,-0.93,-1,-1,-0.0575,-0.032434580486349646
20240201,-146.09,-0.67,0,0,0.0956,-0.0004259353647622366
20240202,-243.85,-1.37,-1,-1,-0.1484,-0.03741945152357168
20240205,-207.1,-0.95,0,0,0.1541,0.010460411357321238
20240206,30.39,0.99,1,1,0.3478,0.09479530851799092
20240207,152.56,1.85,1,1,0.1493,0.1084214813884932
20240208,227.77,2.26,1,0,0.0244,0.0874161110413699
20240219,299.63,2.6,1,1,0.09,0.08806208328102742
20240220,297.19,2.34,0,0,0.0038,0.06699656246077057
20240221,359.43,2.6,1,0,0.1279,0.08222242184557793
20240222,429.49,2.9,1,1,0.0654,0.07801681638418345
20240223,393.1,2.34,0,0,-0.0889,0.03628761228813759
20240226,289.22,1.31,-1,-1,-0.223,-0.028534290783896805
20240227,371.32,1.82,0,0,0.1437,0.014524281912077393
20240228,197.3,0.29,-1,-1,-0.277,-0.05835678856594196
20240229,346.28,1.43,0,0,0.2711,0.02400740857554353
20240301,365.74,1.44,0,0,0.0776,0.03740555643165765
20240304,333.21,1.05,0,0,-0.1568,-0.011145832676256767
20240305,337.28,0.98,0,-1,0.0242,-0.0023093745071925756
20240306,274.64,0.4,-1,-1,-0.047,-0.013482030880394432
20240307,218.27,-0.08,-1,-1,-0.264,-0.07611152316029582
20240308,245.45,0.14,0,0,0.1316,-0.024183642370221865
20240311,290.88,0.48,1,1,0.0598,-0.0031877317776663992
20240312,300.98,0.52,1,1,-0.1693,-0.044715798833249804
20240313,222.04,-0.15,-1,-1,-0.2508,-0.09623684912493735
20240314,169.87,-0.54,-1,-1,-0.2938,-0.145627636843703
20240315,197.0,-0.28,0,0,-0.0425,-0.11984572763277726
20240318,316.51,0.68,1,1,0.1336,-0.05648429572458294
20240319,207.98,-0.23,0,0,-0.2994,-0.11721322179343721
20240320,207.96,-0.21,0,0,-0.0647,-0.10408491634507791
20240321,165.65,-0.52,-1,0,-0.2274,-0.13491368725880842
20240322,43.08,-1.43,-1,-1,-0.3026,-0.17683526544410633
20240325,0.47,-1.62,-1,-1,-0.1826,-0.17827644908307974
20240326,52.08,-1.07,0,0,-0.0805,-0.15383233681230982
20240327,-16.95,-1.5,-1,0,-0.2134,-0.16872425260923235
20240328,41.1,-0.91,0,1,0.1362,-0.09249318945692427
20240329,101.3,-0.35,1,1,-0.0013,-0.0696948920926932
20240401,225.92,0.65,1,1,0.1393,-0.017446169069519894
20240402,167.32,0.14,0,0,-0.2116,-0.06598462680213993
20240403,124.76,-0.21,0,0,-0.1527,-0.08766347010160494
20240408,33.53,-0.9,-1,-1,-0.2,-0.1157476025762037
20240409,15.15,-0.96,-1,-1,-0.0409,-0.09703570193215277
20240410,-46.75,-1.35,-1,-1,-0.2516,-0.13567677644911458
20240411,-47.03,-1.22,0,0,-0.0066,-0.10340758233683593
20240412,-111.22,-1.61,-1,-1,-0.2305,-0.13518068675262696
20240415,91.6,0.13,1,1,0.1704,-0.05878551506447022
20240416,-50.13,-0.99,0,0,-0.2722,-0.11213913629835266
20240417,134.43,0.54,1,1,0.1689,-0.0418793522237645
20240418,106.49,0.27,0,0,-0.11,-0.058909514167823376
20240419,17.85,-0.44,0,0,-0.2737,-0.11260713562586754
20240422,-25.3,-0.74,-1,-1,-0.0643,-0.10053035171940065
20240423,-118.07,-1.39,-1,-1,-0.1948,-0.1240977637895505
20240424,-72.76,-0.91,0,0,0.0279,-0.08609832284216287
20240425,-48.18,-0.63,0,0,-0.0463,-0.07614874213162215
20240426,99.44,0.58,1,1,0.39,0.04038844340128339
20240429,216.76,1.44,1,1,0.1576,0.06969133255096255
20240430,131.42,0.64,0,0,-0.1996,0.002368499413221911
20240506,258.91,1.57,1,1,-0.0362,-0.007273625440083567
20240507,240.13,1.28,0,0,-0.1233,-0.036280219080062674
20240508,135.55,0.34,0,-1,-0.2883,-0.099285164310047
20240509,241.39,1.13,0,0,0.1901,-0.026938873232535243
20240510,223.5,0.89,0,0,-0.1153,-0.049029154924401436
20240513,216.28,0.74,0,0,0.0158,-0.032821866193301075
20240514,189.34,0.46,-1,-1,-0.0847,-0.045791399644975805
20240515,93.21,-0.33,-1,-1,-0.2817,-0.10476854973373186
20240516,90.15,-0.32,0,0,-0.073,-0.0968264123002989
20240517,172.73,0.35,0,0,0.0655,-0.05624480922522417
20240520,206.76,0.58,1,1,0.0537,-0.028758606918918128
20240521,142.19,0.02,0,0,-0.1919,-0.0695439551891886
20240522,181.87,0.33,0,0,0.1051,-0.02588296639189145
20240523,38.41,-0.82,-1,-1,-0.3665,-0.11103722479391859
20240524,-36.67,-1.33,-1,-1,-0.2236,-0.13917791859543893
20240527,72.49,-0.35,0,0,0.0298,-0.0969334389465792
20240528,-4.57,-0.92,0,0,-0.1932,-0.1210000792099344
20240529,12.88,-0.69,0,0,-0.0013,-0.0910750594074508
20240530,-11.16,-0.81,0,0,-0.0575,-0.08268129455558809
20240531,-56.45,-1.09,-1,-1,-0.0921,-0.08503597091669107
20240603,-37.21,-0.84,0,0,-0.0419,-0.0742519781875183
20240604,52.84,-0.05,1,1,0.1337,-0.022263983640638724
20240605,21.42,-0.29,0,0,-0.1401,-0.05172298773047904
20240606,-30.57,-0.67,0,0,-0.097,-0.06304224079785928
20240607,-54.33,-0.79,-1,-1,-0.1321,-0.08030668059839446
20240611,-76.38,-0.89,-1,-1,0.0388,-0.05053001044879585
20240612,-51.15,-0.61,0,1,-0.0086,-0.040047507836596885
20240613,-86.02,-0.82,-1,0,-0.0812,-0.05033563087744766
20240614,-70.92,-0.63,0,0,0.0064,-0.03615172315808575
20240617,-92.76,-0.74,-1,0,-0.0295,-0.03448879236856431
20240618,-38.79,-0.25,1,1,-0.0561,-0.039891594276423234
20240619,-113.75,-0.81,-1,0,-0.2075,-0.08179369570731743
20240620,-206.89,-1.46,-1,-1,-0.2113,-0.11417027178048807
20240621,-194.2,-1.22,0,0,0.0411,-0.07535270383536605
20240624,-270.23,-1.7,-1,-1,-0.0636,-0.07241452787652454
20240625,-296.33,-1.74,-1,-1,-0.1109,-0.08203589590739341
20240626,-175.34,-0.63,1,1,0.1336,-0.028126921930545057
20240627,-248.21,-1.14,0,0,-0.0991,-0.04587019144790879
20240628,-192.75,-0.6,0,0,0.0644,-0.018302643585931595
20240701,-109.2,0.11,1,1,0.0587,0.0009480173105513023
20240702,-161.57,-0.31,0,0,-0.1732,-0.04258898701708652
20240703,-193.53,-0.53,0,0,-0.0509,-0.04466674026281489
20240704,-271.44,-1.08,-1,-1,-0.1266,-0.06515005519711117
20240705,-251.46,-0.83,0,0,0.0378,-0.03941254139783338
20240708,-319.22,-1.28,-1,-1,-0.1039,-0.055534406048375035
20240709,-177.65,-0.05,1,1,0.1687,0.0005241954637187213
20240710,-175.66,-0.03,0,0,-0.04,-0.00960685340221096
20240711,16.83,1.47,1,1,0.0994,0.01764485994834178
20240712,-10.8,1.12,0,0,-0.067,-0.003516355038743667
20240715,-4.84,1.06,0,0,-0.0267,-0.00931226627905775
20240716,90.81,1.7,1,1,0.1806,0.038165800290706695
20240717,127.17,1.82,1,1,0.0649,0.04484935021803002
20240718,174.7,2.02,1,1,0.0869,0.05536201266352252
20240719,241.47,2.35,1,1,0.2995,0.11639650949764188
20240722,155.9,1.46,0,-1,-0.0771,0.06802238212323142
20240723,11.66,0.2,-1,-1,-0.3132,-0.02728321340757643
20240724,-36.2,-0.2,-1,-1,-0.1084,-0.04756241005568232
20240725,-50.16,-0.29,0,0,0.0466,-0.02402180754176174
20240726,-2.09,0.12,0,0,0.0518,-0.005066355656321304
20240729,-40.48,-0.2,0,0,-0.1028,-0.02949976674224098
20240730,-71.61,-0.42,-1,-1,-0.0132,-0.025424825056680735
20240731,105.71,1.0,1,1,0.3837,0.07685638120748944
20240801,41.96,0.41,0,0,-0.1899,0.01016728590561708
20240802,-42.58,-0.29,0,0,-0.1559,-0.03134953557078719
20240805,-174.58,-1.29,-1,-1,-0.1334,-0.05686215167809039
20240806,-102.04,-0.6,0,0,-0.0003,-0.04272161375856779
20240807,-102.89,-0.55,0,0,-0.0394,-0.04189121031892584
20240808,-93.32,-0.42,0,0,-0.0255,-0.03779340773919438
20240809,-152.17,-0.84,-1,-1,-0.157,-0.06759505580439579
20240812,-167.04,-0.88,-1,-1,-0.0759,-0.06967129185329685
20240813,-120.53,-0.43,0,0,-0.0232,-0.058053468889972634
20240814,-193.1,-0.96,-1,0,-0.1209,-0.07376510166747947
20240815,-55.09,0.21,1,1,0.1364,-0.021223826250609604
20240816,-77.43,0.02,0,0,-0.0908,-0.038617869687957204
20240819,-54.88,0.19,0,0,-0.0099,-0.031438402265967905
20240820,-175.85,-0.77,-1,-1,-0.1614,-0.06392880169947593
20240821,-205.56,-0.93,-1,-1,-0.0143,-0.05152160127460695
20240822,-245.52,-1.15,-1,0,-0.0828,-0.059341200955955214
20240823,-180.79,-0.54,0,1,0.033,-0.03625590071696641
20240826,-150.59,-0.25,1,1,0.0016,-0.02679192553772481
20240827,-212.97,-0.71,0,0,-0.0768,-0.039293944153293604
20240828,-228.24,-0.76,-1,0,0.0279,-0.022495458114970203
20240829,-191.52,-0.41,0,0,0.0635,-0.0009965935862276537
20240830,8.57,1.19,1,1,0.1632,0.040052554810329266
20240902,-142.9,-0.1,0,0,-0.3451,-0.056235583892253055
20240903,-60.37,0.55,0,0,0.0608,-0.026976687919189793
20240904,-123.6,0.01,0,0,-0.07,-0.03773251593939235
20240905,-59.52,0.51,0,0,0.0343,-0.019724386954544263
20240906,-135.68,-0.14,-1,-1,-0.177,-0.05904329021590819
20240909,-244.04,-0.97,-1,-1,-0.1054,-0.07063246766193114
20240910,-225.32,-0.73,0,0,-0.0652,-0.06927435074644836
20240911,-199.59,-0.46,0,0,0.0423,-0.04138076305983627
20240912,-223.21,-0.6,0,0,-0.1014,-0.0563855722948772
20240913,-260.74,-0.84,-1,-1,-0.1295,-0.0746641792211579
20240918,-215.85,-0.41,0,1,0.0033,-0.05517313441586842
20240919,-65.16,0.81,1,1,0.1245,-0.01025485081190132
20240920,-53.84,0.82,1,0,0.0675,0.009183861891074011
20240923,-33.42,0.9,0,0,-0.0077,0.004962896418305508
20240924,298.43,3.4,1,1,0.6125,0.15684717231372913
20240925,459.03,4.33,1,1,0.0114,0.12048537923529684
20240926,628.52,5.24,1,1,0.7159,0.2693390344264726
20240927,714.54,5.41,1,1,0.1353,0.23582927581985447
20240930,907.34,6.4,1,1,0.4329,0.28509695686489084
20241008,842.1,5.28,0,0,-0.9639,-0.02715228235133188
20241009,473.6,1.9,-1,-1,-0.4714,-0.1382142117634989
20241010,453.22,1.56,-1,-1,-0.1413,-0.13898565882262418
20241011,299.44,0.22,-1,-1,-0.3821,-0.19976424411696814
20241014,366.49,0.72,0,0,0.0147,-0.1461481830877261
20241015,221.32,-0.48,-1,-1,-0.4162,-0.21366113731579456
20241016,173.44,-0.81,-1,-1,-0.0426,-0.17089585298684593
20241017,108.11,-1.24,-1,-1,-0.3216,-0.20857188974013444
20241018,268.77,0.13,1,1,0.6384,0.0031710826948991577
20241021,293.85,0.31,1,1,-0.1883,-0.04469668797882563
20241022,327.54,0.55,0,0,-0.0807,-0.05369751598411922
20241023,347.34,0.65,1,1,-0.1731,-0.08354813698808941
20241024,269.65,-0.02,-1,-1,-0.4345,-0.17128610274106706
20241025,293.59,0.17,0,0,0.1111,-0.1006895770558003
20241028,310.34,0.28,0,0,-0.0168,-0.07971718279185022
20241029,198.28,-0.62,-1,-1,-0.4534,-0.17313788709388767
20241030,138.55,-1.02,-1,-1,-0.1725,-0.17297841532041575
20241031,136.47,-0.94,0,0,0.035,-0.12098381149031182
20241101,126.3,-0.93,0,0,-0.204,-0.14173785861773386
20241104,198.74,-0.28,1,1,0.1152,-0.07750339396330039
20241105,423.5,1.5,1,1,0.4708,0.059572454527524715
20241106,370.13,0.94,0,0,-0.2728,-0.023520659104356467
20241107,536.61,2.15,1,1,0.48,0.10235950567173263
20241108,367.87,0.63,0,-1,-0.4885,-0.045355370746200524
20241111,345.59,0.4,0,0,0.0596,-0.019116528059650393
20241112,193.85,-0.83,-1,-1,-0.518,-0.1438373960447378
20241113,232.75,-0.44,0,0,0.0259,-0.10140304703355335
20241114,88.11,-1.53,-1,-1,-0.4472,-0.187852285275165
20241115,6.89,-2.02,-1,-1,-0.1927,-0.18906421395637377
20241118,11.95,-1.79,0,0,-0.1634,-0.18264816046728033
20241119,44.48,-1.36,0,1,-0.0798,-0.15693612035046026
20241120,64.12,-1.08,1,1,-0.0716,-0.1356020902628452
20241121,60.45,-1.0,0,0,-0.0703,-0.1192765676971339
20241122,-95.6,-2.13,-1,-1,-0.5006,-0.21460742577285044
20241125,-120.77,-2.12,-1,0,-0.0675,-0.17783056932963784
20241126,-114.47,-1.87,0,0,-0.0996,-0.1582729269972284
20241127,21.19,-0.63,1,1,0.3065,-0.042079695247921295
20241128,-48.7,-1.12,0,0,-0.2112,-0.08435977143594098
20241129,60.7,-0.16,1,1,0.2379,-0.0037948285769557333
20241202,128.07,0.38,1,1,0.0072,-0.0010461214327168
20241203,138.02,0.42,0,0,-0.1442,-0.0368345910745376
20241204,89.66,0.01,0,0,-0.2416,-0.0880259433059032
20241205,52.34,-0.29,-1,-1,-0.0675,-0.0828944574794274
20241206,179.14,0.73,1,1,0.299,0.012579156890429447
20241209,156.66,0.49,0,0,-0.1713,-0.033390632332177914
20241210,246.91,1.14,1,1,-0.107,-0.051792974249133435
20241211,256.87,1.11,1,0,0.0356,-0.029944730686850076
20241212,346.68,1.71,1,1,0.1072,0.004341451984862441
20241213,94.12,-0.43,-1,-1,-0.613,-0.14999391101135318
20241216,14.0,-1.01,-1,-1,-0.2275,-0.1693704332585149
20241217,4.53,-0.99,0,0,0.0252,-0.12072782494388618
20241218,62.87,-0.44,0,0,0.0465,-0.07892086870791463
20241219,42.19,-0.56,0,0,0.1546,-0.020540651530935983
20241220,3.74,-0.8,0,0,-0.0522,-0.028455488648201986
20241223,31.38,-0.51,0,0,-0.0851,-0.04261661648615149
20241224,186.1,0.74,1,1,0.2012,0.018337537635386383
20241225,178.19,0.61,0,0,-0.0897,-0.008671846773460213
